task_id,repo_id,path,symbol,role,token_weight,extractor_version,created_at
4206,43,apply,"apply.test:--json output schema: typed parse into ApplyOutput round-trips plan/outcomes/summary",modify,0,m2-closure-0.1,2026-06-16T19:12:05.608Z
4206,43,apply,"apply.test:--json: dry-run output parses as JSON with expected schema",modify,0,m2-closure-0.1,2026-06-16T19:12:05.609Z
4206,43,apply,"apply.test:--resume classification: 2 done + 1 retried after first apply with 1 failure",modify,0,m2-closure-0.1,2026-06-16T19:12:05.610Z
4206,43,apply,"apply.test:--resume flag: output includes resume summary (2 skipped done / 1 retried / 0 fresh)",modify,0,m2-closure-0.1,2026-06-16T19:12:05.609Z
4206,43,apply,"apply.test:--resume on fresh cache: all 3 repos classified fresh",modify,0,m2-closure-0.1,2026-06-16T19:12:05.610Z
4206,43,apply,"apply.test:S-E1 --json: empty manifest produces valid JSON nothing-to-do",modify,0,m2-closure-0.1,2026-06-16T19:12:05.607Z
4206,43,apply,"apply.test:S-E1: empty [[repos]] → nothing to do, zero audit rows",modify,0,m2-closure-0.1,2026-06-16T19:12:05.607Z
4206,43,apply,"apply.test:S-G1: branch_protection on ssh-bare → UnsupportedField warning, audit_log extension_skip, exit 0",modify,0,m2-closure-0.1,2026-06-16T19:12:05.608Z
4206,43,apply,"apply.test:S-H1: 3-repo manifest + stub REST + bare push target → all 3 succeed, 3 audit rows",modify,0,m2-closure-0.1,2026-06-16T19:12:05.607Z
4206,43,apply,"apply.test:S-H2: mixed-provider fleet apply — 2 GitHub + 2 GitLab, all 4 succeed",modify,0,m2-closure-0.1,2026-06-16T19:12:05.609Z
4206,43,apply,"apply.test:audit_log quoting safety: extension_skip repo+field with quotes and backslashes survives JSON round-trip",modify,0,m2-closure-0.1,2026-06-16T19:12:05.611Z
4206,43,apply,"apply.test:audit_log quoting safety: repo name with quotes and backslashes survives JSON round-trip",modify,0,m2-closure-0.1,2026-06-16T19:12:05.608Z
4206,43,apply,"apply.test:cross-provider isolation: gitlab 422 does not prevent github repo from succeeding",modify,0,m2-closure-0.1,2026-06-16T19:12:05.607Z
4206,43,apply,"apply.test:dispatchExtensionOps: branch_protection_set calls BranchProtectionVTable.set",modify,0,m2-closure-0.1,2026-06-16T19:12:05.608Z
4206,43,apply,"apply.test:dispatchExtensionOps: gitlab — branch_protection_set receives owner%2Fname repo_id (task 3558)",modify,0,m2-closure-0.1,2026-06-16T19:12:05.607Z
4206,43,apply,"apply.test:dry-run: prints plan, exits 0, zero API calls, zero audit rows",modify,0,m2-closure-0.1,2026-06-16T19:12:05.609Z
4206,43,apply,"apply.test:extension on github warns: capability-driven, not provider-hardcoded",modify,0,m2-closure-0.1,2026-06-16T19:12:05.608Z
4206,43,apply,"apply.test:findCompletedScaffold: true when matching row exists, false otherwise",modify,0,m2-closure-0.1,2026-06-16T19:12:05.607Z
4206,43,apply,"apply.test:idempotency: second apply skips repos with prior successful push_initial_commit",modify,0,m2-closure-0.1,2026-06-16T19:12:05.607Z
4206,43,apply,"apply.test:no-extensions ssh-bare: scaffold succeeds, zero extension_skip rows",modify,0,m2-closure-0.1,2026-06-16T19:12:05.610Z
4206,43,apply,"apply.test:op_kind: backward-compat NULL row is readable after migration 0003",modify,0,m2-closure-0.1,2026-06-16T19:12:05.609Z
4206,43,apply,"apply.test:op_kind: writeAuditLog writes and reads back op_kind correctly",modify,0,m2-closure-0.1,2026-06-16T19:12:05.610Z
4206,43,apply,"apply.test:op_kind: writeAuditLogForScaffold derives op_kind via @tagName(opKind(op))",modify,0,m2-closure-0.1,2026-06-16T19:12:05.608Z
4206,43,apply,"apply.test:per-repo best-effort: stub returns 422 → all repos fail, exit non-zero, 3 failure rows",modify,0,m2-closure-0.1,2026-06-16T19:12:05.609Z
4206,43,apply,"apply.test:per-repo isolation: 201/422/201 sequence → 2 succeeded, 1 failed, all 3 in stdout",modify,0,m2-closure-0.1,2026-06-16T19:12:05.611Z
4206,43,apply,"apply.test:scenario 386 apply arm: already-scaffolded repo with BP drift → PUT reaches production path",modify,0,m2-closure-0.1,2026-06-16T19:12:05.610Z
4206,43,apply,"apply.test:task 3269: already-scaffolded repo with default_branch drift → PATCH reaches production path",modify,0,m2-closure-0.1,2026-06-16T19:12:05.611Z
4206,43,apply,"apply.test:writeAuditLog: inserts rows with correct fields",modify,0,m2-closure-0.1,2026-06-16T19:12:05.611Z
4206,43,cache,"cache.test:0002->0003 migration: existing rows survive with NULL op_kind",modify,0,m2-closure-0.1,2026-06-16T19:12:05.611Z
4206,43,cache,"cache.test:S-E2: open fresh in-memory DB migrates to latest version, audit_log has 0 rows",modify,0,m2-closure-0.1,2026-06-16T19:12:05.609Z
4206,43,cache,"cache.test:S-G7: N->N+1 migration preserves existing audit_log rows",modify,0,m2-closure-0.1,2026-06-16T19:12:05.609Z
4206,43,cache,"cache.test:atomicity: a broken migration leaves DB at prior version",modify,0,m2-closure-0.1,2026-06-16T19:12:05.610Z
4206,43,cache,"cache.test:countObservedRepos: multi-provider counts are independent",modify,0,m2-closure-0.1,2026-06-16T19:12:05.609Z
4206,43,cache,"cache.test:fetchExtrasAndObservedAt: returns empty extras for missing row (soft-fail)",modify,0,m2-closure-0.1,2026-06-16T19:12:05.609Z
4206,43,cache,"cache.test:fetchExtrasAndObservedAt: returns extras and observed_at for existing row",modify,0,m2-closure-0.1,2026-06-16T19:12:05.610Z
4206,43,cache,"cache.test:latestSchemaVersion returns 5",modify,0,m2-closure-0.1,2026-06-16T19:12:05.607Z
4206,43,cache,"cache.test:listObservedReposWithExtras: empty table returns empty slice",modify,0,m2-closure-0.1,2026-06-16T19:12:05.608Z
4206,43,cache,"cache.test:listObservedReposWithExtras: returns rows including extras column",modify,0,m2-closure-0.1,2026-06-16T19:12:05.609Z
4206,43,cache,"cache.test:new rows after migration 0003 have op_kind populated",modify,0,m2-closure-0.1,2026-06-16T19:12:05.609Z
4206,43,cache,"cache.test:observed_settings: listObservedExtensionSettings returns empty slice when no rows",modify,0,m2-closure-0.1,2026-06-16T19:12:05.608Z
4206,43,cache,"cache.test:observed_settings: table exists and listObservedExtensionSettings returns inserted rows",modify,0,m2-closure-0.1,2026-06-16T19:12:05.610Z
4206,43,cache,"cache.test:schema version 5 on fresh cache",modify,0,m2-closure-0.1,2026-06-16T19:12:05.610Z
4206,43,cache,"cache.test:updateRepoExtras: no-op for non-existent row (0 rows affected, no error)",modify,0,m2-closure-0.1,2026-06-16T19:12:05.608Z
4206,43,cache,"cache.test:updateRepoExtras: updates the extras column for an existing row",modify,0,m2-closure-0.1,2026-06-16T19:12:05.608Z
4206,43,cache,"cache.test:upsertObservedRepo: UPSERT idempotency — second upsert updates observed_at, count stays 1",modify,0,m2-closure-0.1,2026-06-16T19:12:05.607Z
4206,43,cache,"cache.test:upsertObservedRepo: inserts a new row",modify,0,m2-closure-0.1,2026-06-16T19:12:05.611Z
4206,43,cache,"cache.test:writeAuditLog: inserts a row readable back",modify,0,m2-closure-0.1,2026-06-16T19:12:05.608Z
4206,43,cache,"cache.test:writeAuditLog: multiple rows accumulate",modify,0,m2-closure-0.1,2026-06-16T19:12:05.610Z
4206,43,doctor,"doctor.test:doctor --json output: valid JSON with required keys",modify,0,m2-closure-0.1,2026-06-16T19:12:05.607Z
4206,43,doctor,"doctor.test:doctor --json: token values not present in JSON output",modify,0,m2-closure-0.1,2026-06-16T19:12:05.608Z
4206,43,doctor,"doctor.test:doctor cache-schema check: newer cache version → fail",modify,0,m2-closure-0.1,2026-06-16T19:12:05.610Z
4206,43,doctor,"doctor.test:doctor cache-schema check: no cache → warn",modify,0,m2-closure-0.1,2026-06-16T19:12:05.610Z
4206,43,doctor,"doctor.test:doctor cache-schema check: up-to-date cache → ok",modify,0,m2-closure-0.1,2026-06-16T19:12:05.610Z
4206,43,doctor,"doctor.test:doctor human output: contains badge strings",modify,0,m2-closure-0.1,2026-06-16T19:12:05.610Z
4206,43,doctor,"doctor.test:doctor result: newer-cache fail → .some_failed",modify,0,m2-closure-0.1,2026-06-16T19:12:05.607Z
4206,43,doctor,"doctor.test:doctor result: no fails → .ok; any fail → .some_failed",modify,0,m2-closure-0.1,2026-06-16T19:12:05.608Z
4206,43,doctor,"doctor.test:doctor token check: env set → ok, env unset → warn",modify,0,m2-closure-0.1,2026-06-16T19:12:05.611Z
4206,43,doctor,"doctor.test:doctor token check: token value not emitted in check reason",modify,0,m2-closure-0.1,2026-06-16T19:12:05.609Z
4206,43,doctor,"doctor.test:doctor toolchain check: produces 3 checks, all non-empty reasons",modify,0,m2-closure-0.1,2026-06-16T19:12:05.608Z
4206,43,src/apply.zig,apply.Allocator,modify,9,m2-closure-0.1,2026-06-16T19:12:05.609Z
4206,43,src/apply.zig,apply.Allocator,reference,9,m2-closure-0.1,2026-06-16T19:12:05.611Z
4206,43,src/apply.zig,apply.ApplyArgs,modify,40,m2-closure-0.1,2026-06-16T19:12:05.608Z
4206,43,src/apply.zig,apply.ApplyArgs,reference,40,m2-closure-0.1,2026-06-16T19:12:05.607Z
4206,43,src/apply.zig,apply.ApplyOutput,modify,26,m2-closure-0.1,2026-06-16T19:12:05.607Z
4206,43,src/apply.zig,apply.ApplyOutput,reference,26,m2-closure-0.1,2026-06-16T19:12:05.608Z
4206,43,src/apply.zig,apply.ApplyOutputWithResume,modify,29,m2-closure-0.1,2026-06-16T19:12:05.607Z
4206,43,src/apply.zig,apply.ApplyOutputWithResume,reference,29,m2-closure-0.1,2026-06-16T19:12:05.611Z
4206,43,src/apply.zig,apply.ApplyResult,modify,16,m2-closure-0.1,2026-06-16T19:12:05.608Z
4206,43,src/apply.zig,apply.ApplyResult,reference,16,m2-closure-0.1,2026-06-16T19:12:05.609Z
4206,43,src/apply.zig,apply.ApplyResult.nothing_to_do,reference,16,m2-closure-0.1,2026-06-16T19:12:05.608Z
4206,43,src/apply.zig,apply.ApplyResult.ok,reference,16,m2-closure-0.1,2026-06-16T19:12:05.607Z
4206,43,src/apply.zig,apply.ApplyResult.some_failed,reference,16,m2-closure-0.1,2026-06-16T19:12:05.610Z
4206,43,src/apply.zig,apply.ApplySummary,modify,24,m2-closure-0.1,2026-06-16T19:12:05.607Z
4206,43,src/apply.zig,apply.ApplySummary,reference,24,m2-closure-0.1,2026-06-16T19:12:05.607Z
4206,43,src/apply.zig,apply.AuditDetails,modify,28,m2-closure-0.1,2026-06-16T19:12:05.611Z
4206,43,src/apply.zig,apply.AuditDetails,reference,28,m2-closure-0.1,2026-06-16T19:12:05.608Z
4206,43,src/apply.zig,apply.CollaboratorPayload,modify,20,m2-closure-0.1,2026-06-16T19:12:05.608Z
4206,43,src/apply.zig,apply.CollaboratorPayload,reference,20,m2-closure-0.1,2026-06-16T19:12:05.609Z
4206,43,src/apply.zig,apply.ExtensionSkipDetails,modify,28,m2-closure-0.1,2026-06-16T19:12:05.607Z
4206,43,src/apply.zig,apply.ExtensionSkipDetails,reference,28,m2-closure-0.1,2026-06-16T19:12:05.610Z
4206,43,src/apply.zig,apply.Io,modify,7,m2-closure-0.1,2026-06-16T19:12:05.607Z
4206,43,src/apply.zig,apply.Io,reference,7,m2-closure-0.1,2026-06-16T19:12:05.610Z
4206,43,src/apply.zig,apply.MultiSeqStubCtx,modify,57,m2-closure-0.1,2026-06-16T19:12:05.608Z
4206,43,src/apply.zig,apply.MultiSeqStubCtx,reference,57,m2-closure-0.1,2026-06-16T19:12:05.607Z
4206,43,src/apply.zig,apply.PlanEntry,modify,29,m2-closure-0.1,2026-06-16T19:12:05.607Z
4206,43,src/apply.zig,apply.PlanEntry,reference,29,m2-closure-0.1,2026-06-16T19:12:05.608Z
4206,43,src/apply.zig,apply.RepoOutcome,modify,33,m2-closure-0.1,2026-06-16T19:12:05.610Z
4206,43,src/apply.zig,apply.RepoOutcome,reference,33,m2-closure-0.1,2026-06-16T19:12:05.608Z
4206,43,src/apply.zig,apply.RepoStatus,modify,13,m2-closure-0.1,2026-06-16T19:12:05.608Z
4206,43,src/apply.zig,apply.RepoStatus,reference,13,m2-closure-0.1,2026-06-16T19:12:05.610Z
4206,43,src/apply.zig,apply.ResumeClass,modify,13,m2-closure-0.1,2026-06-16T19:12:05.607Z
4206,43,src/apply.zig,apply.ResumeClass,reference,13,m2-closure-0.1,2026-06-16T19:12:05.608Z
4206,43,src/apply.zig,apply.ResumeClass.done,reference,13,m2-closure-0.1,2026-06-16T19:12:05.608Z
4206,43,src/apply.zig,apply.ResumeClass.fresh,reference,13,m2-closure-0.1,2026-06-16T19:12:05.609Z
4206,43,src/apply.zig,apply.ResumeClass.retried,reference,13,m2-closure-0.1,2026-06-16T19:12:05.609Z
4206,43,src/apply.zig,apply.ResumeSummary,modify,20,m2-closure-0.1,2026-06-16T19:12:05.611Z
4206,43,src/apply.zig,apply.ResumeSummary,reference,20,m2-closure-0.1,2026-06-16T19:12:05.611Z
4206,43,src/apply.zig,apply.StubCtx,modify,62,m2-closure-0.1,2026-06-16T19:12:05.610Z
4206,43,src/apply.zig,apply.StubCtx,reference,62,m2-closure-0.1,2026-06-16T19:12:05.608Z
4206,43,src/apply.zig,apply.buildScaffoldExtensionAction,modify,538,m2-closure-0.1,2026-06-16T19:12:05.610Z
4206,43,src/apply.zig,apply.buildScaffoldExtensionAction,reference,538,m2-closure-0.1,2026-06-16T19:12:05.608Z
4206,43,src/apply.zig,apply.c,modify,10,m2-closure-0.1,2026-06-16T19:12:05.610Z
4206,43,src/apply.zig,apply.c,reference,10,m2-closure-0.1,2026-06-16T19:12:05.609Z
4206,43,src/apply.zig,apply.cache_mod,modify,8,m2-closure-0.1,2026-06-16T19:12:05.607Z
4206,43,src/apply.zig,apply.cache_mod,reference,8,m2-closure-0.1,2026-06-16T19:12:05.607Z
4206,43,src/apply.zig,apply.classifyForResume,modify,63,m2-closure-0.1,2026-06-16T19:12:05.609Z
4206,43,src/apply.zig,apply.classifyForResume,reference,63,m2-closure-0.1,2026-06-16T19:12:05.609Z
4206,43,src/apply.zig,apply.countAuditRows,modify,105,m2-closure-0.1,2026-06-16T19:12:05.610Z
4206,43,src/apply.zig,apply.countAuditRows,reference,105,m2-closure-0.1,2026-06-16T19:12:05.609Z
4206,43,src/apply.zig,apply.countAuditRowsByDetails,modify,256,m2-closure-0.1,2026-06-16T19:12:05.607Z
4206,43,src/apply.zig,apply.countAuditRowsByDetails,reference,256,m2-closure-0.1,2026-06-16T19:12:05.607Z
4206,43,src/apply.zig,apply.countAuditRowsByProvider,modify,291,m2-closure-0.1,2026-06-16T19:12:05.607Z
4206,43,src/apply.zig,apply.countAuditRowsByProvider,reference,291,m2-closure-0.1,2026-06-16T19:12:05.607Z
4206,43,src/apply.zig,apply.countAuditRowsWhere,modify,208,m2-closure-0.1,2026-06-16T19:12:05.611Z
4206,43,src/apply.zig,apply.countAuditRowsWhere,reference,208,m2-closure-0.1,2026-06-16T19:12:05.608Z
4206,43,src/apply.zig,apply.credentials_mod,modify,8,m2-closure-0.1,2026-06-16T19:12:05.608Z
4206,43,src/apply.zig,apply.credentials_mod,reference,8,m2-closure-0.1,2026-06-16T19:12:05.611Z
4206,43,src/apply.zig,apply.dispatchDriftExtensionsForRepo,modify,1093,m2-closure-0.1,2026-06-16T19:12:05.609Z
4206,43,src/apply.zig,apply.dispatchDriftExtensionsForRepo,reference,1093,m2-closure-0.1,2026-06-16T19:12:05.607Z
4206,43,src/apply.zig,apply.dispatchDriftKernelForRepo,modify,1305,m2-closure-0.1,2026-06-16T19:12:05.611Z
4206,43,src/apply.zig,apply.dispatchDriftKernelForRepo,reference,1305,m2-closure-0.1,2026-06-16T19:12:05.608Z
4206,43,src/apply.zig,apply.dispatchExtensionOps,modify,1407,m2-closure-0.1,2026-06-16T19:12:05.609Z
4206,43,src/apply.zig,apply.dispatchExtensionOps,reference,1407,m2-closure-0.1,2026-06-16T19:12:05.608Z
4206,43,src/apply.zig,apply.emitExtensionWarnings,modify,288,m2-closure-0.1,2026-06-16T19:12:05.609Z
4206,43,src/apply.zig,apply.emitExtensionWarnings,reference,288,m2-closure-0.1,2026-06-16T19:12:05.607Z
4206,43,src/apply.zig,apply.executeDryRun,modify,251,m2-closure-0.1,2026-06-16T19:12:05.609Z
4206,43,src/apply.zig,apply.executeDryRun,reference,251,m2-closure-0.1,2026-06-16T19:12:05.610Z
4206,43,src/apply.zig,apply.executeLive,modify,1531,m2-closure-0.1,2026-06-16T19:12:05.611Z
4206,43,src/apply.zig,apply.executeLive,reference,1531,m2-closure-0.1,2026-06-16T19:12:05.607Z
4206,43,src/apply.zig,apply.findAnyScaffoldAttempt,modify,270,m2-closure-0.1,2026-06-16T19:12:05.608Z
4206,43,src/apply.zig,apply.findAnyScaffoldAttempt,reference,270,m2-closure-0.1,2026-06-16T19:12:05.609Z
4206,43,src/apply.zig,apply.findCompletedScaffold,modify,271,m2-closure-0.1,2026-06-16T19:12:05.610Z
4206,43,src/apply.zig,apply.findCompletedScaffold,reference,271,m2-closure-0.1,2026-06-16T19:12:05.607Z
4206,43,src/apply.zig,apply.github_provider_mod,modify,8,m2-closure-0.1,2026-06-16T19:12:05.609Z
4206,43,src/apply.zig,apply.github_provider_mod,reference,8,m2-closure-0.1,2026-06-16T19:12:05.609Z
4206,43,src/apply.zig,apply.gitlab_mod,modify,8,m2-closure-0.1,2026-06-16T19:12:05.610Z
4206,43,src/apply.zig,apply.gitlab_mod,reference,8,m2-closure-0.1,2026-06-16T19:12:05.609Z
4206,43,src/apply.zig,apply.gitlab_provider_mod,modify,8,m2-closure-0.1,2026-06-16T19:12:05.608Z
4206,43,src/apply.zig,apply.gitlab_provider_mod,reference,8,m2-closure-0.1,2026-06-16T19:12:05.610Z
4206,43,src/apply.zig,apply.log,modify,8,m2-closure-0.1,2026-06-16T19:12:05.610Z
4206,43,src/apply.zig,apply.log,reference,8,m2-closure-0.1,2026-06-16T19:12:05.607Z
4206,43,src/apply.zig,apply.makeBareRepo,modify,256,m2-closure-0.1,2026-06-16T19:12:05.607Z
4206,43,src/apply.zig,apply.makeTempDir,modify,170,m2-closure-0.1,2026-06-16T19:12:05.607Z
4206,43,src/apply.zig,apply.makeTempDir,reference,170,m2-closure-0.1,2026-06-16T19:12:05.607Z
4206,43,src/apply.zig,apply.makeTestManifestSource,modify,148,m2-closure-0.1,2026-06-16T19:12:05.611Z
4206,43,src/apply.zig,apply.makeTestManifestSource,reference,148,m2-closure-0.1,2026-06-16T19:12:05.611Z
4206,43,src/apply.zig,apply.makeTestManifestSourceWithDefaultBranch,modify,124,m2-closure-0.1,2026-06-16T19:12:05.609Z
4206,43,src/apply.zig,apply.makeTestManifestSourceWithDefaultBranch,reference,124,m2-closure-0.1,2026-06-16T19:12:05.608Z
4206,43,src/apply.zig,apply.makeTestManifestSourceWithExtension,modify,115,m2-closure-0.1,2026-06-16T19:12:05.609Z
4206,43,src/apply.zig,apply.makeTestManifestSourceWithExtension,reference,115,m2-closure-0.1,2026-06-16T19:12:05.608Z
4206,43,src/apply.zig,apply.manifest_mod,modify,8,m2-closure-0.1,2026-06-16T19:12:05.610Z
4206,43,src/apply.zig,apply.manifest_mod,reference,8,m2-closure-0.1,2026-06-16T19:12:05.608Z
4206,43,src/apply.zig,apply.mkdir,modify,21,m2-closure-0.1,2026-06-16T19:12:05.609Z
4206,43,src/apply.zig,apply.mkdir,reference,21,m2-closure-0.1,2026-06-16T19:12:05.607Z
4206,43,src/apply.zig,apply.multiSeqServer,modify,475,m2-closure-0.1,2026-06-16T19:12:05.608Z
4206,43,src/apply.zig,apply.multiSeqServer,reference,475,m2-closure-0.1,2026-06-16T19:12:05.611Z
4206,43,src/apply.zig,apply.multiShotServer,modify,485,m2-closure-0.1,2026-06-16T19:12:05.611Z
4206,43,src/apply.zig,apply.multiShotServer,reference,485,m2-closure-0.1,2026-06-16T19:12:05.608Z
4206,43,src/apply.zig,apply.output_mod,modify,8,m2-closure-0.1,2026-06-16T19:12:05.609Z
4206,43,src/apply.zig,apply.output_mod,reference,8,m2-closure-0.1,2026-06-16T19:12:05.610Z
4206,43,src/apply.zig,apply.parseBranchProtectionPayload,modify,126,m2-closure-0.1,2026-06-16T19:12:05.609Z
4206,43,src/apply.zig,apply.parseBranchProtectionPayload,reference,126,m2-closure-0.1,2026-06-16T19:12:05.608Z
4206,43,src/apply.zig,apply.parseCollaboratorPayload,modify,226,m2-closure-0.1,2026-06-16T19:12:05.607Z
4206,43,src/apply.zig,apply.parseCollaboratorPayload,reference,226,m2-closure-0.1,2026-06-16T19:12:05.608Z
4206,43,src/apply.zig,apply.planner_mod,modify,8,m2-closure-0.1,2026-06-16T19:12:05.610Z
4206,43,src/apply.zig,apply.planner_mod,reference,8,m2-closure-0.1,2026-06-16T19:12:05.609Z
4206,43,src/apply.zig,apply.printApplyJson,modify,72,m2-closure-0.1,2026-06-16T19:12:05.610Z
4206,43,src/apply.zig,apply.printApplyJson,reference,72,m2-closure-0.1,2026-06-16T19:12:05.609Z
4206,43,src/apply.zig,apply.printApplyJsonWithResume,modify,82,m2-closure-0.1,2026-06-16T19:12:05.609Z
4206,43,src/apply.zig,apply.printApplyJsonWithResume,reference,82,m2-closure-0.1,2026-06-16T19:12:05.609Z
4206,43,src/apply.zig,apply.provider_mod,modify,8,m2-closure-0.1,2026-06-16T19:12:05.608Z
4206,43,src/apply.zig,apply.provider_mod,reference,8,m2-closure-0.1,2026-06-16T19:12:05.610Z
4206,43,src/apply.zig,apply.readOpKind,modify,261,m2-closure-0.1,2026-06-16T19:12:05.608Z
4206,43,src/apply.zig,apply.readOpKind,reference,261,m2-closure-0.1,2026-06-16T19:12:05.610Z
4206,43,src/apply.zig,apply.runApply,modify,226,m2-closure-0.1,2026-06-16T19:12:05.608Z
4206,43,src/apply.zig,apply.runApplyWithCache,modify,497,m2-closure-0.1,2026-06-16T19:12:05.608Z
4206,43,src/apply.zig,apply.runApplyWithCache,reference,497,m2-closure-0.1,2026-06-16T19:12:05.607Z
4206,43,src/apply.zig,apply.scaffoldOneRepo,modify,2441,m2-closure-0.1,2026-06-16T19:12:05.610Z
4206,43,src/apply.zig,apply.scaffoldOneRepo,reference,2441,m2-closure-0.1,2026-06-16T19:12:05.611Z
4206,43,src/apply.zig,apply.scaffoldSshBareRepo,modify,1400,m2-closure-0.1,2026-06-16T19:12:05.607Z
4206,43,src/apply.zig,apply.scaffoldSshBareRepo,reference,1400,m2-closure-0.1,2026-06-16T19:12:05.609Z
4206,43,src/apply.zig,apply.setenv,modify,31,m2-closure-0.1,2026-06-16T19:12:05.610Z
4206,43,src/apply.zig,apply.setenv,reference,31,m2-closure-0.1,2026-06-16T19:12:05.610Z
4206,43,src/apply.zig,apply.sshbare_provider_mod,modify,8,m2-closure-0.1,2026-06-16T19:12:05.608Z
4206,43,src/apply.zig,apply.sshbare_provider_mod,reference,8,m2-closure-0.1,2026-06-16T19:12:05.609Z
4206,43,src/apply.zig,apply.std,modify,8,m2-closure-0.1,2026-06-16T19:12:05.607Z
4206,43,src/apply.zig,apply.std,reference,8,m2-closure-0.1,2026-06-16T19:12:05.611Z
4206,43,src/apply.zig,apply.stubSleepNs,modify,89,m2-closure-0.1,2026-06-16T19:12:05.609Z
4206,43,src/apply.zig,apply.stubSleepNs,reference,89,m2-closure-0.1,2026-06-16T19:12:05.608Z
4206,43,src/apply.zig,apply.template_mod,modify,8,m2-closure-0.1,2026-06-16T19:12:05.608Z
4206,43,src/apply.zig,apply.template_mod,reference,8,m2-closure-0.1,2026-06-16T19:12:05.609Z
4206,43,src/apply.zig,apply.unsetenv,modify,17,m2-closure-0.1,2026-06-16T19:12:05.609Z
4206,43,src/apply.zig,apply.unsetenv,reference,17,m2-closure-0.1,2026-06-16T19:12:05.610Z
4206,43,src/apply.zig,apply.validate_mod,modify,8,m2-closure-0.1,2026-06-16T19:12:05.608Z
4206,43,src/apply.zig,apply.validate_mod,reference,8,m2-closure-0.1,2026-06-16T19:12:05.608Z
4206,43,src/apply.zig,apply.writeAuditLog,modify,290,m2-closure-0.1,2026-06-16T19:12:05.609Z
4206,43,src/apply.zig,apply.writeAuditLog,reference,290,m2-closure-0.1,2026-06-16T19:12:05.611Z
4206,43,src/apply.zig,apply.writeAuditLogForScaffold,modify,139,m2-closure-0.1,2026-06-16T19:12:05.609Z
4206,43,src/apply.zig,apply.writeAuditLogForScaffold,reference,139,m2-closure-0.1,2026-06-16T19:12:05.608Z
4206,43,src/apply.zig,apply.writeAuditLogForScaffoldApply,modify,111,m2-closure-0.1,2026-06-16T19:12:05.610Z
4206,43,src/apply.zig,apply.writeAuditLogForScaffoldApply,reference,111,m2-closure-0.1,2026-06-16T19:12:05.609Z
4206,43,src/apply.zig,apply.writeExtensionAuditLog,modify,118,m2-closure-0.1,2026-06-16T19:12:05.609Z
4206,43,src/apply.zig,apply.writeExtensionAuditLog,reference,118,m2-closure-0.1,2026-06-16T19:12:05.609Z
4206,43,src/apply.zig,apply.writeManifestToTmpDir,modify,127,m2-closure-0.1,2026-06-16T19:12:05.607Z
4206,43,src/apply.zig,apply.writeManifestToTmpDir,reference,127,m2-closure-0.1,2026-06-16T19:12:05.610Z
4206,43,src/cache.zig,cache.Cache,modify,4255,m2-closure-0.1,2026-06-16T19:12:05.609Z
4206,43,src/cache.zig,cache.Cache,reference,4255,m2-closure-0.1,2026-06-16T19:12:05.609Z
4206,43,src/cache.zig,cache.Cache.ObservedRepo,reference,4255,m2-closure-0.1,2026-06-16T19:12:05.607Z
4206,43,src/cache.zig,cache.Cache.applyMigration,reference,4255,m2-closure-0.1,2026-06-16T19:12:05.609Z
4206,43,src/cache.zig,cache.Cache.applyMigration,transitive,4255,m2-closure-0.1,2026-06-16T19:12:05.607Z
4206,43,src/cache.zig,cache.Cache.db,reference,4255,m2-closure-0.1,2026-06-16T19:12:05.608Z
4206,43,src/cache.zig,cache.Cache.db,transitive,4255,m2-closure-0.1,2026-06-16T19:12:05.607Z
4206,43,src/cache.zig,cache.Cache.open,reference,4255,m2-closure-0.1,2026-06-16T19:12:05.607Z
4206,43,src/cache.zig,cache.Cache.runMigrations,reference,4255,m2-closure-0.1,2026-06-16T19:12:05.610Z
4206,43,src/cache.zig,cache.Cache.runMigrations,transitive,4255,m2-closure-0.1,2026-06-16T19:12:05.608Z
4206,43,src/cache.zig,cache.Cache.schemaVersion,reference,4255,m2-closure-0.1,2026-06-16T19:12:05.608Z
4206,43,src/cache.zig,cache.Cache.schemaVersion,transitive,4255,m2-closure-0.1,2026-06-16T19:12:05.611Z
4206,43,src/cache.zig,cache.CacheError,modify,26,m2-closure-0.1,2026-06-16T19:12:05.607Z
4206,43,src/cache.zig,cache.CacheError,reference,26,m2-closure-0.1,2026-06-16T19:12:05.610Z
4206,43,src/cache.zig,cache.CacheError,transitive,26,m2-closure-0.1,2026-06-16T19:12:05.607Z
4206,43,src/cache.zig,cache.Migration,modify,18,m2-closure-0.1,2026-06-16T19:12:05.610Z
4206,43,src/cache.zig,cache.Migration,reference,18,m2-closure-0.1,2026-06-16T19:12:05.610Z
4206,43,src/cache.zig,cache.Migration,transitive,18,m2-closure-0.1,2026-06-16T19:12:05.607Z
4206,43,src/cache.zig,cache.c,modify,10,m2-closure-0.1,2026-06-16T19:12:05.610Z
4206,43,src/cache.zig,cache.c,reference,10,m2-closure-0.1,2026-06-16T19:12:05.611Z
4206,43,src/cache.zig,cache.c,transitive,10,m2-closure-0.1,2026-06-16T19:12:05.608Z
4206,43,src/cache.zig,cache.latestSchemaVersion,modify,13,m2-closure-0.1,2026-06-16T19:12:05.608Z
4206,43,src/cache.zig,cache.latestSchemaVersion,reference,13,m2-closure-0.1,2026-06-16T19:12:05.609Z
4206,43,src/cache.zig,cache.migrations,modify,101,m2-closure-0.1,2026-06-16T19:12:05.609Z
4206,43,src/cache.zig,cache.migrations,reference,101,m2-closure-0.1,2026-06-16T19:12:05.610Z
4206,43,src/cache.zig,cache.migrations,transitive,101,m2-closure-0.1,2026-06-16T19:12:05.609Z
4206,43,src/cache.zig,cache.openEmptyDb,modify,77,m2-closure-0.1,2026-06-16T19:12:05.607Z
4206,43,src/cache.zig,cache.openEmptyDb,reference,77,m2-closure-0.1,2026-06-16T19:12:05.610Z
4206,43,src/cache.zig,cache.sqliteVersion,modify,27,m2-closure-0.1,2026-06-16T19:12:05.608Z
4206,43,src/cache.zig,cache.sqliteVersion,reference,27,m2-closure-0.1,2026-06-16T19:12:05.611Z
4206,43,src/cache.zig,cache.std,modify,8,m2-closure-0.1,2026-06-16T19:12:05.608Z
4206,43,src/cache.zig,cache.std,reference,8,m2-closure-0.1,2026-06-16T19:12:05.609Z
4206,43,src/cache.zig,cache.std,transitive,8,m2-closure-0.1,2026-06-16T19:12:05.607Z
4206,43,src/cache.zig,cache.translateRc,modify,80,m2-closure-0.1,2026-06-16T19:12:05.607Z
4206,43,src/cache.zig,cache.translateRc,reference,80,m2-closure-0.1,2026-06-16T19:12:05.608Z
4206,43,src/cache.zig,cache.translateRc,transitive,80,m2-closure-0.1,2026-06-16T19:12:05.608Z
4206,43,src/credentials.zig,credentials.Allocator,transitive,9,m2-closure-0.1,2026-06-16T19:12:05.610Z
4206,43,src/credentials.zig,credentials.CredentialError,transitive,17,m2-closure-0.1,2026-06-16T19:12:05.609Z
4206,43,src/credentials.zig,credentials.CredentialResolver,reference,1012,m2-closure-0.1,2026-06-16T19:12:05.607Z
4206,43,src/credentials.zig,credentials.CredentialResolver.allocator,transitive,1012,m2-closure-0.1,2026-06-16T19:12:05.609Z
4206,43,src/credentials.zig,credentials.GitLabResolverOpts,transitive,19,m2-closure-0.1,2026-06-16T19:12:05.607Z
4206,43,src/credentials.zig,credentials.Io,transitive,7,m2-closure-0.1,2026-06-16T19:12:05.609Z
4206,43,src/credentials.zig,credentials.ResolutionAttempt,transitive,40,m2-closure-0.1,2026-06-16T19:12:05.609Z
4206,43,src/credentials.zig,credentials.ResolvedToken,transitive,31,m2-closure-0.1,2026-06-16T19:12:05.608Z
4206,43,src/credentials.zig,credentials.ResolverOpts,transitive,44,m2-closure-0.1,2026-06-16T19:12:05.608Z
4206,43,src/credentials.zig,credentials.log,transitive,8,m2-closure-0.1,2026-06-16T19:12:05.611Z
4206,43,src/credentials.zig,credentials.resolveGitLab,reference,358,m2-closure-0.1,2026-06-16T19:12:05.610Z
4206,43,src/credentials.zig,credentials.std,transitive,8,m2-closure-0.1,2026-06-16T19:12:05.607Z
4206,43,src/doctor.zig,doctor.Allocator,modify,9,m2-closure-0.1,2026-06-16T19:12:05.610Z
4206,43,src/doctor.zig,doctor.Allocator,reference,9,m2-closure-0.1,2026-06-16T19:12:05.607Z
4206,43,src/doctor.zig,doctor.CheckResult,modify,26,m2-closure-0.1,2026-06-16T19:12:05.608Z
4206,43,src/doctor.zig,doctor.CheckResult,reference,26,m2-closure-0.1,2026-06-16T19:12:05.609Z
4206,43,src/doctor.zig,doctor.CheckStatus,modify,14,m2-closure-0.1,2026-06-16T19:12:05.607Z
4206,43,src/doctor.zig,doctor.CheckStatus,reference,14,m2-closure-0.1,2026-06-16T19:12:05.607Z
4206,43,src/doctor.zig,doctor.CheckStatus.fail,reference,14,m2-closure-0.1,2026-06-16T19:12:05.610Z
4206,43,src/doctor.zig,doctor.CheckStatus.ok,reference,14,m2-closure-0.1,2026-06-16T19:12:05.608Z
4206,43,src/doctor.zig,doctor.CheckStatus.warn,reference,14,m2-closure-0.1,2026-06-16T19:12:05.609Z
4206,43,src/doctor.zig,doctor.DoctorArgs,modify,23,m2-closure-0.1,2026-06-16T19:12:05.611Z
4206,43,src/doctor.zig,doctor.DoctorArgs,reference,23,m2-closure-0.1,2026-06-16T19:12:05.607Z
4206,43,src/doctor.zig,doctor.DoctorOutput,modify,27,m2-closure-0.1,2026-06-16T19:12:05.610Z
4206,43,src/doctor.zig,doctor.DoctorOutput,reference,27,m2-closure-0.1,2026-06-16T19:12:05.610Z
4206,43,src/doctor.zig,doctor.DoctorResult,modify,12,m2-closure-0.1,2026-06-16T19:12:05.611Z
4206,43,src/doctor.zig,doctor.DoctorResult,reference,12,m2-closure-0.1,2026-06-16T19:12:05.609Z
4206,43,src/doctor.zig,doctor.DoctorResult.ok,reference,12,m2-closure-0.1,2026-06-16T19:12:05.608Z
4206,43,src/doctor.zig,doctor.DoctorResult.some_failed,reference,12,m2-closure-0.1,2026-06-16T19:12:05.607Z
4206,43,src/doctor.zig,doctor.Io,modify,7,m2-closure-0.1,2026-06-16T19:12:05.610Z
4206,43,src/doctor.zig,doctor.Io,reference,7,m2-closure-0.1,2026-06-16T19:12:05.609Z
4206,43,src/doctor.zig,doctor.LATEST_SCHEMA_VERSION,modify,14,m2-closure-0.1,2026-06-16T19:12:05.609Z
4206,43,src/doctor.zig,doctor.LATEST_SCHEMA_VERSION,reference,14,m2-closure-0.1,2026-06-16T19:12:05.609Z
4206,43,src/doctor.zig,doctor.c,modify,10,m2-closure-0.1,2026-06-16T19:12:05.607Z
4206,43,src/doctor.zig,doctor.c,reference,10,m2-closure-0.1,2026-06-16T19:12:05.608Z
4206,43,src/doctor.zig,doctor.cache_mod,modify,8,m2-closure-0.1,2026-06-16T19:12:05.609Z
4206,43,src/doctor.zig,doctor.cache_mod,reference,8,m2-closure-0.1,2026-06-16T19:12:05.611Z
4206,43,src/doctor.zig,doctor.credentials_mod,modify,8,m2-closure-0.1,2026-06-16T19:12:05.608Z
4206,43,src/doctor.zig,doctor.credentials_mod,reference,8,m2-closure-0.1,2026-06-16T19:12:05.610Z
4206,43,src/doctor.zig,doctor.http_mod,modify,8,m2-closure-0.1,2026-06-16T19:12:05.610Z
4206,43,src/doctor.zig,doctor.http_mod,reference,8,m2-closure-0.1,2026-06-16T19:12:05.610Z
4206,43,src/doctor.zig,doctor.log,modify,8,m2-closure-0.1,2026-06-16T19:12:05.607Z
4206,43,src/doctor.zig,doctor.log,reference,8,m2-closure-0.1,2026-06-16T19:12:05.609Z
4206,43,src/doctor.zig,doctor.manifest_mod,modify,8,m2-closure-0.1,2026-06-16T19:12:05.608Z
4206,43,src/doctor.zig,doctor.manifest_mod,reference,8,m2-closure-0.1,2026-06-16T19:12:05.611Z
4206,43,src/doctor.zig,doctor.output_mod,modify,8,m2-closure-0.1,2026-06-16T19:12:05.607Z
4206,43,src/doctor.zig,doctor.output_mod,reference,8,m2-closure-0.1,2026-06-16T19:12:05.611Z
4206,43,src/doctor.zig,doctor.runCacheSchemaCheck,modify,292,m2-closure-0.1,2026-06-16T19:12:05.608Z
4206,43,src/doctor.zig,doctor.runCacheSchemaCheck,reference,292,m2-closure-0.1,2026-06-16T19:12:05.609Z
4206,43,src/doctor.zig,doctor.runDoctor,modify,164,m2-closure-0.1,2026-06-16T19:12:05.607Z
4206,43,src/doctor.zig,doctor.runDoctorWithCache,modify,465,m2-closure-0.1,2026-06-16T19:12:05.610Z
4206,43,src/doctor.zig,doctor.runDoctorWithCache,reference,465,m2-closure-0.1,2026-06-16T19:12:05.610Z
4206,43,src/doctor.zig,doctor.runReachabilityChecks,modify,930,m2-closure-0.1,2026-06-16T19:12:05.607Z
4206,43,src/doctor.zig,doctor.runReachabilityChecks,reference,930,m2-closure-0.1,2026-06-16T19:12:05.608Z
4206,43,src/doctor.zig,doctor.runTokenChecks,modify,684,m2-closure-0.1,2026-06-16T19:12:05.609Z
4206,43,src/doctor.zig,doctor.runTokenChecks,reference,684,m2-closure-0.1,2026-06-16T19:12:05.610Z
4206,43,src/doctor.zig,doctor.runToolchainCheck,modify,230,m2-closure-0.1,2026-06-16T19:12:05.609Z
4206,43,src/doctor.zig,doctor.runToolchainCheck,reference,230,m2-closure-0.1,2026-06-16T19:12:05.609Z
4206,43,src/doctor.zig,doctor.setenv,modify,31,m2-closure-0.1,2026-06-16T19:12:05.610Z
4206,43,src/doctor.zig,doctor.setenv,reference,31,m2-closure-0.1,2026-06-16T19:12:05.609Z
4206,43,src/doctor.zig,doctor.std,modify,8,m2-closure-0.1,2026-06-16T19:12:05.607Z
4206,43,src/doctor.zig,doctor.std,reference,8,m2-closure-0.1,2026-06-16T19:12:05.611Z
4206,43,src/doctor.zig,doctor.testing,modify,7,m2-closure-0.1,2026-06-16T19:12:05.610Z
4206,43,src/doctor.zig,doctor.testing,reference,7,m2-closure-0.1,2026-06-16T19:12:05.610Z
4206,43,src/doctor.zig,doctor.unsetenv,modify,17,m2-closure-0.1,2026-06-16T19:12:05.610Z
4206,43,src/doctor.zig,doctor.unsetenv,reference,17,m2-closure-0.1,2026-06-16T19:12:05.608Z
4206,43,src/github/provider.zig,provider.GitHubProvider,reference,2702,m2-closure-0.1,2026-06-16T19:12:05.610Z
4206,43,src/github/provider.zig,provider.OrgOrUser,reference,25,m2-closure-0.1,2026-06-16T19:12:05.610Z
4206,43,src/gitlab.zig,gitlab.Allocator,transitive,9,m2-closure-0.1,2026-06-16T19:12:05.610Z
4206,43,src/gitlab.zig,gitlab.Client,transitive,1702,m2-closure-0.1,2026-06-16T19:12:05.607Z
4206,43,src/gitlab.zig,gitlab.encodeProjectPath,reference,49,m2-closure-0.1,2026-06-16T19:12:05.611Z
4206,43,src/gitlab.zig,gitlab.std,transitive,8,m2-closure-0.1,2026-06-16T19:12:05.608Z
4206,43,src/gitlab/extensions.zig,extensions.GitLabExtContext,transitive,25,m2-closure-0.1,2026-06-16T19:12:05.610Z
4206,43,src/gitlab/extensions.zig,extensions.gitlab_branch_protection_vtable,transitive,20,m2-closure-0.1,2026-06-16T19:12:05.610Z
4206,43,src/gitlab/extensions.zig,extensions.gitlab_ci_vtable,transitive,20,m2-closure-0.1,2026-06-16T19:12:05.607Z
4206,43,src/gitlab/extensions.zig,extensions.gitlab_collaborator_vtable,transitive,25,m2-closure-0.1,2026-06-16T19:12:05.609Z
4206,43,src/gitlab/extensions.zig,extensions.gitlab_webhook_vtable,transitive,30,m2-closure-0.1,2026-06-16T19:12:05.610Z
4206,43,src/gitlab/provider.zig,provider.Allocator,transitive,9,m2-closure-0.1,2026-06-16T19:12:05.610Z
4206,43,src/gitlab/provider.zig,provider.CapabilityMatrix,reference,7,m2-closure-0.1,2026-06-16T19:12:05.608Z
4206,43,src/gitlab/provider.zig,provider.GitLabProvider,reference,2749,m2-closure-0.1,2026-06-16T19:12:05.607Z
4206,43,src/gitlab/provider.zig,provider.GitLabProvider.allocator,transitive,2749,m2-closure-0.1,2026-06-16T19:12:05.611Z
4206,43,src/gitlab/provider.zig,provider.GitLabProvider.ext_ctx,transitive,2749,m2-closure-0.1,2026-06-16T19:12:05.607Z
4206,43,src/gitlab/provider.zig,provider.GitLabProvider.gl_client,transitive,2749,m2-closure-0.1,2026-06-16T19:12:05.610Z
4206,43,src/gitlab/provider.zig,provider.GitLabProvider.group_or_user,transitive,2749,m2-closure-0.1,2026-06-16T19:12:05.608Z
4206,43,src/gitlab/provider.zig,provider.GitLabProvider.http_client,transitive,2749,m2-closure-0.1,2026-06-16T19:12:05.609Z
4206,43,src/gitlab/provider.zig,provider.GitLabProvider.pending_branch,transitive,2749,m2-closure-0.1,2026-06-16T19:12:05.609Z
4206,43,src/gitlab/provider.zig,provider.GitLabProvider.pending_create_spec,transitive,2749,m2-closure-0.1,2026-06-16T19:12:05.609Z
4206,43,src/gitlab/provider.zig,provider.GitLabProvider.pending_project_id,transitive,2749,m2-closure-0.1,2026-06-16T19:12:05.609Z
4206,43,src/gitlab/provider.zig,provider.GitLabProvider.token,transitive,2749,m2-closure-0.1,2026-06-16T19:12:05.609Z
4206,43,src/gitlab/provider.zig,provider.GitLabProviderOpts,transitive,36,m2-closure-0.1,2026-06-16T19:12:05.608Z
4206,43,src/gitlab/provider.zig,provider.GroupOrUser,reference,25,m2-closure-0.1,2026-06-16T19:12:05.610Z
4206,43,src/gitlab/provider.zig,provider.OpKind,transitive,7,m2-closure-0.1,2026-06-16T19:12:05.607Z
4206,43,src/gitlab/provider.zig,provider.OpKinds,transitive,7,m2-closure-0.1,2026-06-16T19:12:05.611Z
4206,43,src/gitlab/provider.zig,provider.OpOutcome,reference,7,m2-closure-0.1,2026-06-16T19:12:05.609Z
4206,43,src/gitlab/provider.zig,provider.Provider,reference,7,m2-closure-0.1,2026-06-16T19:12:05.609Z
4206,43,src/gitlab/provider.zig,provider.VTable,reference,7,m2-closure-0.1,2026-06-16T19:12:05.607Z
4206,43,src/gitlab/provider.zig,provider.c,transitive,10,m2-closure-0.1,2026-06-16T19:12:05.608Z
4206,43,src/gitlab/provider.zig,provider.credentials,transitive,8,m2-closure-0.1,2026-06-16T19:12:05.608Z
4206,43,src/gitlab/provider.zig,provider.extensions,transitive,8,m2-closure-0.1,2026-06-16T19:12:05.610Z
4206,43,src/gitlab/provider.zig,provider.gitlab,transitive,8,m2-closure-0.1,2026-06-16T19:12:05.607Z
4206,43,src/gitlab/provider.zig,provider.gitlab_matrix,transitive,130,m2-closure-0.1,2026-06-16T19:12:05.610Z
4206,43,src/gitlab/provider.zig,provider.http_mod,transitive,8,m2-closure-0.1,2026-06-16T19:12:05.609Z
4206,43,src/gitlab/provider.zig,provider.mapClientError,transitive,400,m2-closure-0.1,2026-06-16T19:12:05.608Z
4206,43,src/gitlab/provider.zig,provider.opKind,reference,7,m2-closure-0.1,2026-06-16T19:12:05.607Z
4206,43,src/gitlab/provider.zig,provider.provider,transitive,8,m2-closure-0.1,2026-06-16T19:12:05.608Z
4206,43,src/gitlab/provider.zig,provider.std,transitive,8,m2-closure-0.1,2026-06-16T19:12:05.609Z
4206,43,src/http.zig,http.Allocator,transitive,9,m2-closure-0.1,2026-06-16T19:12:05.608Z
4206,43,src/http.zig,http.Client,reference,940,m2-closure-0.1,2026-06-16T19:12:05.609Z
4206,43,src/http.zig,http.Client,transitive,940,m2-closure-0.1,2026-06-16T19:12:05.610Z
4206,43,src/http.zig,http.Client.allocator,transitive,940,m2-closure-0.1,2026-06-16T19:12:05.607Z
4206,43,src/http.zig,http.Client.bucket,transitive,940,m2-closure-0.1,2026-06-16T19:12:05.607Z
4206,43,src/http.zig,http.Client.doRequest,transitive,940,m2-closure-0.1,2026-06-16T19:12:05.611Z
4206,43,src/http.zig,http.Client.inner,transitive,940,m2-closure-0.1,2026-06-16T19:12:05.609Z
4206,43,src/http.zig,http.Client.io,transitive,940,m2-closure-0.1,2026-06-16T19:12:05.608Z
4206,43,src/http.zig,http.Client.opts,transitive,940,m2-closure-0.1,2026-06-16T19:12:05.607Z
4206,43,src/http.zig,http.Client.sendWithRetry,transitive,940,m2-closure-0.1,2026-06-16T19:12:05.608Z
4206,43,src/http.zig,http.ClientOpts,transitive,44,m2-closure-0.1,2026-06-16T19:12:05.607Z
4206,43,src/http.zig,http.Header,transitive,22,m2-closure-0.1,2026-06-16T19:12:05.607Z
4206,43,src/http.zig,http.Io,transitive,7,m2-closure-0.1,2026-06-16T19:12:05.607Z
4206,43,src/http.zig,http.Request,transitive,41,m2-closure-0.1,2026-06-16T19:12:05.607Z
4206,43,src/http.zig,http.Response,transitive,107,m2-closure-0.1,2026-06-16T19:12:05.610Z
4206,43,src/http.zig,http.TokenBucket,transitive,318,m2-closure-0.1,2026-06-16T19:12:05.607Z
4206,43,src/http.zig,http.TokenBucket.init,transitive,318,m2-closure-0.1,2026-06-16T19:12:05.609Z
4206,43,src/http.zig,http.retryAfterNs,transitive,51,m2-closure-0.1,2026-06-16T19:12:05.608Z
4206,43,src/http.zig,http.sleepNs,transitive,94,m2-closure-0.1,2026-06-16T19:12:05.607Z
4206,43,src/http.zig,http.std,transitive,8,m2-closure-0.1,2026-06-16T19:12:05.607Z
4206,43,src/log.zig,log.emitKvToStderr,transitive,145,m2-closure-0.1,2026-06-16T19:12:05.609Z
4206,43,src/log.zig,log.emitToStderr,transitive,204,m2-closure-0.1,2026-06-16T19:12:05.609Z
4206,43,src/log.zig,log.errKv,reference,28,m2-closure-0.1,2026-06-16T19:12:05.610Z
4206,43,src/log.zig,log.info,reference,29,m2-closure-0.1,2026-06-16T19:12:05.607Z
4206,43,src/log.zig,log.info,transitive,29,m2-closure-0.1,2026-06-16T19:12:05.609Z
4206,43,src/manifest.zig,manifest.FleetManifest,reference,40,m2-closure-0.1,2026-06-16T19:12:05.608Z
4206,43,src/manifest.zig,manifest.FleetMeta,transitive,22,m2-closure-0.1,2026-06-16T19:12:05.608Z
4206,43,src/manifest.zig,manifest.ParseResult,transitive,19,m2-closure-0.1,2026-06-16T19:12:05.608Z
4206,43,src/manifest.zig,manifest.Policies,transitive,20,m2-closure-0.1,2026-06-16T19:12:05.607Z
4206,43,src/manifest.zig,manifest.ProviderConfig,reference,27,m2-closure-0.1,2026-06-16T19:12:05.610Z
4206,43,src/manifest.zig,manifest.Repo,reference,95,m2-closure-0.1,2026-06-16T19:12:05.610Z
4206,43,src/manifest.zig,manifest.Repo,transitive,95,m2-closure-0.1,2026-06-16T19:12:05.609Z
4206,43,src/manifest.zig,manifest.Template,reference,15,m2-closure-0.1,2026-06-16T19:12:05.610Z
4206,43,src/manifest.zig,manifest.Template,transitive,15,m2-closure-0.1,2026-06-16T19:12:05.610Z
4206,43,src/manifest.zig,manifest.parse,reference,106,m2-closure-0.1,2026-06-16T19:12:05.608Z
4206,43,src/manifest.zig,manifest.parseImpl,transitive,2522,m2-closure-0.1,2026-06-16T19:12:05.610Z
4206,43,src/manifest.zig,manifest.std,transitive,8,m2-closure-0.1,2026-06-16T19:12:05.610Z
4206,43,src/output.zig,output.Io,transitive,7,m2-closure-0.1,2026-06-16T19:12:05.609Z
4206,43,src/output.zig,output.printJson,reference,45,m2-closure-0.1,2026-06-16T19:12:05.607Z
4206,43,src/output.zig,output.std,transitive,8,m2-closure-0.1,2026-06-16T19:12:05.610Z
4206,43,src/planner.zig,planner.ActionKind,transitive,15,m2-closure-0.1,2026-06-16T19:12:05.607Z
4206,43,src/planner.zig,planner.ExtensionOp,reference,46,m2-closure-0.1,2026-06-16T19:12:05.609Z
4206,43,src/planner.zig,planner.ExtensionOpKind,transitive,33,m2-closure-0.1,2026-06-16T19:12:05.608Z
4206,43,src/planner.zig,planner.ObservedExtensionSettings,transitive,47,m2-closure-0.1,2026-06-16T19:12:05.608Z
4206,43,src/planner.zig,planner.Plan,transitive,46,m2-closure-0.1,2026-06-16T19:12:05.610Z
4206,43,src/planner.zig,planner.PlanAction,reference,74,m2-closure-0.1,2026-06-16T19:12:05.609Z
4206,43,src/planner.zig,planner.cache_mod,transitive,8,m2-closure-0.1,2026-06-16T19:12:05.608Z
4206,43,src/planner.zig,planner.capabilityMatrixFor,transitive,428,m2-closure-0.1,2026-06-16T19:12:05.610Z
4206,43,src/planner.zig,planner.deriveOwner,transitive,163,m2-closure-0.1,2026-06-16T19:12:05.609Z
4206,43,src/planner.zig,planner.manifest,transitive,8,m2-closure-0.1,2026-06-16T19:12:05.610Z
4206,43,src/planner.zig,planner.op_kind_create,transitive,11,m2-closure-0.1,2026-06-16T19:12:05.607Z
4206,43,src/planner.zig,planner.op_kind_delete,transitive,11,m2-closure-0.1,2026-06-16T19:12:05.610Z
4206,43,src/planner.zig,planner.op_kind_no_op,transitive,11,m2-closure-0.1,2026-06-16T19:12:05.609Z
4206,43,src/planner.zig,planner.op_kind_update,transitive,11,m2-closure-0.1,2026-06-16T19:12:05.607Z
4206,43,src/planner.zig,planner.planExtensionField,transitive,465,m2-closure-0.1,2026-06-16T19:12:05.609Z
4206,43,src/planner.zig,planner.planWithExtensions,reference,1094,m2-closure-0.1,2026-06-16T19:12:05.608Z
4206,43,src/planner.zig,planner.provider_mod,transitive,8,m2-closure-0.1,2026-06-16T19:12:05.610Z
4206,43,src/planner.zig,planner.std,transitive,8,m2-closure-0.1,2026-06-16T19:12:05.608Z
4206,43,src/provider.zig,provider.BranchProtectionRule,reference,57,m2-closure-0.1,2026-06-16T19:12:05.608Z
4206,43,src/provider.zig,provider.BranchProtectionVTable,reference,63,m2-closure-0.1,2026-06-16T19:12:05.608Z
4206,43,src/provider.zig,provider.CapabilityKey,reference,50,m2-closure-0.1,2026-06-16T19:12:05.611Z
4206,43,src/provider.zig,provider.CollaboratorRole,reference,23,m2-closure-0.1,2026-06-16T19:12:05.607Z
4206,43,src/provider.zig,provider.GetBranchProtectionParams,reference,24,m2-closure-0.1,2026-06-16T19:12:05.610Z
4206,43,src/provider.zig,provider.KernelOp,reference,20,m2-closure-0.1,2026-06-16T19:12:05.606Z
4206,43,src/provider.zig,provider.OpKinds.archive_repo,transitive,80,m2-closure-0.1,2026-06-16T19:12:05.609Z
4206,43,src/provider.zig,provider.OpKinds.create_repo,transitive,80,m2-closure-0.1,2026-06-16T19:12:05.610Z
4206,43,src/provider.zig,provider.OpKinds.delete_repo,transitive,80,m2-closure-0.1,2026-06-16T19:12:05.608Z
4206,43,src/provider.zig,provider.OpKinds.list_repos,transitive,80,m2-closure-0.1,2026-06-16T19:12:05.608Z
4206,43,src/provider.zig,provider.OpKinds.push_initial_commit,transitive,80,m2-closure-0.1,2026-06-16T19:12:05.607Z
4206,43,src/provider.zig,provider.OpKinds.set_default_branch,transitive,80,m2-closure-0.1,2026-06-16T19:12:05.610Z
4206,43,src/provider.zig,provider.Provider.matrix,reference,244,m2-closure-0.1,2026-06-16T19:12:05.607Z
4206,43,src/provider.zig,provider.Provider.pushInitialCommit,reference,244,m2-closure-0.1,2026-06-16T19:12:05.610Z
4206,43,src/provider.zig,provider.PushInitialCommitParams,reference,41,m2-closure-0.1,2026-06-16T19:12:05.607Z
4206,43,src/provider.zig,provider.SetBranchProtectionParams,reference,23,m2-closure-0.1,2026-06-16T19:12:05.610Z
4206,43,src/sshbare/provider.zig,provider.SshBareProvider,reference,891,m2-closure-0.1,2026-06-16T19:12:05.607Z
4206,43,src/template.zig,template.Allocator,transitive,9,m2-closure-0.1,2026-06-16T19:12:05.607Z
4206,43,src/template.zig,template.CredCallbackPayload,transitive,17,m2-closure-0.1,2026-06-16T19:12:05.608Z
4206,43,src/template.zig,template.Io,transitive,7,m2-closure-0.1,2026-06-16T19:12:05.611Z
4206,43,src/template.zig,template.RenderOpts,transitive,74,m2-closure-0.1,2026-06-16T19:12:05.608Z
4206,43,src/template.zig,template.RenderResult,transitive,101,m2-closure-0.1,2026-06-16T19:12:05.608Z
4206,43,src/template.zig,template.RenderStats,transitive,25,m2-closure-0.1,2026-06-16T19:12:05.610Z
4206,43,src/template.zig,template.TemplateError,transitive,16,m2-closure-0.1,2026-06-16T19:12:05.611Z
4206,43,src/template.zig,template.TemplateRenderer,reference,439,m2-closure-0.1,2026-06-16T19:12:05.611Z
4206,43,src/template.zig,template.TemplateRenderer.allocator,transitive,439,m2-closure-0.1,2026-06-16T19:12:05.609Z
4206,43,src/template.zig,template.TemplateRenderer.libgit2_initialized,transitive,439,m2-closure-0.1,2026-06-16T19:12:05.609Z
4206,43,src/template.zig,template.buildTreeFromGitTree,transitive,203,m2-closure-0.1,2026-06-16T19:12:05.609Z
4206,43,src/template.zig,template.c,transitive,10,m2-closure-0.1,2026-06-16T19:12:05.607Z
4206,43,src/template.zig,template.makeTempDir,transitive,70,m2-closure-0.1,2026-06-16T19:12:05.607Z
4206,43,src/template.zig,template.std,transitive,8,m2-closure-0.1,2026-06-16T19:12:05.610Z
4206,43,vendor/etc-cli/src/cli/cmd.zig,cmd.Cmd,transitive,180,m2-closure-0.1,2026-06-16T19:12:05.607Z
4206,43,vendor/etc-cli/src/cli/validate.zig,validate.cmd_mod,transitive,8,m2-closure-0.1,2026-06-16T19:12:05.610Z
4206,43,vendor/etc-cli/src/cli/validate.zig,validate.validate,reference,32,m2-closure-0.1,2026-06-16T19:12:05.608Z
4206,43,vendor/etc-cli/src/cli/validate.zig,validate.validateNode,transitive,1084,m2-closure-0.1,2026-06-16T19:12:05.610Z
4207,43,apply_policy,"apply_policy.test:S-G5: apply-policy dry-run plan equals real-run execution set",modify,0,m2-closure-0.1,2026-06-16T19:12:06.511Z
4207,43,apply_policy,"apply_policy.test:apply-policy: ci_set_enabled called via fake CIVTable (M6 path, D-AP-2)",modify,0,m2-closure-0.1,2026-06-16T19:12:06.513Z
4207,43,apply_policy,"apply_policy.test:apply-policy: dry-run writes no audit rows",modify,0,m2-closure-0.1,2026-06-16T19:12:06.512Z
4207,43,apply_policy,"apply_policy.test:apply-policy: filter expression rejects all repos → nothing_to_do",modify,0,m2-closure-0.1,2026-06-16T19:12:06.512Z
4207,43,apply_policy,"apply_policy.test:apply-policy: filter selects only matching repos (dry-run)",modify,0,m2-closure-0.1,2026-06-16T19:12:06.513Z
4207,43,apply_policy,"apply_policy.test:apply-policy: per-repo best-effort — failure on repo-a does not skip repo-b",modify,0,m2-closure-0.1,2026-06-16T19:12:06.513Z
4207,43,apply_policy,"apply_policy.test:apply-policy: policy_not_found when policy name not in manifest",modify,0,m2-closure-0.1,2026-06-16T19:12:06.513Z
4207,43,apply_policy,"apply_policy.test:apply-policy: ssh-bare unsupported field → UnsupportedField warning, not error",modify,0,m2-closure-0.1,2026-06-16T19:12:06.513Z
4207,43,apply_policy,"apply_policy.test:policy-source: empty policy section returns bundle with zero extension_keys",modify,0,m2-closure-0.1,2026-06-16T19:12:06.512Z
4207,43,apply_policy,"apply_policy.test:policy-source: finds policy with branch_protection and ci keys via typed map",modify,0,m2-closure-0.1,2026-06-16T19:12:06.512Z
4207,43,apply_policy,"apply_policy.test:policy-source: ignores non-extension keys, collects webhooks and collaborators",modify,0,m2-closure-0.1,2026-06-16T19:12:06.512Z
4207,43,apply_policy,"apply_policy.test:policy-source: returns null for missing policy name",modify,0,m2-closure-0.1,2026-06-16T19:12:06.513Z
4207,43,manifest,"manifest.test:S-E1 empty-repos: empty [[repos]] is valid, repos.len == 0",modify,0,m2-closure-0.1,2026-06-16T19:12:06.512Z
4207,43,manifest,"manifest.test:S-H1 happy-path: 3 repos parse into expected Fleet",modify,0,m2-closure-0.1,2026-06-16T19:12:06.512Z
4207,43,manifest,"manifest.test:S-X2 missing-var: unset env var returns UnsetEnvVar error with var name",modify,0,m2-closure-0.1,2026-06-16T19:12:06.514Z
4207,43,manifest,"manifest.test:TOML syntax error: unterminated section header",modify,0,m2-closure-0.1,2026-06-16T19:12:06.512Z
4207,43,manifest,"manifest.test:array: bare-integer element is rejected (heterogeneous / non-string)",modify,0,m2-closure-0.1,2026-06-16T19:12:06.512Z
4207,43,manifest,"manifest.test:array: empty tags = [] produces zero-length tags slice",modify,0,m2-closure-0.1,2026-06-16T19:12:06.514Z
4207,43,manifest,"manifest.test:array: env-var interpolation inside element resolves correctly",modify,0,m2-closure-0.1,2026-06-16T19:12:06.513Z
4207,43,manifest,"manifest.test:array: missing env var inside element raises UnsetEnvVar",modify,0,m2-closure-0.1,2026-06-16T19:12:06.513Z
4207,43,manifest,"manifest.test:array: multi-element single-line tags = [",modify,0,m2-closure-0.1,2026-06-16T19:12:06.513Z
4207,43,manifest,"manifest.test:array: multi-line no trailing comma (TOML 1.0 valid)",modify,0,m2-closure-0.1,2026-06-16T19:12:06.511Z
4207,43,manifest,"manifest.test:array: multi-line with trailing comma",modify,0,m2-closure-0.1,2026-06-16T19:12:06.512Z
4207,43,manifest,"manifest.test:array: repo without tags field gets empty slice (default)",modify,0,m2-closure-0.1,2026-06-16T19:12:06.512Z
4207,43,manifest,"manifest.test:array: single-element tags = [",modify,0,m2-closure-0.1,2026-06-16T19:12:06.513Z
4207,43,manifest,"manifest.test:array: unclosed bracket is InvalidToml",modify,0,m2-closure-0.1,2026-06-16T19:12:06.512Z
4207,43,manifest,"manifest.test:env-interpolation happy-path: ${TEST_ORG}-prod resolves correctly",modify,0,m2-closure-0.1,2026-06-16T19:12:06.512Z
4207,43,manifest,"manifest.test:fleet sentinel: project = [...] is rejected with InvalidToml at fleet.project",modify,0,m2-closure-0.1,2026-06-16T19:12:06.513Z
4207,43,manifest,"manifest.test:literal string value: single-quoted strings have no escape processing",modify,0,m2-closure-0.1,2026-06-16T19:12:06.513Z
4207,43,manifest,"manifest.test:missing [fleet] table returns MissingFleetTable error",modify,0,m2-closure-0.1,2026-06-16T19:12:06.512Z
4207,43,manifest,"manifest.test:multi-provider: two providers parse correctly",modify,0,m2-closure-0.1,2026-06-16T19:12:06.511Z
4207,43,manifest,"manifest.test:optional template field: repo without template has null template",modify,0,m2-closure-0.1,2026-06-16T19:12:06.512Z
4207,43,manifest,"manifest.test:parseWithArena: happy path returns arena-managed FleetManifest",modify,0,m2-closure-0.1,2026-06-16T19:12:06.513Z
4207,43,manifest,"manifest.test:parseWithArena: parse error still returns valid arena (safe to deinit)",modify,0,m2-closure-0.1,2026-06-16T19:12:06.512Z
4207,43,manifest,"manifest.test:policies: empty [policies.*] section parses to zero extension_keys",modify,0,m2-closure-0.1,2026-06-16T19:12:06.514Z
4207,43,manifest,"manifest.test:policies: missing policy name returns null from bundles.get",modify,0,m2-closure-0.1,2026-06-16T19:12:06.513Z
4207,43,manifest,"manifest.test:policies: two policies parsed into bundles map",modify,0,m2-closure-0.1,2026-06-16T19:12:06.513Z
4207,43,manifest,"manifest.test:policies: unknown keys in [policies.*] are silently ignored",modify,0,m2-closure-0.1,2026-06-16T19:12:06.513Z
4207,43,src/apply.zig,apply.Allocator,transitive,9,m2-closure-0.1,2026-06-16T19:12:06.512Z
4207,43,src/apply.zig,apply.cache_mod,transitive,8,m2-closure-0.1,2026-06-16T19:12:06.511Z
4207,43,src/apply.zig,apply.dispatchExtensionOps,reference,1407,m2-closure-0.1,2026-06-16T19:12:06.512Z
4207,43,src/apply.zig,apply.emitExtensionWarnings,transitive,288,m2-closure-0.1,2026-06-16T19:12:06.512Z
4207,43,src/apply.zig,apply.gitlab_mod,transitive,8,m2-closure-0.1,2026-06-16T19:12:06.512Z
4207,43,src/apply.zig,apply.parseBranchProtectionPayload,transitive,126,m2-closure-0.1,2026-06-16T19:12:06.513Z
4207,43,src/apply.zig,apply.parseCollaboratorPayload,transitive,226,m2-closure-0.1,2026-06-16T19:12:06.511Z
4207,43,src/apply.zig,apply.planner_mod,transitive,8,m2-closure-0.1,2026-06-16T19:12:06.513Z
4207,43,src/apply.zig,apply.provider_mod,transitive,8,m2-closure-0.1,2026-06-16T19:12:06.513Z
4207,43,src/apply.zig,apply.std,transitive,8,m2-closure-0.1,2026-06-16T19:12:06.511Z
4207,43,src/apply.zig,apply.writeExtensionAuditLog,transitive,118,m2-closure-0.1,2026-06-16T19:12:06.513Z
4207,43,src/apply_policy.zig,apply_policy.Allocator,modify,9,m2-closure-0.1,2026-06-16T19:12:06.511Z
4207,43,src/apply_policy.zig,apply_policy.Allocator,reference,9,m2-closure-0.1,2026-06-16T19:12:06.512Z
4207,43,src/apply_policy.zig,apply_policy.ApplyPolicyArgs,modify,50,m2-closure-0.1,2026-06-16T19:12:06.512Z
4207,43,src/apply_policy.zig,apply_policy.ApplyPolicyArgs,reference,50,m2-closure-0.1,2026-06-16T19:12:06.513Z
4207,43,src/apply_policy.zig,apply_policy.ApplyPolicyOutput,modify,41,m2-closure-0.1,2026-06-16T19:12:06.513Z
4207,43,src/apply_policy.zig,apply_policy.ApplyPolicyOutput,reference,41,m2-closure-0.1,2026-06-16T19:12:06.512Z
4207,43,src/apply_policy.zig,apply_policy.ApplyPolicyResult,modify,26,m2-closure-0.1,2026-06-16T19:12:06.511Z
4207,43,src/apply_policy.zig,apply_policy.ApplyPolicyResult,reference,26,m2-closure-0.1,2026-06-16T19:12:06.513Z
4207,43,src/apply_policy.zig,apply_policy.ApplyPolicyResult.nothing_to_do,reference,26,m2-closure-0.1,2026-06-16T19:12:06.513Z
4207,43,src/apply_policy.zig,apply_policy.ApplyPolicyResult.policy_not_found,reference,26,m2-closure-0.1,2026-06-16T19:12:06.513Z
4207,43,src/apply_policy.zig,apply_policy.ApplyPolicySummary,modify,24,m2-closure-0.1,2026-06-16T19:12:06.511Z
4207,43,src/apply_policy.zig,apply_policy.ApplyPolicySummary,reference,24,m2-closure-0.1,2026-06-16T19:12:06.513Z
4207,43,src/apply_policy.zig,apply_policy.Io,modify,7,m2-closure-0.1,2026-06-16T19:12:06.512Z
4207,43,src/apply_policy.zig,apply_policy.Io,reference,7,m2-closure-0.1,2026-06-16T19:12:06.512Z
4207,43,src/apply_policy.zig,apply_policy.PolicyBundle,modify,8,m2-closure-0.1,2026-06-16T19:12:06.513Z
4207,43,src/apply_policy.zig,apply_policy.PolicyRepoOutcome,modify,34,m2-closure-0.1,2026-06-16T19:12:06.511Z
4207,43,src/apply_policy.zig,apply_policy.PolicyRepoOutcome,reference,34,m2-closure-0.1,2026-06-16T19:12:06.513Z
4207,43,src/apply_policy.zig,apply_policy.applyPolicyToRepo,modify,1104,m2-closure-0.1,2026-06-16T19:12:06.511Z
4207,43,src/apply_policy.zig,apply_policy.applyPolicyToRepo,reference,1104,m2-closure-0.1,2026-06-16T19:12:06.512Z
4207,43,src/apply_policy.zig,apply_policy.apply_mod,modify,8,m2-closure-0.1,2026-06-16T19:12:06.511Z
4207,43,src/apply_policy.zig,apply_policy.apply_mod,reference,8,m2-closure-0.1,2026-06-16T19:12:06.513Z
4207,43,src/apply_policy.zig,apply_policy.c,modify,10,m2-closure-0.1,2026-06-16T19:12:06.512Z
4207,43,src/apply_policy.zig,apply_policy.c,reference,10,m2-closure-0.1,2026-06-16T19:12:06.512Z
4207,43,src/apply_policy.zig,apply_policy.cache_mod,modify,8,m2-closure-0.1,2026-06-16T19:12:06.512Z
4207,43,src/apply_policy.zig,apply_policy.cache_mod,reference,8,m2-closure-0.1,2026-06-16T19:12:06.513Z
4207,43,src/apply_policy.zig,apply_policy.capabilityMatrixFor,modify,428,m2-closure-0.1,2026-06-16T19:12:06.511Z
4207,43,src/apply_policy.zig,apply_policy.capabilityMatrixFor,reference,428,m2-closure-0.1,2026-06-16T19:12:06.512Z
4207,43,src/apply_policy.zig,apply_policy.countAuditRows,modify,199,m2-closure-0.1,2026-06-16T19:12:06.513Z
4207,43,src/apply_policy.zig,apply_policy.countAuditRows,reference,199,m2-closure-0.1,2026-06-16T19:12:06.513Z
4207,43,src/apply_policy.zig,apply_policy.deriveOwner,modify,163,m2-closure-0.1,2026-06-16T19:12:06.512Z
4207,43,src/apply_policy.zig,apply_policy.deriveOwner,reference,163,m2-closure-0.1,2026-06-16T19:12:06.513Z
4207,43,src/apply_policy.zig,apply_policy.filter_mod,modify,8,m2-closure-0.1,2026-06-16T19:12:06.513Z
4207,43,src/apply_policy.zig,apply_policy.filter_mod,reference,8,m2-closure-0.1,2026-06-16T19:12:06.511Z
4207,43,src/apply_policy.zig,apply_policy.log,modify,8,m2-closure-0.1,2026-06-16T19:12:06.513Z
4207,43,src/apply_policy.zig,apply_policy.log,reference,8,m2-closure-0.1,2026-06-16T19:12:06.512Z
4207,43,src/apply_policy.zig,apply_policy.makeManifestWithPolicy,modify,214,m2-closure-0.1,2026-06-16T19:12:06.513Z
4207,43,src/apply_policy.zig,apply_policy.makeManifestWithPolicy,reference,214,m2-closure-0.1,2026-06-16T19:12:06.512Z
4207,43,src/apply_policy.zig,apply_policy.manifest_mod,modify,8,m2-closure-0.1,2026-06-16T19:12:06.512Z
4207,43,src/apply_policy.zig,apply_policy.manifest_mod,reference,8,m2-closure-0.1,2026-06-16T19:12:06.512Z
4207,43,src/apply_policy.zig,apply_policy.output_mod,modify,8,m2-closure-0.1,2026-06-16T19:12:06.512Z
4207,43,src/apply_policy.zig,apply_policy.output_mod,reference,8,m2-closure-0.1,2026-06-16T19:12:06.512Z
4207,43,src/apply_policy.zig,apply_policy.planner_mod,modify,8,m2-closure-0.1,2026-06-16T19:12:06.512Z
4207,43,src/apply_policy.zig,apply_policy.planner_mod,reference,8,m2-closure-0.1,2026-06-16T19:12:06.514Z
4207,43,src/apply_policy.zig,apply_policy.provider_mod,modify,8,m2-closure-0.1,2026-06-16T19:12:06.513Z
4207,43,src/apply_policy.zig,apply_policy.provider_mod,reference,8,m2-closure-0.1,2026-06-16T19:12:06.513Z
4207,43,src/apply_policy.zig,apply_policy.runApplyPolicy,modify,226,m2-closure-0.1,2026-06-16T19:12:06.513Z
4207,43,src/apply_policy.zig,apply_policy.runApplyPolicyWithCache,modify,2046,m2-closure-0.1,2026-06-16T19:12:06.513Z
4207,43,src/apply_policy.zig,apply_policy.runApplyPolicyWithCache,reference,2046,m2-closure-0.1,2026-06-16T19:12:06.513Z
4207,43,src/apply_policy.zig,apply_policy.std,modify,8,m2-closure-0.1,2026-06-16T19:12:06.513Z
4207,43,src/apply_policy.zig,apply_policy.std,reference,8,m2-closure-0.1,2026-06-16T19:12:06.514Z
4207,43,src/apply_policy.zig,apply_policy.testing,modify,7,m2-closure-0.1,2026-06-16T19:12:06.514Z
4207,43,src/apply_policy.zig,apply_policy.testing,reference,7,m2-closure-0.1,2026-06-16T19:12:06.514Z
4207,43,src/apply_policy.zig,apply_policy.writeManifestToTmpDirAp,modify,127,m2-closure-0.1,2026-06-16T19:12:06.513Z
4207,43,src/apply_policy.zig,apply_policy.writeManifestToTmpDirAp,reference,127,m2-closure-0.1,2026-06-16T19:12:06.513Z
4207,43,src/cache.zig,cache.Cache,reference,4255,m2-closure-0.1,2026-06-16T19:12:06.512Z
4207,43,src/cache.zig,cache.Cache.applyMigration,transitive,4255,m2-closure-0.1,2026-06-16T19:12:06.512Z
4207,43,src/cache.zig,cache.Cache.db,transitive,4255,m2-closure-0.1,2026-06-16T19:12:06.512Z
4207,43,src/cache.zig,cache.Cache.runMigrations,transitive,4255,m2-closure-0.1,2026-06-16T19:12:06.513Z
4207,43,src/cache.zig,cache.Cache.schemaVersion,transitive,4255,m2-closure-0.1,2026-06-16T19:12:06.513Z
4207,43,src/cache.zig,cache.CacheError,transitive,26,m2-closure-0.1,2026-06-16T19:12:06.512Z
4207,43,src/cache.zig,cache.Migration,transitive,18,m2-closure-0.1,2026-06-16T19:12:06.512Z
4207,43,src/cache.zig,cache.c,transitive,10,m2-closure-0.1,2026-06-16T19:12:06.513Z
4207,43,src/cache.zig,cache.migrations,transitive,101,m2-closure-0.1,2026-06-16T19:12:06.512Z
4207,43,src/cache.zig,cache.std,transitive,8,m2-closure-0.1,2026-06-16T19:12:06.512Z
4207,43,src/cache.zig,cache.translateRc,transitive,80,m2-closure-0.1,2026-06-16T19:12:06.512Z
4207,43,src/filter.zig,filter.FilterRow,transitive,78,m2-closure-0.1,2026-06-16T19:12:06.512Z
4207,43,src/filter.zig,filter.ParseResult,transitive,19,m2-closure-0.1,2026-06-16T19:12:06.512Z
4207,43,src/filter.zig,filter.Parser,transitive,1450,m2-closure-0.1,2026-06-16T19:12:06.512Z
4207,43,src/filter.zig,filter.Parser.init,transitive,1450,m2-closure-0.1,2026-06-16T19:12:06.511Z
4207,43,src/filter.zig,filter.buildFilterRow,reference,811,m2-closure-0.1,2026-06-16T19:12:06.513Z
4207,43,src/filter.zig,filter.cache,transitive,8,m2-closure-0.1,2026-06-16T19:12:06.513Z
4207,43,src/filter.zig,filter.manifest,transitive,8,m2-closure-0.1,2026-06-16T19:12:06.511Z
4207,43,src/filter.zig,filter.parse,reference,46,m2-closure-0.1,2026-06-16T19:12:06.511Z
4207,43,src/filter.zig,filter.parseSqliteDateTime,transitive,458,m2-closure-0.1,2026-06-16T19:12:06.513Z
4207,43,src/filter.zig,filter.planner,transitive,8,m2-closure-0.1,2026-06-16T19:12:06.513Z
4207,43,src/filter.zig,filter.provider,transitive,8,m2-closure-0.1,2026-06-16T19:12:06.512Z
4207,43,src/filter.zig,filter.std,transitive,8,m2-closure-0.1,2026-06-16T19:12:06.513Z
4207,43,src/gitlab.zig,gitlab.encodeProjectPath,transitive,49,m2-closure-0.1,2026-06-16T19:12:06.512Z
4207,43,src/gitlab/provider.zig,provider.CapabilityMatrix,reference,7,m2-closure-0.1,2026-06-16T19:12:06.513Z
4207,43,src/gitlab/provider.zig,provider.OpKind,transitive,7,m2-closure-0.1,2026-06-16T19:12:06.512Z
4207,43,src/gitlab/provider.zig,provider.OpOutcome,reference,7,m2-closure-0.1,2026-06-16T19:12:06.511Z
4207,43,src/gitlab/provider.zig,provider.Provider,reference,7,m2-closure-0.1,2026-06-16T19:12:06.512Z
4207,43,src/gitlab/provider.zig,provider.VTable,reference,7,m2-closure-0.1,2026-06-16T19:12:06.512Z
4207,43,src/gitlab/provider.zig,provider.provider,transitive,8,m2-closure-0.1,2026-06-16T19:12:06.512Z
4207,43,src/log.zig,log.emitKvToStderr,transitive,145,m2-closure-0.1,2026-06-16T19:12:06.512Z
4207,43,src/log.zig,log.errKv,reference,28,m2-closure-0.1,2026-06-16T19:12:06.512Z
4207,43,src/manifest.zig,manifest.FleetManifest,modify,40,m2-closure-0.1,2026-06-16T19:12:06.513Z
4207,43,src/manifest.zig,manifest.FleetManifest,reference,40,m2-closure-0.1,2026-06-16T19:12:06.513Z
4207,43,src/manifest.zig,manifest.FleetMeta,modify,22,m2-closure-0.1,2026-06-16T19:12:06.511Z
4207,43,src/manifest.zig,manifest.FleetMeta,reference,22,m2-closure-0.1,2026-06-16T19:12:06.513Z
4207,43,src/manifest.zig,manifest.FleetMeta,transitive,22,m2-closure-0.1,2026-06-16T19:12:06.513Z
4207,43,src/manifest.zig,manifest.ParseErrorInfo,modify,35,m2-closure-0.1,2026-06-16T19:12:06.513Z
4207,43,src/manifest.zig,manifest.ParseErrorInfo,reference,35,m2-closure-0.1,2026-06-16T19:12:06.512Z
4207,43,src/manifest.zig,manifest.ParseErrorKind,modify,22,m2-closure-0.1,2026-06-16T19:12:06.513Z
4207,43,src/manifest.zig,manifest.ParseErrorKind,reference,22,m2-closure-0.1,2026-06-16T19:12:06.513Z
4207,43,src/manifest.zig,manifest.ParseResult,modify,19,m2-closure-0.1,2026-06-16T19:12:06.513Z
4207,43,src/manifest.zig,manifest.ParseResult,reference,19,m2-closure-0.1,2026-06-16T19:12:06.512Z
4207,43,src/manifest.zig,manifest.ParseResult,transitive,19,m2-closure-0.1,2026-06-16T19:12:06.513Z
4207,43,src/manifest.zig,manifest.ParseWithArenaResult,modify,24,m2-closure-0.1,2026-06-16T19:12:06.513Z
4207,43,src/manifest.zig,manifest.ParseWithArenaResult,reference,24,m2-closure-0.1,2026-06-16T19:12:06.513Z
4207,43,src/manifest.zig,manifest.Policies,modify,20,m2-closure-0.1,2026-06-16T19:12:06.513Z
4207,43,src/manifest.zig,manifest.Policies,reference,20,m2-closure-0.1,2026-06-16T19:12:06.513Z
4207,43,src/manifest.zig,manifest.Policies,transitive,20,m2-closure-0.1,2026-06-16T19:12:06.511Z
4207,43,src/manifest.zig,manifest.PolicyBundle,modify,19,m2-closure-0.1,2026-06-16T19:12:06.512Z
4207,43,src/manifest.zig,manifest.PolicyBundle,reference,19,m2-closure-0.1,2026-06-16T19:12:06.511Z
4207,43,src/manifest.zig,manifest.ProviderConfig,modify,27,m2-closure-0.1,2026-06-16T19:12:06.512Z
4207,43,src/manifest.zig,manifest.ProviderConfig,reference,27,m2-closure-0.1,2026-06-16T19:12:06.512Z
4207,43,src/manifest.zig,manifest.RawPair,modify,41,m2-closure-0.1,2026-06-16T19:12:06.512Z
4207,43,src/manifest.zig,manifest.RawPair,reference,41,m2-closure-0.1,2026-06-16T19:12:06.513Z
4207,43,src/manifest.zig,manifest.Repo,modify,95,m2-closure-0.1,2026-06-16T19:12:06.512Z
4207,43,src/manifest.zig,manifest.Repo,reference,95,m2-closure-0.1,2026-06-16T19:12:06.512Z
4207,43,src/manifest.zig,manifest.Section,modify,40,m2-closure-0.1,2026-06-16T19:12:06.511Z
4207,43,src/manifest.zig,manifest.Section,reference,40,m2-closure-0.1,2026-06-16T19:12:06.513Z
4207,43,src/manifest.zig,manifest.SourceLocation,modify,34,m2-closure-0.1,2026-06-16T19:12:06.511Z
4207,43,src/manifest.zig,manifest.SourceLocation,reference,34,m2-closure-0.1,2026-06-16T19:12:06.512Z
4207,43,src/manifest.zig,manifest.Template,modify,15,m2-closure-0.1,2026-06-16T19:12:06.512Z
4207,43,src/manifest.zig,manifest.Template,reference,15,m2-closure-0.1,2026-06-16T19:12:06.513Z
4207,43,src/manifest.zig,manifest.Template,transitive,15,m2-closure-0.1,2026-06-16T19:12:06.513Z
4207,43,src/manifest.zig,manifest.appendUtf8,modify,71,m2-closure-0.1,2026-06-16T19:12:06.512Z
4207,43,src/manifest.zig,manifest.appendUtf8,reference,71,m2-closure-0.1,2026-06-16T19:12:06.511Z
4207,43,src/manifest.zig,manifest.buildInterpolationError,modify,204,m2-closure-0.1,2026-06-16T19:12:06.512Z
4207,43,src/manifest.zig,manifest.buildInterpolationError,reference,204,m2-closure-0.1,2026-06-16T19:12:06.512Z
4207,43,src/manifest.zig,manifest.interpolate,modify,383,m2-closure-0.1,2026-06-16T19:12:06.513Z
4207,43,src/manifest.zig,manifest.interpolate,reference,383,m2-closure-0.1,2026-06-16T19:12:06.511Z
4207,43,src/manifest.zig,manifest.interpolateArray,modify,123,m2-closure-0.1,2026-06-16T19:12:06.512Z
4207,43,src/manifest.zig,manifest.interpolateArray,reference,123,m2-closure-0.1,2026-06-16T19:12:06.512Z
4207,43,src/manifest.zig,manifest.parse,modify,106,m2-closure-0.1,2026-06-16T19:12:06.513Z
4207,43,src/manifest.zig,manifest.parse,reference,106,m2-closure-0.1,2026-06-16T19:12:06.513Z
4207,43,src/manifest.zig,manifest.parseArray,modify,379,m2-closure-0.1,2026-06-16T19:12:06.513Z
4207,43,src/manifest.zig,manifest.parseArray,reference,379,m2-closure-0.1,2026-06-16T19:12:06.512Z
4207,43,src/manifest.zig,manifest.parseBasicString,modify,366,m2-closure-0.1,2026-06-16T19:12:06.513Z
4207,43,src/manifest.zig,manifest.parseBasicString,reference,366,m2-closure-0.1,2026-06-16T19:12:06.512Z
4207,43,src/manifest.zig,manifest.parseDottedKey,modify,165,m2-closure-0.1,2026-06-16T19:12:06.513Z
4207,43,src/manifest.zig,manifest.parseDottedKey,reference,165,m2-closure-0.1,2026-06-16T19:12:06.513Z
4207,43,src/manifest.zig,manifest.parseHexEscape,modify,129,m2-closure-0.1,2026-06-16T19:12:06.512Z
4207,43,src/manifest.zig,manifest.parseHexEscape,reference,129,m2-closure-0.1,2026-06-16T19:12:06.514Z
4207,43,src/manifest.zig,manifest.parseImpl,modify,2522,m2-closure-0.1,2026-06-16T19:12:06.512Z
4207,43,src/manifest.zig,manifest.parseImpl,reference,2522,m2-closure-0.1,2026-06-16T19:12:06.512Z
4207,43,src/manifest.zig,manifest.parseImpl,transitive,2522,m2-closure-0.1,2026-06-16T19:12:06.513Z
4207,43,src/manifest.zig,manifest.parseKey,modify,186,m2-closure-0.1,2026-06-16T19:12:06.513Z
4207,43,src/manifest.zig,manifest.parseKey,reference,186,m2-closure-0.1,2026-06-16T19:12:06.511Z
4207,43,src/manifest.zig,manifest.parseLiteralString,modify,151,m2-closure-0.1,2026-06-16T19:12:06.512Z
4207,43,src/manifest.zig,manifest.parseLiteralString,reference,151,m2-closure-0.1,2026-06-16T19:12:06.512Z
4207,43,src/manifest.zig,manifest.parseScalarString,modify,178,m2-closure-0.1,2026-06-16T19:12:06.513Z
4207,43,src/manifest.zig,manifest.parseScalarString,reference,178,m2-closure-0.1,2026-06-16T19:12:06.513Z
4207,43,src/manifest.zig,manifest.parseWithArena,modify,73,m2-closure-0.1,2026-06-16T19:12:06.512Z
4207,43,src/manifest.zig,manifest.parseWithArena,reference,73,m2-closure-0.1,2026-06-16T19:12:06.512Z
4207,43,src/manifest.zig,manifest.scanSections,modify,664,m2-closure-0.1,2026-06-16T19:12:06.513Z
4207,43,src/manifest.zig,manifest.scanSections,reference,664,m2-closure-0.1,2026-06-16T19:12:06.513Z
4207,43,src/manifest.zig,manifest.setenv,modify,31,m2-closure-0.1,2026-06-16T19:12:06.513Z
4207,43,src/manifest.zig,manifest.setenv,reference,31,m2-closure-0.1,2026-06-16T19:12:06.511Z
4207,43,src/manifest.zig,manifest.skipHorizWs,modify,54,m2-closure-0.1,2026-06-16T19:12:06.512Z
4207,43,src/manifest.zig,manifest.skipHorizWs,reference,54,m2-closure-0.1,2026-06-16T19:12:06.511Z
4207,43,src/manifest.zig,manifest.skipLine,modify,58,m2-closure-0.1,2026-06-16T19:12:06.512Z
4207,43,src/manifest.zig,manifest.skipLine,reference,58,m2-closure-0.1,2026-06-16T19:12:06.513Z
4207,43,src/manifest.zig,manifest.std,modify,8,m2-closure-0.1,2026-06-16T19:12:06.512Z
4207,43,src/manifest.zig,manifest.std,reference,8,m2-closure-0.1,2026-06-16T19:12:06.511Z
4207,43,src/manifest.zig,manifest.std,transitive,8,m2-closure-0.1,2026-06-16T19:12:06.513Z
4207,43,src/manifest.zig,manifest.unsetenv,modify,17,m2-closure-0.1,2026-06-16T19:12:06.513Z
4207,43,src/manifest.zig,manifest.unsetenv,reference,17,m2-closure-0.1,2026-06-16T19:12:06.512Z
4207,43,src/output.zig,output.Io,transitive,7,m2-closure-0.1,2026-06-16T19:12:06.512Z
4207,43,src/output.zig,output.printJson,reference,45,m2-closure-0.1,2026-06-16T19:12:06.512Z
4207,43,src/output.zig,output.std,transitive,8,m2-closure-0.1,2026-06-16T19:12:06.513Z
4207,43,src/planner.zig,planner.ActionKind,transitive,15,m2-closure-0.1,2026-06-16T19:12:06.512Z
4207,43,src/planner.zig,planner.ExtensionOp,reference,46,m2-closure-0.1,2026-06-16T19:12:06.511Z
4207,43,src/planner.zig,planner.ExtensionOpKind,transitive,33,m2-closure-0.1,2026-06-16T19:12:06.514Z
4207,43,src/planner.zig,planner.ObservedExtensionSettings,transitive,47,m2-closure-0.1,2026-06-16T19:12:06.513Z
4207,43,src/planner.zig,planner.Plan,transitive,46,m2-closure-0.1,2026-06-16T19:12:06.513Z
4207,43,src/planner.zig,planner.PlanAction,reference,74,m2-closure-0.1,2026-06-16T19:12:06.512Z
4207,43,src/planner.zig,planner.cache_mod,transitive,8,m2-closure-0.1,2026-06-16T19:12:06.513Z
4207,43,src/planner.zig,planner.capabilityMatrixFor,transitive,428,m2-closure-0.1,2026-06-16T19:12:06.512Z
4207,43,src/planner.zig,planner.deriveOwner,transitive,163,m2-closure-0.1,2026-06-16T19:12:06.512Z
4207,43,src/planner.zig,planner.manifest,transitive,8,m2-closure-0.1,2026-06-16T19:12:06.513Z
4207,43,src/planner.zig,planner.op_kind_create,transitive,11,m2-closure-0.1,2026-06-16T19:12:06.511Z
4207,43,src/planner.zig,planner.op_kind_delete,transitive,11,m2-closure-0.1,2026-06-16T19:12:06.512Z
4207,43,src/planner.zig,planner.op_kind_no_op,transitive,11,m2-closure-0.1,2026-06-16T19:12:06.511Z
4207,43,src/planner.zig,planner.op_kind_update,transitive,11,m2-closure-0.1,2026-06-16T19:12:06.512Z
4207,43,src/planner.zig,planner.planExtensionField,transitive,465,m2-closure-0.1,2026-06-16T19:12:06.511Z
4207,43,src/planner.zig,planner.planWithExtensions,reference,1094,m2-closure-0.1,2026-06-16T19:12:06.513Z
4207,43,src/planner.zig,planner.provider_mod,transitive,8,m2-closure-0.1,2026-06-16T19:12:06.513Z
4207,43,src/planner.zig,planner.std,transitive,8,m2-closure-0.1,2026-06-16T19:12:06.514Z
4207,43,src/provider.zig,provider.BranchProtectionRule,transitive,57,m2-closure-0.1,2026-06-16T19:12:06.512Z
4207,43,src/provider.zig,provider.CIVTable,reference,63,m2-closure-0.1,2026-06-16T19:12:06.512Z
4207,43,src/provider.zig,provider.GetCIEnabledParams,reference,16,m2-closure-0.1,2026-06-16T19:12:06.512Z
4207,43,src/provider.zig,provider.PushInitialCommitParams,reference,41,m2-closure-0.1,2026-06-16T19:12:06.511Z
4207,43,src/provider.zig,provider.SetCIEnabledParams,reference,21,m2-closure-0.1,2026-06-16T19:12:06.512Z
4208,43,query,"query.test:--sql and non-empty expr together returns .invalid_args (mutual exclusion)",modify,0,m2-closure-0.1,2026-06-16T19:12:07.021Z
4208,43,query,"query.test:--sql read-only: DELETE is denied with clear message and no mutation",modify,0,m2-closure-0.1,2026-06-16T19:12:07.021Z
4208,43,query,"query.test:--sql read-only: INSERT is denied with clear message and no mutation",modify,0,m2-closure-0.1,2026-06-16T19:12:07.021Z
4208,43,query,"query.test:--sql read-only: SELECT still works after a denied write attempt (authorizer cleared)",modify,0,m2-closure-0.1,2026-06-16T19:12:07.021Z
4208,43,query,"query.test:--sql with invalid SQL returns .err (no crash)",modify,0,m2-closure-0.1,2026-06-16T19:12:07.021Z
4208,43,query,"query.test:--sql with populated cache returns rows as JSON",modify,0,m2-closure-0.1,2026-06-16T19:12:07.021Z
4208,43,query,"query.test:--sql with populated cache returns rows as human table",modify,0,m2-closure-0.1,2026-06-16T19:12:07.021Z
4208,43,query,"query.test:S-E4: query matching zero repos returns empty result deterministically (JSON: [])",modify,0,m2-closure-0.1,2026-06-16T19:12:07.022Z
4208,43,query,"query.test:query 'archived' filter: only archived repos (extras JSON) match",modify,0,m2-closure-0.1,2026-06-16T19:12:07.021Z
4208,43,query,"query.test:query 'private' filter: only private repos match",modify,0,m2-closure-0.1,2026-06-16T19:12:07.020Z
4208,43,query,"query.test:query human table output: matched repos printed as a table",modify,0,m2-closure-0.1,2026-06-16T19:12:07.021Z
4208,43,query,"query.test:query human table output: no matches prints informational message",modify,0,m2-closure-0.1,2026-06-16T19:12:07.022Z
4208,43,query,"query.test:query matching repos: JSON output with deterministic (provider_kind, name) ordering",modify,0,m2-closure-0.1,2026-06-16T19:12:07.021Z
4208,43,query,"query.test:query on empty cache returns [] JSON",modify,0,m2-closure-0.1,2026-06-16T19:12:07.020Z
4208,43,query,"query.test:query with empty expression returns .invalid_args",modify,0,m2-closure-0.1,2026-06-16T19:12:07.020Z
4208,43,query,"query.test:query with invalid filter expression returns .invalid_args (no crash)",modify,0,m2-closure-0.1,2026-06-16T19:12:07.021Z
4208,43,src/cache.zig,cache.Cache,reference,4255,m2-closure-0.1,2026-06-16T19:12:07.021Z
4208,43,src/cache.zig,cache.Cache.applyMigration,transitive,4255,m2-closure-0.1,2026-06-16T19:12:07.021Z
4208,43,src/cache.zig,cache.Cache.db,transitive,4255,m2-closure-0.1,2026-06-16T19:12:07.021Z
4208,43,src/cache.zig,cache.Cache.runMigrations,transitive,4255,m2-closure-0.1,2026-06-16T19:12:07.021Z
4208,43,src/cache.zig,cache.Cache.schemaVersion,transitive,4255,m2-closure-0.1,2026-06-16T19:12:07.021Z
4208,43,src/cache.zig,cache.CacheError,transitive,26,m2-closure-0.1,2026-06-16T19:12:07.021Z
4208,43,src/cache.zig,cache.Migration,transitive,18,m2-closure-0.1,2026-06-16T19:12:07.021Z
4208,43,src/cache.zig,cache.c,transitive,10,m2-closure-0.1,2026-06-16T19:12:07.021Z
4208,43,src/cache.zig,cache.migrations,transitive,101,m2-closure-0.1,2026-06-16T19:12:07.021Z
4208,43,src/cache.zig,cache.std,transitive,8,m2-closure-0.1,2026-06-16T19:12:07.021Z
4208,43,src/cache.zig,cache.translateRc,transitive,80,m2-closure-0.1,2026-06-16T19:12:07.020Z
4208,43,src/filter.zig,filter.FilterExpr,transitive,57,m2-closure-0.1,2026-06-16T19:12:07.021Z
4208,43,src/filter.zig,filter.FilterRow,transitive,78,m2-closure-0.1,2026-06-16T19:12:07.021Z
4208,43,src/filter.zig,filter.ParseResult,transitive,19,m2-closure-0.1,2026-06-16T19:12:07.021Z
4208,43,src/filter.zig,filter.Parser,transitive,1450,m2-closure-0.1,2026-06-16T19:12:07.021Z
4208,43,src/filter.zig,filter.Parser.init,transitive,1450,m2-closure-0.1,2026-06-16T19:12:07.021Z
4208,43,src/filter.zig,filter.buildFilterRow,reference,811,m2-closure-0.1,2026-06-16T19:12:07.021Z
4208,43,src/filter.zig,filter.cache,transitive,8,m2-closure-0.1,2026-06-16T19:12:07.021Z
4208,43,src/filter.zig,filter.eval,reference,23,m2-closure-0.1,2026-06-16T19:12:07.021Z
4208,43,src/filter.zig,filter.evalExpr,transitive,288,m2-closure-0.1,2026-06-16T19:12:07.021Z
4208,43,src/filter.zig,filter.manifest,transitive,8,m2-closure-0.1,2026-06-16T19:12:07.020Z
4208,43,src/filter.zig,filter.parse,reference,46,m2-closure-0.1,2026-06-16T19:12:07.021Z
4208,43,src/filter.zig,filter.parseSqliteDateTime,transitive,458,m2-closure-0.1,2026-06-16T19:12:07.021Z
4208,43,src/filter.zig,filter.planner,transitive,8,m2-closure-0.1,2026-06-16T19:12:07.021Z
4208,43,src/filter.zig,filter.provider,transitive,8,m2-closure-0.1,2026-06-16T19:12:07.020Z
4208,43,src/filter.zig,filter.std,transitive,8,m2-closure-0.1,2026-06-16T19:12:07.021Z
4208,43,src/github/provider.zig,provider.github_matrix,reference,130,m2-closure-0.1,2026-06-16T19:12:07.021Z
4208,43,src/gitlab/provider.zig,provider.CapabilityMatrix,reference,7,m2-closure-0.1,2026-06-16T19:12:07.021Z
4208,43,src/gitlab/provider.zig,provider.gitlab_matrix,reference,130,m2-closure-0.1,2026-06-16T19:12:07.021Z
4208,43,src/gitlab/provider.zig,provider.provider,transitive,8,m2-closure-0.1,2026-06-16T19:12:07.022Z
4208,43,src/manifest.zig,manifest.ParseResult,transitive,19,m2-closure-0.1,2026-06-16T19:12:07.021Z
4208,43,src/manifest.zig,manifest.parse,reference,106,m2-closure-0.1,2026-06-16T19:12:07.021Z
4208,43,src/manifest.zig,manifest.parseImpl,transitive,2522,m2-closure-0.1,2026-06-16T19:12:07.021Z
4208,43,src/manifest.zig,manifest.std,transitive,8,m2-closure-0.1,2026-06-16T19:12:07.021Z
4208,43,src/output.zig,output.Io,transitive,7,m2-closure-0.1,2026-06-16T19:12:07.021Z
4208,43,src/output.zig,output.printJson,reference,45,m2-closure-0.1,2026-06-16T19:12:07.021Z
4208,43,src/output.zig,output.std,transitive,8,m2-closure-0.1,2026-06-16T19:12:07.021Z
4208,43,src/planner.zig,planner.ObservedExtensionSettings,reference,47,m2-closure-0.1,2026-06-16T19:12:07.021Z
4208,43,src/provider/fake.zig,fake.CapabilityMatrix,transitive,7,m2-closure-0.1,2026-06-16T19:12:07.021Z
4208,43,src/provider/fake.zig,fake.kernel_only_matrix,reference,130,m2-closure-0.1,2026-06-16T19:12:07.021Z
4208,43,src/query.zig,query.Allocator,modify,9,m2-closure-0.1,2026-06-16T19:12:07.021Z
4208,43,src/query.zig,query.Allocator,reference,9,m2-closure-0.1,2026-06-16T19:12:07.021Z
4208,43,src/query.zig,query.COL_BRANCH,modify,5,m2-closure-0.1,2026-06-16T19:12:07.021Z
4208,43,src/query.zig,query.COL_BRANCH,reference,5,m2-closure-0.1,2026-06-16T19:12:07.021Z
4208,43,src/query.zig,query.COL_NAME,modify,5,m2-closure-0.1,2026-06-16T19:12:07.021Z
4208,43,src/query.zig,query.COL_NAME,reference,5,m2-closure-0.1,2026-06-16T19:12:07.022Z
4208,43,src/query.zig,query.COL_OWNER,modify,5,m2-closure-0.1,2026-06-16T19:12:07.021Z
4208,43,src/query.zig,query.COL_OWNER,reference,5,m2-closure-0.1,2026-06-16T19:12:07.021Z
4208,43,src/query.zig,query.COL_PROVIDER,modify,5,m2-closure-0.1,2026-06-16T19:12:07.021Z
4208,43,src/query.zig,query.COL_PROVIDER,reference,5,m2-closure-0.1,2026-06-16T19:12:07.021Z
4208,43,src/query.zig,query.Io,modify,7,m2-closure-0.1,2026-06-16T19:12:07.021Z
4208,43,src/query.zig,query.Io,reference,7,m2-closure-0.1,2026-06-16T19:12:07.021Z
4208,43,src/query.zig,query.QueryArgs,modify,52,m2-closure-0.1,2026-06-16T19:12:07.021Z
4208,43,src/query.zig,query.QueryArgs,reference,52,m2-closure-0.1,2026-06-16T19:12:07.020Z
4208,43,src/query.zig,query.QueryResult,modify,14,m2-closure-0.1,2026-06-16T19:12:07.021Z
4208,43,src/query.zig,query.QueryResult,reference,14,m2-closure-0.1,2026-06-16T19:12:07.021Z
4208,43,src/query.zig,query.QueryResult.err,reference,14,m2-closure-0.1,2026-06-16T19:12:07.021Z
4208,43,src/query.zig,query.QueryResult.invalid_args,reference,14,m2-closure-0.1,2026-06-16T19:12:07.021Z
4208,43,src/query.zig,query.QueryResult.ok,reference,14,m2-closure-0.1,2026-06-16T19:12:07.021Z
4208,43,src/query.zig,query.QueryRow,modify,50,m2-closure-0.1,2026-06-16T19:12:07.022Z
4208,43,src/query.zig,query.QueryRow,reference,50,m2-closure-0.1,2026-06-16T19:12:07.021Z
4208,43,src/query.zig,query.c,modify,10,m2-closure-0.1,2026-06-16T19:12:07.021Z
4208,43,src/query.zig,query.c,reference,10,m2-closure-0.1,2026-06-16T19:12:07.021Z
4208,43,src/query.zig,query.cache_mod,modify,8,m2-closure-0.1,2026-06-16T19:12:07.021Z
4208,43,src/query.zig,query.cache_mod,reference,8,m2-closure-0.1,2026-06-16T19:12:07.021Z
4208,43,src/query.zig,query.capabilityMatrixForKind,modify,80,m2-closure-0.1,2026-06-16T19:12:07.021Z
4208,43,src/query.zig,query.capabilityMatrixForKind,reference,80,m2-closure-0.1,2026-06-16T19:12:07.021Z
4208,43,src/query.zig,query.collectRepoSettings,modify,134,m2-closure-0.1,2026-06-16T19:12:07.021Z
4208,43,src/query.zig,query.collectRepoSettings,reference,134,m2-closure-0.1,2026-06-16T19:12:07.021Z
4208,43,src/query.zig,query.emitHuman,modify,225,m2-closure-0.1,2026-06-16T19:12:07.020Z
4208,43,src/query.zig,query.emitHuman,reference,225,m2-closure-0.1,2026-06-16T19:12:07.021Z
4208,43,src/query.zig,query.fake_provider,modify,8,m2-closure-0.1,2026-06-16T19:12:07.020Z
4208,43,src/query.zig,query.fake_provider,reference,8,m2-closure-0.1,2026-06-16T19:12:07.021Z
4208,43,src/query.zig,query.filter,modify,8,m2-closure-0.1,2026-06-16T19:12:07.021Z
4208,43,src/query.zig,query.filter,reference,8,m2-closure-0.1,2026-06-16T19:12:07.021Z
4208,43,src/query.zig,query.github_provider,modify,8,m2-closure-0.1,2026-06-16T19:12:07.020Z
4208,43,src/query.zig,query.github_provider,reference,8,m2-closure-0.1,2026-06-16T19:12:07.020Z
4208,43,src/query.zig,query.gitlab_provider,modify,8,m2-closure-0.1,2026-06-16T19:12:07.021Z
4208,43,src/query.zig,query.gitlab_provider,reference,8,m2-closure-0.1,2026-06-16T19:12:07.021Z
4208,43,src/query.zig,query.insertRepo,modify,103,m2-closure-0.1,2026-06-16T19:12:07.021Z
4208,43,src/query.zig,query.insertRepo,reference,103,m2-closure-0.1,2026-06-16T19:12:07.021Z
4208,43,src/query.zig,query.manifest_mod,modify,8,m2-closure-0.1,2026-06-16T19:12:07.021Z
4208,43,src/query.zig,query.manifest_mod,reference,8,m2-closure-0.1,2026-06-16T19:12:07.022Z
4208,43,src/query.zig,query.output_mod,modify,8,m2-closure-0.1,2026-06-16T19:12:07.020Z
4208,43,src/query.zig,query.output_mod,reference,8,m2-closure-0.1,2026-06-16T19:12:07.022Z
4208,43,src/query.zig,query.planner_mod,modify,8,m2-closure-0.1,2026-06-16T19:12:07.021Z
4208,43,src/query.zig,query.planner_mod,reference,8,m2-closure-0.1,2026-06-16T19:12:07.021Z
4208,43,src/query.zig,query.provider_mod,modify,8,m2-closure-0.1,2026-06-16T19:12:07.021Z
4208,43,src/query.zig,query.provider_mod,reference,8,m2-closure-0.1,2026-06-16T19:12:07.022Z
4208,43,src/query.zig,query.runQuery,modify,226,m2-closure-0.1,2026-06-16T19:12:07.020Z
4208,43,src/query.zig,query.runQueryWithCache,modify,882,m2-closure-0.1,2026-06-16T19:12:07.021Z
4208,43,src/query.zig,query.runQueryWithCache,reference,882,m2-closure-0.1,2026-06-16T19:12:07.021Z
4208,43,src/query.zig,query.runSqlEscapeHatch,modify,1108,m2-closure-0.1,2026-06-16T19:12:07.021Z
4208,43,src/query.zig,query.runSqlEscapeHatch,reference,1108,m2-closure-0.1,2026-06-16T19:12:07.021Z
4208,43,src/query.zig,query.sqlReadOnlyAuth,modify,97,m2-closure-0.1,2026-06-16T19:12:07.021Z
4208,43,src/query.zig,query.sqlReadOnlyAuth,reference,97,m2-closure-0.1,2026-06-16T19:12:07.021Z
4208,43,src/query.zig,query.sshbare_provider,modify,8,m2-closure-0.1,2026-06-16T19:12:07.020Z
4208,43,src/query.zig,query.sshbare_provider,reference,8,m2-closure-0.1,2026-06-16T19:12:07.020Z
4208,43,src/query.zig,query.std,modify,8,m2-closure-0.1,2026-06-16T19:12:07.021Z
4208,43,src/query.zig,query.std,reference,8,m2-closure-0.1,2026-06-16T19:12:07.022Z
4208,43,src/query.zig,query.testing,modify,7,m2-closure-0.1,2026-06-16T19:12:07.021Z
4208,43,src/query.zig,query.testing,reference,7,m2-closure-0.1,2026-06-16T19:12:07.021Z
4208,43,src/query.zig,query.writeJsonString,modify,146,m2-closure-0.1,2026-06-16T19:12:07.021Z
4208,43,src/query.zig,query.writeJsonString,reference,146,m2-closure-0.1,2026-06-16T19:12:07.022Z
4208,43,src/sshbare/provider.zig,provider.ssh_bare_matrix,reference,130,m2-closure-0.1,2026-06-16T19:12:07.022Z
4240,43,apply,"apply.test:--json output schema: typed parse into ApplyOutput round-trips plan/outcomes/summary",modify,0,m2-closure-0.1,2026-06-20T11:23:36.587Z
4240,43,apply,"apply.test:--json: dry-run output parses as JSON with expected schema",modify,0,m2-closure-0.1,2026-06-20T11:23:36.588Z
4240,43,apply,"apply.test:--resume classification: 2 done + 1 retried after first apply with 1 failure",modify,0,m2-closure-0.1,2026-06-20T11:23:36.590Z
4240,43,apply,"apply.test:--resume flag: output includes resume summary (2 skipped done / 1 retried / 0 fresh)",modify,0,m2-closure-0.1,2026-06-20T11:23:36.589Z
4240,43,apply,"apply.test:--resume on fresh cache: all 3 repos classified fresh",modify,0,m2-closure-0.1,2026-06-20T11:23:36.591Z
4240,43,apply,"apply.test:S-E1 --json: empty manifest produces valid JSON nothing-to-do",modify,0,m2-closure-0.1,2026-06-20T11:23:36.584Z
4240,43,apply,"apply.test:S-E1: empty [[repos]] → nothing to do, zero audit rows",modify,0,m2-closure-0.1,2026-06-20T11:23:36.585Z
4240,43,apply,"apply.test:S-G1: branch_protection on ssh-bare → UnsupportedField warning, audit_log extension_skip, exit 0",modify,0,m2-closure-0.1,2026-06-20T11:23:36.587Z
4240,43,apply,"apply.test:S-H1: 3-repo manifest + stub REST + bare push target → all 3 succeed, 3 audit rows",modify,0,m2-closure-0.1,2026-06-20T11:23:36.585Z
4240,43,apply,"apply.test:S-H2: mixed-provider fleet apply — 2 GitHub + 2 GitLab, all 4 succeed",modify,0,m2-closure-0.1,2026-06-20T11:23:36.588Z
4240,43,apply,"apply.test:audit_log quoting safety: extension_skip repo+field with quotes and backslashes survives JSON round-trip",modify,0,m2-closure-0.1,2026-06-20T11:23:36.591Z
4240,43,apply,"apply.test:audit_log quoting safety: repo name with quotes and backslashes survives JSON round-trip",modify,0,m2-closure-0.1,2026-06-20T11:23:36.587Z
4240,43,apply,"apply.test:cross-provider isolation: gitlab 422 does not prevent github repo from succeeding",modify,0,m2-closure-0.1,2026-06-20T11:23:36.585Z
4240,43,apply,"apply.test:dispatchExtensionOps: branch_protection_set calls BranchProtectionVTable.set",modify,0,m2-closure-0.1,2026-06-20T11:23:36.587Z
4240,43,apply,"apply.test:dispatchExtensionOps: gitlab — branch_protection_set receives owner%2Fname repo_id (task 3558)",modify,0,m2-closure-0.1,2026-06-20T11:23:36.585Z
4240,43,apply,"apply.test:dry-run: prints plan, exits 0, zero API calls, zero audit rows",modify,0,m2-closure-0.1,2026-06-20T11:23:36.589Z
4240,43,apply,"apply.test:extension on github warns: capability-driven, not provider-hardcoded",modify,0,m2-closure-0.1,2026-06-20T11:23:36.587Z
4240,43,apply,"apply.test:findCompletedScaffold: true when matching row exists, false otherwise",modify,0,m2-closure-0.1,2026-06-20T11:23:36.585Z
4240,43,apply,"apply.test:idempotency: second apply skips repos with prior successful push_initial_commit",modify,0,m2-closure-0.1,2026-06-20T11:23:36.584Z
4240,43,apply,"apply.test:no-extensions ssh-bare: scaffold succeeds, zero extension_skip rows",modify,0,m2-closure-0.1,2026-06-20T11:23:36.589Z
4240,43,apply,"apply.test:op_kind: backward-compat NULL row is readable after migration 0003",modify,0,m2-closure-0.1,2026-06-20T11:23:36.589Z
4240,43,apply,"apply.test:op_kind: writeAuditLog writes and reads back op_kind correctly",modify,0,m2-closure-0.1,2026-06-20T11:23:36.590Z
4240,43,apply,"apply.test:op_kind: writeAuditLogForScaffold derives op_kind via @tagName(opKind(op))",modify,0,m2-closure-0.1,2026-06-20T11:23:36.587Z
4240,43,apply,"apply.test:per-repo best-effort: stub returns 422 → all repos fail, exit non-zero, 3 failure rows",modify,0,m2-closure-0.1,2026-06-20T11:23:36.587Z
4240,43,apply,"apply.test:per-repo isolation: 201/422/201 sequence → 2 succeeded, 1 failed, all 3 in stdout",modify,0,m2-closure-0.1,2026-06-20T11:23:36.591Z
4240,43,apply,"apply.test:scenario 386 apply arm: already-scaffolded repo with BP drift → PUT reaches production path",modify,0,m2-closure-0.1,2026-06-20T11:23:36.590Z
4240,43,apply,"apply.test:task 3269: already-scaffolded repo with default_branch drift → PATCH reaches production path",modify,0,m2-closure-0.1,2026-06-20T11:23:36.591Z
4240,43,apply,"apply.test:writeAuditLog: inserts rows with correct fields",modify,0,m2-closure-0.1,2026-06-20T11:23:36.591Z
4240,43,archive,"archive.test:S-G5: archive dry-run plan equals real-run execution set",modify,0,m2-closure-0.1,2026-06-20T11:23:36.590Z
4240,43,archive,"archive.test:archive: --dry-run --json produces valid JSON (T8)",modify,0,m2-closure-0.1,2026-06-20T11:23:36.585Z
4240,43,archive,"archive.test:archive: --dry-run does not mutate cache or audit_log (T3)",modify,0,m2-closure-0.1,2026-06-20T11:23:36.586Z
4240,43,archive,"archive.test:archive: --dry-run makes no provider call, no cache write, no audit row (M7)",modify,0,m2-closure-0.1,2026-06-20T11:23:36.584Z
4240,43,archive,"archive.test:archive: GitLab archive request path contains owner%2Fname (not raw slash)",modify,0,m2-closure-0.1,2026-06-20T11:23:36.586Z
4240,43,archive,"archive.test:archive: archiveWithProvider FakeProvider records call + cache update + audit row",modify,0,m2-closure-0.1,2026-06-20T11:23:36.587Z
4240,43,archive,"archive.test:archive: audit_log rows have op_kind = irreversible (T4)",modify,0,m2-closure-0.1,2026-06-20T11:23:36.585Z
4240,43,archive,"archive.test:archive: filter selects subset, only matched repos archived (T1)",modify,0,m2-closure-0.1,2026-06-20T11:23:36.588Z
4240,43,archive,"archive.test:archive: filter.buildFilterRow correctly classifies archived repos (T5)",modify,0,m2-closure-0.1,2026-06-20T11:23:36.586Z
4240,43,archive,"archive.test:archive: github repo gets real provider archive call + cache extras updated + audit row (M7)",modify,0,m2-closure-0.1,2026-06-20T11:23:36.584Z
4240,43,archive,"archive.test:archive: missing_filter when filter is empty string (T7)",modify,0,m2-closure-0.1,2026-06-20T11:23:36.588Z
4240,43,archive,"archive.test:archive: no_match returns .no_match without writes (T6)",modify,0,m2-closure-0.1,2026-06-20T11:23:36.588Z
4240,43,archive,"archive.test:archive: per-repo best-effort: all matched repos processed (T2)",modify,0,m2-closure-0.1,2026-06-20T11:23:36.587Z
4240,43,archive,"archive.test:archive: ssh-bare repo skipped_unsupported — not error, batch continues (M7 D16)",modify,0,m2-closure-0.1,2026-06-20T11:23:36.587Z
4240,43,archive,"archive.test:buildArchivedExtras: already archived:true stays archived:true (T9d)",modify,0,m2-closure-0.1,2026-06-20T11:23:36.586Z
4240,43,archive,"archive.test:buildArchivedExtras: empty extras yields archived:true (T9a)",modify,0,m2-closure-0.1,2026-06-20T11:23:36.591Z
4240,43,archive,"archive.test:buildArchivedExtras: existing archived:false becomes archived:true (T9b)",modify,0,m2-closure-0.1,2026-06-20T11:23:36.586Z
4240,43,archive,"archive.test:buildArchivedExtras: existing object without archived key gets it appended (T9c)",modify,0,m2-closure-0.1,2026-06-20T11:23:36.585Z
4240,43,archive,"archive.test:buildArchivedExtras: malformed JSON yields minimal blob (T9e)",modify,0,m2-closure-0.1,2026-06-20T11:23:36.586Z
4240,43,cache,"cache.test:0002->0003 migration: existing rows survive with NULL op_kind",modify,0,m2-closure-0.1,2026-06-20T11:23:36.591Z
4240,43,cache,"cache.test:S-E2: open fresh in-memory DB migrates to latest version, audit_log has 0 rows",modify,0,m2-closure-0.1,2026-06-20T11:23:36.588Z
4240,43,cache,"cache.test:S-G7: N->N+1 migration preserves existing audit_log rows",modify,0,m2-closure-0.1,2026-06-20T11:23:36.589Z
4240,43,cache,"cache.test:atomicity: a broken migration leaves DB at prior version",modify,0,m2-closure-0.1,2026-06-20T11:23:36.589Z
4240,43,cache,"cache.test:countObservedRepos: multi-provider counts are independent",modify,0,m2-closure-0.1,2026-06-20T11:23:36.589Z
4240,43,cache,"cache.test:fetchExtrasAndObservedAt: returns empty extras for missing row (soft-fail)",modify,0,m2-closure-0.1,2026-06-20T11:23:36.588Z
4240,43,cache,"cache.test:fetchExtrasAndObservedAt: returns extras and observed_at for existing row",modify,0,m2-closure-0.1,2026-06-20T11:23:36.589Z
4240,43,cache,"cache.test:latestSchemaVersion returns 5",modify,0,m2-closure-0.1,2026-06-20T11:23:36.584Z
4240,43,cache,"cache.test:listObservedReposWithExtras: empty table returns empty slice",modify,0,m2-closure-0.1,2026-06-20T11:23:36.586Z
4240,43,cache,"cache.test:listObservedReposWithExtras: returns rows including extras column",modify,0,m2-closure-0.1,2026-06-20T11:23:36.589Z
4240,43,cache,"cache.test:new rows after migration 0003 have op_kind populated",modify,0,m2-closure-0.1,2026-06-20T11:23:36.587Z
4240,43,cache,"cache.test:observed_settings: listObservedExtensionSettings returns empty slice when no rows",modify,0,m2-closure-0.1,2026-06-20T11:23:36.586Z
4240,43,cache,"cache.test:observed_settings: table exists and listObservedExtensionSettings returns inserted rows",modify,0,m2-closure-0.1,2026-06-20T11:23:36.590Z
4240,43,cache,"cache.test:schema version 5 on fresh cache",modify,0,m2-closure-0.1,2026-06-20T11:23:36.590Z
4240,43,cache,"cache.test:updateRepoExtras: no-op for non-existent row (0 rows affected, no error)",modify,0,m2-closure-0.1,2026-06-20T11:23:36.586Z
4240,43,cache,"cache.test:updateRepoExtras: updates the extras column for an existing row",modify,0,m2-closure-0.1,2026-06-20T11:23:36.586Z
4240,43,cache,"cache.test:upsertObservedRepo: UPSERT idempotency — second upsert updates observed_at, count stays 1",modify,0,m2-closure-0.1,2026-06-20T11:23:36.585Z
4240,43,cache,"cache.test:upsertObservedRepo: inserts a new row",modify,0,m2-closure-0.1,2026-06-20T11:23:36.591Z
4240,43,cache,"cache.test:writeAuditLog: inserts a row readable back",modify,0,m2-closure-0.1,2026-06-20T11:23:36.587Z
4240,43,cache,"cache.test:writeAuditLog: multiple rows accumulate",modify,0,m2-closure-0.1,2026-06-20T11:23:36.589Z
4240,43,query,"query.test:--sql and non-empty expr together returns .invalid_args (mutual exclusion)",modify,0,m2-closure-0.1,2026-06-20T11:23:36.590Z
4240,43,query,"query.test:--sql read-only: DELETE is denied with clear message and no mutation",modify,0,m2-closure-0.1,2026-06-20T11:23:36.588Z
4240,43,query,"query.test:--sql read-only: INSERT is denied with clear message and no mutation",modify,0,m2-closure-0.1,2026-06-20T11:23:36.585Z
4240,43,query,"query.test:--sql read-only: SELECT still works after a denied write attempt (authorizer cleared)",modify,0,m2-closure-0.1,2026-06-20T11:23:36.588Z
4240,43,query,"query.test:--sql with invalid SQL returns .err (no crash)",modify,0,m2-closure-0.1,2026-06-20T11:23:36.590Z
4240,43,query,"query.test:--sql with populated cache returns rows as JSON",modify,0,m2-closure-0.1,2026-06-20T11:23:36.585Z
4240,43,query,"query.test:--sql with populated cache returns rows as human table",modify,0,m2-closure-0.1,2026-06-20T11:23:36.590Z
4240,43,query,"query.test:S-E4: query matching zero repos returns empty result deterministically (JSON: [])",modify,0,m2-closure-0.1,2026-06-20T11:23:36.591Z
4240,43,query,"query.test:query 'archived' filter: only archived repos (extras JSON) match",modify,0,m2-closure-0.1,2026-06-20T11:23:36.591Z
4240,43,query,"query.test:query 'private' filter: only private repos match",modify,0,m2-closure-0.1,2026-06-20T11:23:36.590Z
4240,43,query,"query.test:query human table output: matched repos printed as a table",modify,0,m2-closure-0.1,2026-06-20T11:23:36.590Z
4240,43,query,"query.test:query human table output: no matches prints informational message",modify,0,m2-closure-0.1,2026-06-20T11:23:36.586Z
4240,43,query,"query.test:query matching repos: JSON output with deterministic (provider_kind, name) ordering",modify,0,m2-closure-0.1,2026-06-20T11:23:36.589Z
4240,43,query,"query.test:query on empty cache returns [] JSON",modify,0,m2-closure-0.1,2026-06-20T11:23:36.588Z
4240,43,query,"query.test:query with empty expression returns .invalid_args",modify,0,m2-closure-0.1,2026-06-20T11:23:36.589Z
4240,43,query,"query.test:query with invalid filter expression returns .invalid_args (no crash)",modify,0,m2-closure-0.1,2026-06-20T11:23:36.588Z
4240,43,rotate_webhooks,"rotate_webhooks.test:S-G5: rotate-webhooks dry-run plan equals real-run execution set",modify,0,m2-closure-0.1,2026-06-20T11:23:36.590Z
4240,43,rotate_webhooks,"rotate_webhooks.test:production path: runRotateWebhooksWithCache uses real GitHubProvider via stub server",modify,0,m2-closure-0.1,2026-06-20T11:23:36.586Z
4240,43,rotate_webhooks,"rotate_webhooks.test:rotate-webhooks: audit_log row written after successful rotate (reversible)",modify,0,m2-closure-0.1,2026-06-20T11:23:36.585Z
4240,43,rotate_webhooks,"rotate_webhooks.test:rotate-webhooks: dry-run does not call update and writes no audit rows",modify,0,m2-closure-0.1,2026-06-20T11:23:36.591Z
4240,43,rotate_webhooks,"rotate_webhooks.test:rotate-webhooks: filter selects matched subset via buildFilterRow + eval",modify,0,m2-closure-0.1,2026-06-20T11:23:36.588Z
4240,43,rotate_webhooks,"rotate_webhooks.test:rotate-webhooks: github — list and update receive bare repo name, no encoding (task 3558)",modify,0,m2-closure-0.1,2026-06-20T11:23:36.586Z
4240,43,rotate_webhooks,"rotate_webhooks.test:rotate-webhooks: gitlab — list and update receive owner%2Fname repo_id (task 3558)",modify,0,m2-closure-0.1,2026-06-20T11:23:36.588Z
4240,43,rotate_webhooks,"rotate_webhooks.test:rotate-webhooks: has-webhooks tag present for github, absent for ssh-bare",modify,0,m2-closure-0.1,2026-06-20T11:23:36.587Z
4240,43,rotate_webhooks,"rotate_webhooks.test:rotate-webhooks: invalid filter returns invalid_filter",modify,0,m2-closure-0.1,2026-06-20T11:23:36.590Z
4240,43,rotate_webhooks,"rotate_webhooks.test:rotate-webhooks: missing --to returns missing_to_url",modify,0,m2-closure-0.1,2026-06-20T11:23:36.586Z
4240,43,rotate_webhooks,"rotate_webhooks.test:rotate-webhooks: no_match returned when no repos match filter",modify,0,m2-closure-0.1,2026-06-20T11:23:36.591Z
4240,43,rotate_webhooks,"rotate_webhooks.test:rotate-webhooks: parseWebhookIdsFromPayload extracts string ids (github)",modify,0,m2-closure-0.1,2026-06-20T11:23:36.587Z
4240,43,rotate_webhooks,"rotate_webhooks.test:rotate-webhooks: parseWebhookIdsFromPayload handles integer ids (gitlab)",modify,0,m2-closure-0.1,2026-06-20T11:23:36.590Z
4240,43,rotate_webhooks,"rotate_webhooks.test:rotate-webhooks: parseWebhookIdsFromPayload returns empty on empty payload",modify,0,m2-closure-0.1,2026-06-20T11:23:36.585Z
4240,43,rotate_webhooks,"rotate_webhooks.test:rotate-webhooks: rotateWithProvider calls update with --to url",modify,0,m2-closure-0.1,2026-06-20T11:23:36.585Z
4240,43,rotate_webhooks,"rotate_webhooks.test:rotate-webhooks: rotateWithProvider updates all webhooks in a repo",modify,0,m2-closure-0.1,2026-06-20T11:23:36.584Z
4240,43,rotate_webhooks,"rotate_webhooks.test:rotate-webhooks: unsupported provider emits UnsupportedField and does not abort batch",modify,0,m2-closure-0.1,2026-06-20T11:23:36.584Z
4240,43,src/apply.zig,apply.Allocator,modify,9,m2-closure-0.1,2026-06-20T11:23:36.588Z
4240,43,src/apply.zig,apply.Allocator,reference,9,m2-closure-0.1,2026-06-20T11:23:36.591Z
4240,43,src/apply.zig,apply.ApplyArgs,modify,40,m2-closure-0.1,2026-06-20T11:23:36.587Z
4240,43,src/apply.zig,apply.ApplyArgs,reference,40,m2-closure-0.1,2026-06-20T11:23:36.584Z
4240,43,src/apply.zig,apply.ApplyOutput,modify,26,m2-closure-0.1,2026-06-20T11:23:36.585Z
4240,43,src/apply.zig,apply.ApplyOutput,reference,26,m2-closure-0.1,2026-06-20T11:23:36.587Z
4240,43,src/apply.zig,apply.ApplyOutputWithResume,modify,29,m2-closure-0.1,2026-06-20T11:23:36.586Z
4240,43,src/apply.zig,apply.ApplyOutputWithResume,reference,29,m2-closure-0.1,2026-06-20T11:23:36.591Z
4240,43,src/apply.zig,apply.ApplyResult,modify,16,m2-closure-0.1,2026-06-20T11:23:36.587Z
4240,43,src/apply.zig,apply.ApplyResult,reference,16,m2-closure-0.1,2026-06-20T11:23:36.588Z
4240,43,src/apply.zig,apply.ApplyResult.nothing_to_do,reference,16,m2-closure-0.1,2026-06-20T11:23:36.587Z
4240,43,src/apply.zig,apply.ApplyResult.ok,reference,16,m2-closure-0.1,2026-06-20T11:23:36.585Z
4240,43,src/apply.zig,apply.ApplyResult.some_failed,reference,16,m2-closure-0.1,2026-06-20T11:23:36.589Z
4240,43,src/apply.zig,apply.ApplySummary,modify,24,m2-closure-0.1,2026-06-20T11:23:36.586Z
4240,43,src/apply.zig,apply.ApplySummary,reference,24,m2-closure-0.1,2026-06-20T11:23:36.585Z
4240,43,src/apply.zig,apply.AuditDetails,modify,28,m2-closure-0.1,2026-06-20T11:23:36.591Z
4240,43,src/apply.zig,apply.AuditDetails,reference,28,m2-closure-0.1,2026-06-20T11:23:36.586Z
4240,43,src/apply.zig,apply.CollaboratorPayload,modify,20,m2-closure-0.1,2026-06-20T11:23:36.586Z
4240,43,src/apply.zig,apply.CollaboratorPayload,reference,20,m2-closure-0.1,2026-06-20T11:23:36.589Z
4240,43,src/apply.zig,apply.ExtensionSkipDetails,modify,28,m2-closure-0.1,2026-06-20T11:23:36.585Z
4240,43,src/apply.zig,apply.ExtensionSkipDetails,reference,28,m2-closure-0.1,2026-06-20T11:23:36.591Z
4240,43,src/apply.zig,apply.Io,modify,7,m2-closure-0.1,2026-06-20T11:23:36.585Z
4240,43,src/apply.zig,apply.Io,reference,7,m2-closure-0.1,2026-06-20T11:23:36.590Z
4240,43,src/apply.zig,apply.MultiSeqStubCtx,modify,57,m2-closure-0.1,2026-06-20T11:23:36.586Z
4240,43,src/apply.zig,apply.MultiSeqStubCtx,reference,57,m2-closure-0.1,2026-06-20T11:23:36.584Z
4240,43,src/apply.zig,apply.PlanEntry,modify,29,m2-closure-0.1,2026-06-20T11:23:36.585Z
4240,43,src/apply.zig,apply.PlanEntry,reference,29,m2-closure-0.1,2026-06-20T11:23:36.587Z
4240,43,src/apply.zig,apply.RepoOutcome,modify,33,m2-closure-0.1,2026-06-20T11:23:36.589Z
4240,43,src/apply.zig,apply.RepoOutcome,reference,33,m2-closure-0.1,2026-06-20T11:23:36.587Z
4240,43,src/apply.zig,apply.RepoStatus,modify,13,m2-closure-0.1,2026-06-20T11:23:36.586Z
4240,43,src/apply.zig,apply.RepoStatus,reference,13,m2-closure-0.1,2026-06-20T11:23:36.590Z
4240,43,src/apply.zig,apply.ResumeClass,modify,13,m2-closure-0.1,2026-06-20T11:23:36.585Z
4240,43,src/apply.zig,apply.ResumeClass,reference,13,m2-closure-0.1,2026-06-20T11:23:36.586Z
4240,43,src/apply.zig,apply.ResumeClass.done,reference,13,m2-closure-0.1,2026-06-20T11:23:36.586Z
4240,43,src/apply.zig,apply.ResumeClass.fresh,reference,13,m2-closure-0.1,2026-06-20T11:23:36.589Z
4240,43,src/apply.zig,apply.ResumeClass.retried,reference,13,m2-closure-0.1,2026-06-20T11:23:36.588Z
4240,43,src/apply.zig,apply.ResumeSummary,modify,20,m2-closure-0.1,2026-06-20T11:23:36.591Z
4240,43,src/apply.zig,apply.ResumeSummary,reference,20,m2-closure-0.1,2026-06-20T11:23:36.591Z
4240,43,src/apply.zig,apply.StubCtx,modify,62,m2-closure-0.1,2026-06-20T11:23:36.590Z
4240,43,src/apply.zig,apply.StubCtx,reference,62,m2-closure-0.1,2026-06-20T11:23:36.587Z
4240,43,src/apply.zig,apply.buildScaffoldExtensionAction,modify,538,m2-closure-0.1,2026-06-20T11:23:36.589Z
4240,43,src/apply.zig,apply.buildScaffoldExtensionAction,reference,538,m2-closure-0.1,2026-06-20T11:23:36.587Z
4240,43,src/apply.zig,apply.c,modify,10,m2-closure-0.1,2026-06-20T11:23:36.590Z
4240,43,src/apply.zig,apply.c,reference,10,m2-closure-0.1,2026-06-20T11:23:36.588Z
4240,43,src/apply.zig,apply.cache_mod,modify,8,m2-closure-0.1,2026-06-20T11:23:36.585Z
4240,43,src/apply.zig,apply.cache_mod,reference,8,m2-closure-0.1,2026-06-20T11:23:36.584Z
4240,43,src/apply.zig,apply.classifyForResume,modify,63,m2-closure-0.1,2026-06-20T11:23:36.588Z
4240,43,src/apply.zig,apply.classifyForResume,reference,63,m2-closure-0.1,2026-06-20T11:23:36.589Z
4240,43,src/apply.zig,apply.countAuditRows,modify,105,m2-closure-0.1,2026-06-20T11:23:36.590Z
4240,43,src/apply.zig,apply.countAuditRows,reference,105,m2-closure-0.1,2026-06-20T11:23:36.588Z
4240,43,src/apply.zig,apply.countAuditRowsByDetails,modify,256,m2-closure-0.1,2026-06-20T11:23:36.585Z
4240,43,src/apply.zig,apply.countAuditRowsByDetails,reference,256,m2-closure-0.1,2026-06-20T11:23:36.585Z
4240,43,src/apply.zig,apply.countAuditRowsByProvider,modify,291,m2-closure-0.1,2026-06-20T11:23:36.585Z
4240,43,src/apply.zig,apply.countAuditRowsByProvider,reference,291,m2-closure-0.1,2026-06-20T11:23:36.584Z
4240,43,src/apply.zig,apply.countAuditRowsWhere,modify,208,m2-closure-0.1,2026-06-20T11:23:36.591Z
4240,43,src/apply.zig,apply.countAuditRowsWhere,reference,208,m2-closure-0.1,2026-06-20T11:23:36.587Z
4240,43,src/apply.zig,apply.credentials_mod,modify,8,m2-closure-0.1,2026-06-20T11:23:36.587Z
4240,43,src/apply.zig,apply.credentials_mod,reference,8,m2-closure-0.1,2026-06-20T11:23:36.591Z
4240,43,src/apply.zig,apply.dispatchDriftExtensionsForRepo,modify,1093,m2-closure-0.1,2026-06-20T11:23:36.588Z
4240,43,src/apply.zig,apply.dispatchDriftExtensionsForRepo,reference,1093,m2-closure-0.1,2026-06-20T11:23:36.586Z
4240,43,src/apply.zig,apply.dispatchDriftKernelForRepo,modify,1305,m2-closure-0.1,2026-06-20T11:23:36.591Z
4240,43,src/apply.zig,apply.dispatchDriftKernelForRepo,reference,1305,m2-closure-0.1,2026-06-20T11:23:36.587Z
4240,43,src/apply.zig,apply.dispatchExtensionOps,modify,1407,m2-closure-0.1,2026-06-20T11:23:36.588Z
4240,43,src/apply.zig,apply.dispatchExtensionOps,reference,1407,m2-closure-0.1,2026-06-20T11:23:36.586Z
4240,43,src/apply.zig,apply.emitExtensionWarnings,modify,288,m2-closure-0.1,2026-06-20T11:23:36.589Z
4240,43,src/apply.zig,apply.emitExtensionWarnings,reference,288,m2-closure-0.1,2026-06-20T11:23:36.585Z
4240,43,src/apply.zig,apply.executeDryRun,modify,251,m2-closure-0.1,2026-06-20T11:23:36.588Z
4240,43,src/apply.zig,apply.executeDryRun,reference,251,m2-closure-0.1,2026-06-20T11:23:36.589Z
4240,43,src/apply.zig,apply.executeLive,modify,1531,m2-closure-0.1,2026-06-20T11:23:36.591Z
4240,43,src/apply.zig,apply.executeLive,reference,1531,m2-closure-0.1,2026-06-20T11:23:36.584Z
4240,43,src/apply.zig,apply.findAnyScaffoldAttempt,modify,270,m2-closure-0.1,2026-06-20T11:23:36.586Z
4240,43,src/apply.zig,apply.findAnyScaffoldAttempt,reference,270,m2-closure-0.1,2026-06-20T11:23:36.588Z
4240,43,src/apply.zig,apply.findCompletedScaffold,modify,271,m2-closure-0.1,2026-06-20T11:23:36.589Z
4240,43,src/apply.zig,apply.findCompletedScaffold,reference,271,m2-closure-0.1,2026-06-20T11:23:36.585Z
4240,43,src/apply.zig,apply.github_provider_mod,modify,8,m2-closure-0.1,2026-06-20T11:23:36.588Z
4240,43,src/apply.zig,apply.github_provider_mod,reference,8,m2-closure-0.1,2026-06-20T11:23:36.588Z
4240,43,src/apply.zig,apply.gitlab_mod,modify,8,m2-closure-0.1,2026-06-20T11:23:36.589Z
4240,43,src/apply.zig,apply.gitlab_mod,reference,8,m2-closure-0.1,2026-06-20T11:23:36.588Z
4240,43,src/apply.zig,apply.gitlab_provider_mod,modify,8,m2-closure-0.1,2026-06-20T11:23:36.586Z
4240,43,src/apply.zig,apply.gitlab_provider_mod,reference,8,m2-closure-0.1,2026-06-20T11:23:36.590Z
4240,43,src/apply.zig,apply.log,modify,8,m2-closure-0.1,2026-06-20T11:23:36.589Z
4240,43,src/apply.zig,apply.log,reference,8,m2-closure-0.1,2026-06-20T11:23:36.584Z
4240,43,src/apply.zig,apply.makeBareRepo,modify,256,m2-closure-0.1,2026-06-20T11:23:36.585Z
4240,43,src/apply.zig,apply.makeTempDir,modify,170,m2-closure-0.1,2026-06-20T11:23:36.585Z
4240,43,src/apply.zig,apply.makeTempDir,reference,170,m2-closure-0.1,2026-06-20T11:23:36.585Z
4240,43,src/apply.zig,apply.makeTestManifestSource,modify,148,m2-closure-0.1,2026-06-20T11:23:36.591Z
4240,43,src/apply.zig,apply.makeTestManifestSource,reference,148,m2-closure-0.1,2026-06-20T11:23:36.591Z
4240,43,src/apply.zig,apply.makeTestManifestSourceWithDefaultBranch,modify,124,m2-closure-0.1,2026-06-20T11:23:36.588Z
4240,43,src/apply.zig,apply.makeTestManifestSourceWithDefaultBranch,reference,124,m2-closure-0.1,2026-06-20T11:23:36.586Z
4240,43,src/apply.zig,apply.makeTestManifestSourceWithExtension,modify,115,m2-closure-0.1,2026-06-20T11:23:36.589Z
4240,43,src/apply.zig,apply.makeTestManifestSourceWithExtension,reference,115,m2-closure-0.1,2026-06-20T11:23:36.586Z
4240,43,src/apply.zig,apply.manifest_mod,modify,8,m2-closure-0.1,2026-06-20T11:23:36.589Z
4240,43,src/apply.zig,apply.manifest_mod,reference,8,m2-closure-0.1,2026-06-20T11:23:36.587Z
4240,43,src/apply.zig,apply.mkdir,modify,21,m2-closure-0.1,2026-06-20T11:23:36.589Z
4240,43,src/apply.zig,apply.mkdir,reference,21,m2-closure-0.1,2026-06-20T11:23:36.585Z
4240,43,src/apply.zig,apply.multiSeqServer,modify,475,m2-closure-0.1,2026-06-20T11:23:36.586Z
4240,43,src/apply.zig,apply.multiSeqServer,reference,475,m2-closure-0.1,2026-06-20T11:23:36.591Z
4240,43,src/apply.zig,apply.multiShotServer,modify,485,m2-closure-0.1,2026-06-20T11:23:36.591Z
4240,43,src/apply.zig,apply.multiShotServer,reference,485,m2-closure-0.1,2026-06-20T11:23:36.586Z
4240,43,src/apply.zig,apply.output_mod,modify,8,m2-closure-0.1,2026-06-20T11:23:36.589Z
4240,43,src/apply.zig,apply.output_mod,reference,8,m2-closure-0.1,2026-06-20T11:23:36.589Z
4240,43,src/apply.zig,apply.parseBranchProtectionPayload,modify,126,m2-closure-0.1,2026-06-20T11:23:36.589Z
4240,43,src/apply.zig,apply.parseBranchProtectionPayload,reference,126,m2-closure-0.1,2026-06-20T11:23:36.587Z
4240,43,src/apply.zig,apply.parseCollaboratorPayload,modify,226,m2-closure-0.1,2026-06-20T11:23:36.585Z
4240,43,src/apply.zig,apply.parseCollaboratorPayload,reference,226,m2-closure-0.1,2026-06-20T11:23:36.587Z
4240,43,src/apply.zig,apply.planner_mod,modify,8,m2-closure-0.1,2026-06-20T11:23:36.590Z
4240,43,src/apply.zig,apply.planner_mod,reference,8,m2-closure-0.1,2026-06-20T11:23:36.588Z
4240,43,src/apply.zig,apply.printApplyJson,modify,72,m2-closure-0.1,2026-06-20T11:23:36.590Z
4240,43,src/apply.zig,apply.printApplyJson,reference,72,m2-closure-0.1,2026-06-20T11:23:36.588Z
4240,43,src/apply.zig,apply.printApplyJsonWithResume,modify,82,m2-closure-0.1,2026-06-20T11:23:36.588Z
4240,43,src/apply.zig,apply.printApplyJsonWithResume,reference,82,m2-closure-0.1,2026-06-20T11:23:36.589Z
4240,43,src/apply.zig,apply.provider_mod,modify,8,m2-closure-0.1,2026-06-20T11:23:36.587Z
4240,43,src/apply.zig,apply.provider_mod,reference,8,m2-closure-0.1,2026-06-20T11:23:36.591Z
4240,43,src/apply.zig,apply.readOpKind,modify,261,m2-closure-0.1,2026-06-20T11:23:36.587Z
4240,43,src/apply.zig,apply.readOpKind,reference,261,m2-closure-0.1,2026-06-20T11:23:36.589Z
4240,43,src/apply.zig,apply.runApply,modify,226,m2-closure-0.1,2026-06-20T11:23:36.586Z
4240,43,src/apply.zig,apply.runApplyWithCache,modify,497,m2-closure-0.1,2026-06-20T11:23:36.586Z
4240,43,src/apply.zig,apply.runApplyWithCache,reference,497,m2-closure-0.1,2026-06-20T11:23:36.585Z
4240,43,src/apply.zig,apply.scaffoldOneRepo,modify,2441,m2-closure-0.1,2026-06-20T11:23:36.590Z
4240,43,src/apply.zig,apply.scaffoldOneRepo,reference,2441,m2-closure-0.1,2026-06-20T11:23:36.591Z
4240,43,src/apply.zig,apply.scaffoldSshBareRepo,modify,1400,m2-closure-0.1,2026-06-20T11:23:36.584Z
4240,43,src/apply.zig,apply.scaffoldSshBareRepo,reference,1400,m2-closure-0.1,2026-06-20T11:23:36.587Z
4240,43,src/apply.zig,apply.setenv,modify,31,m2-closure-0.1,2026-06-20T11:23:36.589Z
4240,43,src/apply.zig,apply.setenv,reference,31,m2-closure-0.1,2026-06-20T11:23:36.590Z
4240,43,src/apply.zig,apply.sshbare_provider_mod,modify,8,m2-closure-0.1,2026-06-20T11:23:36.586Z
4240,43,src/apply.zig,apply.sshbare_provider_mod,reference,8,m2-closure-0.1,2026-06-20T11:23:36.589Z
4240,43,src/apply.zig,apply.std,modify,8,m2-closure-0.1,2026-06-20T11:23:36.584Z
4240,43,src/apply.zig,apply.std,reference,8,m2-closure-0.1,2026-06-20T11:23:36.591Z
4240,43,src/apply.zig,apply.stubSleepNs,modify,89,m2-closure-0.1,2026-06-20T11:23:36.589Z
4240,43,src/apply.zig,apply.stubSleepNs,reference,89,m2-closure-0.1,2026-06-20T11:23:36.586Z
4240,43,src/apply.zig,apply.template_mod,modify,8,m2-closure-0.1,2026-06-20T11:23:36.586Z
4240,43,src/apply.zig,apply.template_mod,reference,8,m2-closure-0.1,2026-06-20T11:23:36.589Z
4240,43,src/apply.zig,apply.unsetenv,modify,17,m2-closure-0.1,2026-06-20T11:23:36.589Z
4240,43,src/apply.zig,apply.unsetenv,reference,17,m2-closure-0.1,2026-06-20T11:23:36.590Z
4240,43,src/apply.zig,apply.validate_mod,modify,8,m2-closure-0.1,2026-06-20T11:23:36.586Z
4240,43,src/apply.zig,apply.validate_mod,reference,8,m2-closure-0.1,2026-06-20T11:23:36.587Z
4240,43,src/apply.zig,apply.writeAuditLog,modify,290,m2-closure-0.1,2026-06-20T11:23:36.589Z
4240,43,src/apply.zig,apply.writeAuditLog,reference,290,m2-closure-0.1,2026-06-20T11:23:36.591Z
4240,43,src/apply.zig,apply.writeAuditLogForScaffold,modify,139,m2-closure-0.1,2026-06-20T11:23:36.589Z
4240,43,src/apply.zig,apply.writeAuditLogForScaffold,reference,139,m2-closure-0.1,2026-06-20T11:23:36.587Z
4240,43,src/apply.zig,apply.writeAuditLogForScaffoldApply,modify,111,m2-closure-0.1,2026-06-20T11:23:36.589Z
4240,43,src/apply.zig,apply.writeAuditLogForScaffoldApply,reference,111,m2-closure-0.1,2026-06-20T11:23:36.588Z
4240,43,src/apply.zig,apply.writeExtensionAuditLog,modify,118,m2-closure-0.1,2026-06-20T11:23:36.588Z
4240,43,src/apply.zig,apply.writeExtensionAuditLog,reference,118,m2-closure-0.1,2026-06-20T11:23:36.588Z
4240,43,src/apply.zig,apply.writeManifestToTmpDir,modify,127,m2-closure-0.1,2026-06-20T11:23:36.585Z
4240,43,src/apply.zig,apply.writeManifestToTmpDir,reference,127,m2-closure-0.1,2026-06-20T11:23:36.590Z
4240,43,src/archive.zig,archive.Allocator,modify,9,m2-closure-0.1,2026-06-20T11:23:36.590Z
4240,43,src/archive.zig,archive.Allocator,reference,9,m2-closure-0.1,2026-06-20T11:23:36.590Z
4240,43,src/archive.zig,archive.ArchiveArgs,modify,43,m2-closure-0.1,2026-06-20T11:23:36.587Z
4240,43,src/archive.zig,archive.ArchiveArgs,reference,43,m2-closure-0.1,2026-06-20T11:23:36.590Z
4240,43,src/archive.zig,archive.ArchiveOutput,modify,30,m2-closure-0.1,2026-06-20T11:23:36.588Z
4240,43,src/archive.zig,archive.ArchiveOutput,reference,30,m2-closure-0.1,2026-06-20T11:23:36.589Z
4240,43,src/archive.zig,archive.ArchiveResult,modify,26,m2-closure-0.1,2026-06-20T11:23:36.589Z
4240,43,src/archive.zig,archive.ArchiveResult,reference,26,m2-closure-0.1,2026-06-20T11:23:36.589Z
4240,43,src/archive.zig,archive.ArchiveResult.missing_filter,reference,26,m2-closure-0.1,2026-06-20T11:23:36.585Z
4240,43,src/archive.zig,archive.ArchiveResult.no_match,reference,26,m2-closure-0.1,2026-06-20T11:23:36.587Z
4240,43,src/archive.zig,archive.ArchiveResult.ok,reference,26,m2-closure-0.1,2026-06-20T11:23:36.588Z
4240,43,src/archive.zig,archive.ArchiveSummary,modify,20,m2-closure-0.1,2026-06-20T11:23:36.589Z
4240,43,src/archive.zig,archive.ArchiveSummary,reference,20,m2-closure-0.1,2026-06-20T11:23:36.589Z
4240,43,src/archive.zig,archive.CapturingCtx,modify,44,m2-closure-0.1,2026-06-20T11:23:36.590Z
4240,43,src/archive.zig,archive.CapturingCtx,reference,44,m2-closure-0.1,2026-06-20T11:23:36.585Z
4240,43,src/archive.zig,archive.Io,modify,7,m2-closure-0.1,2026-06-20T11:23:36.589Z
4240,43,src/archive.zig,archive.Io,reference,7,m2-closure-0.1,2026-06-20T11:23:36.589Z
4240,43,src/archive.zig,archive.MultiShotCtx,modify,151,m2-closure-0.1,2026-06-20T11:23:36.587Z
4240,43,src/archive.zig,archive.MultiShotCtx,reference,151,m2-closure-0.1,2026-06-20T11:23:36.586Z
4240,43,src/archive.zig,archive.MultiShotCtx.init,reference,151,m2-closure-0.1,2026-06-20T11:23:36.586Z
4240,43,src/archive.zig,archive.RepoArchiveOutcome,modify,33,m2-closure-0.1,2026-06-20T11:23:36.590Z
4240,43,src/archive.zig,archive.RepoArchiveOutcome,reference,33,m2-closure-0.1,2026-06-20T11:23:36.586Z
4240,43,src/archive.zig,archive.RepoArchiveStatus,modify,15,m2-closure-0.1,2026-06-20T11:23:36.585Z
4240,43,src/archive.zig,archive.RepoArchiveStatus,reference,15,m2-closure-0.1,2026-06-20T11:23:36.590Z
4240,43,src/archive.zig,archive.RepoArchiveStatus.archived,reference,15,m2-closure-0.1,2026-06-20T11:23:36.587Z
4240,43,src/archive.zig,archive.STUB_ARCHIVE_RESP_BODY,modify,7,m2-closure-0.1,2026-06-20T11:23:36.588Z
4240,43,src/archive.zig,archive.STUB_ARCHIVE_RESP_BODY,reference,7,m2-closure-0.1,2026-06-20T11:23:36.585Z
4240,43,src/archive.zig,archive.STUB_GL_ARCHIVE_RESP_BODY,modify,7,m2-closure-0.1,2026-06-20T11:23:36.584Z
4240,43,src/archive.zig,archive.STUB_GL_ARCHIVE_RESP_BODY,reference,7,m2-closure-0.1,2026-06-20T11:23:36.586Z
4240,43,src/archive.zig,archive.archiveWithProvider,modify,146,m2-closure-0.1,2026-06-20T11:23:36.590Z
4240,43,src/archive.zig,archive.archiveWithProvider,reference,146,m2-closure-0.1,2026-06-20T11:23:36.591Z
4240,43,src/archive.zig,archive.buildArchivedExtras,modify,291,m2-closure-0.1,2026-06-20T11:23:36.587Z
4240,43,src/archive.zig,archive.buildArchivedExtras,reference,291,m2-closure-0.1,2026-06-20T11:23:36.585Z
4240,43,src/archive.zig,archive.buildProviderAndArchive,modify,737,m2-closure-0.1,2026-06-20T11:23:36.589Z
4240,43,src/archive.zig,archive.buildProviderAndArchive,reference,737,m2-closure-0.1,2026-06-20T11:23:36.591Z
4240,43,src/archive.zig,archive.c,modify,10,m2-closure-0.1,2026-06-20T11:23:36.587Z
4240,43,src/archive.zig,archive.c,reference,10,m2-closure-0.1,2026-06-20T11:23:36.589Z
4240,43,src/archive.zig,archive.cache_mod,modify,8,m2-closure-0.1,2026-06-20T11:23:36.590Z
4240,43,src/archive.zig,archive.cache_mod,reference,8,m2-closure-0.1,2026-06-20T11:23:36.584Z
4240,43,src/archive.zig,archive.capMatrixForKind,modify,64,m2-closure-0.1,2026-06-20T11:23:36.584Z
4240,43,src/archive.zig,archive.capMatrixForKind,reference,64,m2-closure-0.1,2026-06-20T11:23:36.587Z
4240,43,src/archive.zig,archive.capturingSingleShotServer,modify,494,m2-closure-0.1,2026-06-20T11:23:36.590Z
4240,43,src/archive.zig,archive.capturingSingleShotServer,reference,494,m2-closure-0.1,2026-06-20T11:23:36.590Z
4240,43,src/archive.zig,archive.countAllAuditRows,modify,114,m2-closure-0.1,2026-06-20T11:23:36.587Z
4240,43,src/archive.zig,archive.countAllAuditRows,reference,114,m2-closure-0.1,2026-06-20T11:23:36.588Z
4240,43,src/archive.zig,archive.countAuditRows,modify,159,m2-closure-0.1,2026-06-20T11:23:36.591Z
4240,43,src/archive.zig,archive.countAuditRows,reference,159,m2-closure-0.1,2026-06-20T11:23:36.587Z
4240,43,src/archive.zig,archive.credentials_mod,modify,8,m2-closure-0.1,2026-06-20T11:23:36.590Z
4240,43,src/archive.zig,archive.executeDryRun,modify,239,m2-closure-0.1,2026-06-20T11:23:36.590Z
4240,43,src/archive.zig,archive.executeDryRun,reference,239,m2-closure-0.1,2026-06-20T11:23:36.588Z
4240,43,src/archive.zig,archive.executeLive,modify,525,m2-closure-0.1,2026-06-20T11:23:36.586Z
4240,43,src/archive.zig,archive.executeLive,reference,525,m2-closure-0.1,2026-06-20T11:23:36.587Z
4240,43,src/archive.zig,archive.filter_mod,modify,8,m2-closure-0.1,2026-06-20T11:23:36.589Z
4240,43,src/archive.zig,archive.filter_mod,reference,8,m2-closure-0.1,2026-06-20T11:23:36.590Z
4240,43,src/archive.zig,archive.github_provider_mod,modify,8,m2-closure-0.1,2026-06-20T11:23:36.589Z
4240,43,src/archive.zig,archive.github_provider_mod,reference,8,m2-closure-0.1,2026-06-20T11:23:36.585Z
4240,43,src/archive.zig,archive.gitlab_mod,modify,8,m2-closure-0.1,2026-06-20T11:23:36.585Z
4240,43,src/archive.zig,archive.gitlab_mod,reference,8,m2-closure-0.1,2026-06-20T11:23:36.585Z
4240,43,src/archive.zig,archive.gitlab_provider_mod,modify,8,m2-closure-0.1,2026-06-20T11:23:36.588Z
4240,43,src/archive.zig,archive.gitlab_provider_mod,reference,8,m2-closure-0.1,2026-06-20T11:23:36.585Z
4240,43,src/archive.zig,archive.handleArchiveOutcome,modify,186,m2-closure-0.1,2026-06-20T11:23:36.587Z
4240,43,src/archive.zig,archive.handleArchiveOutcome,reference,186,m2-closure-0.1,2026-06-20T11:23:36.591Z
4240,43,src/archive.zig,archive.listObservedReposWithExtras,modify,46,m2-closure-0.1,2026-06-20T11:23:36.589Z
4240,43,src/archive.zig,archive.listObservedReposWithExtras,reference,46,m2-closure-0.1,2026-06-20T11:23:36.586Z
4240,43,src/archive.zig,archive.makeGhArchiveResp,modify,41,m2-closure-0.1,2026-06-20T11:23:36.588Z
4240,43,src/archive.zig,archive.makeGhArchiveResp,reference,41,m2-closure-0.1,2026-06-20T11:23:36.589Z
4240,43,src/archive.zig,archive.makeGlArchiveResp,modify,41,m2-closure-0.1,2026-06-20T11:23:36.590Z
4240,43,src/archive.zig,archive.makeGlArchiveResp,reference,41,m2-closure-0.1,2026-06-20T11:23:36.589Z
4240,43,src/archive.zig,archive.manifest_mod,modify,8,m2-closure-0.1,2026-06-20T11:23:36.586Z
4240,43,src/archive.zig,archive.markArchivedInCache,modify,69,m2-closure-0.1,2026-06-20T11:23:36.587Z
4240,43,src/archive.zig,archive.markArchivedInCache,reference,69,m2-closure-0.1,2026-06-20T11:23:36.587Z
4240,43,src/archive.zig,archive.multiShotServer,modify,493,m2-closure-0.1,2026-06-20T11:23:36.588Z
4240,43,src/archive.zig,archive.multiShotServer,reference,493,m2-closure-0.1,2026-06-20T11:23:36.591Z
4240,43,src/archive.zig,archive.output_mod,modify,8,m2-closure-0.1,2026-06-20T11:23:36.590Z
4240,43,src/archive.zig,archive.output_mod,reference,8,m2-closure-0.1,2026-06-20T11:23:36.590Z
4240,43,src/archive.zig,archive.planner_mod,modify,8,m2-closure-0.1,2026-06-20T11:23:36.590Z
4240,43,src/archive.zig,archive.planner_mod,reference,8,m2-closure-0.1,2026-06-20T11:23:36.586Z
4240,43,src/archive.zig,archive.populateCacheRepos,modify,187,m2-closure-0.1,2026-06-20T11:23:36.590Z
4240,43,src/archive.zig,archive.populateCacheRepos,reference,187,m2-closure-0.1,2026-06-20T11:23:36.590Z
4240,43,src/archive.zig,archive.provider_mod,modify,8,m2-closure-0.1,2026-06-20T11:23:36.584Z
4240,43,src/archive.zig,archive.provider_mod,reference,8,m2-closure-0.1,2026-06-20T11:23:36.585Z
4240,43,src/archive.zig,archive.readExtrasForRepo,modify,319,m2-closure-0.1,2026-06-20T11:23:36.586Z
4240,43,src/archive.zig,archive.readExtrasForRepo,reference,319,m2-closure-0.1,2026-06-20T11:23:36.584Z
4240,43,src/archive.zig,archive.runArchive,modify,262,m2-closure-0.1,2026-06-20T11:23:36.588Z
4240,43,src/archive.zig,archive.runArchiveWithCache,modify,679,m2-closure-0.1,2026-06-20T11:23:36.591Z
4240,43,src/archive.zig,archive.runArchiveWithCache,reference,679,m2-closure-0.1,2026-06-20T11:23:36.589Z
4240,43,src/archive.zig,archive.setenv,modify,31,m2-closure-0.1,2026-06-20T11:23:36.589Z
4240,43,src/archive.zig,archive.setenv,reference,31,m2-closure-0.1,2026-06-20T11:23:36.590Z
4240,43,src/archive.zig,archive.sshbare_provider_mod,modify,8,m2-closure-0.1,2026-06-20T11:23:36.586Z
4240,43,src/archive.zig,archive.sshbare_provider_mod,reference,8,m2-closure-0.1,2026-06-20T11:23:36.586Z
4240,43,src/archive.zig,archive.std,modify,8,m2-closure-0.1,2026-06-20T11:23:36.590Z
4240,43,src/archive.zig,archive.std,reference,8,m2-closure-0.1,2026-06-20T11:23:36.590Z
4240,43,src/archive.zig,archive.testing,modify,7,m2-closure-0.1,2026-06-20T11:23:36.591Z
4240,43,src/archive.zig,archive.testing,reference,7,m2-closure-0.1,2026-06-20T11:23:36.587Z
4240,43,src/archive.zig,archive.unsetenv,modify,17,m2-closure-0.1,2026-06-20T11:23:36.591Z
4240,43,src/archive.zig,archive.unsetenv,reference,17,m2-closure-0.1,2026-06-20T11:23:36.588Z
4240,43,src/archive.zig,archive.writeArchiveAuditLog,modify,43,m2-closure-0.1,2026-06-20T11:23:36.588Z
4240,43,src/archive.zig,archive.writeArchiveAuditLog,reference,43,m2-closure-0.1,2026-06-20T11:23:36.586Z
4240,43,src/archive.zig,archive.writeArchiveAuditLogFull,modify,99,m2-closure-0.1,2026-06-20T11:23:36.586Z
4240,43,src/archive.zig,archive.writeArchiveAuditLogFull,reference,99,m2-closure-0.1,2026-06-20T11:23:36.590Z
4240,43,src/archive.zig,archive.writeArchiveSkipAuditLog,modify,36,m2-closure-0.1,2026-06-20T11:23:36.591Z
4240,43,src/archive.zig,archive.writeArchiveSkipAuditLog,reference,36,m2-closure-0.1,2026-06-20T11:23:36.585Z
4240,43,src/cache.zig,cache.Cache,modify,4255,m2-closure-0.1,2026-06-20T11:23:36.588Z
4240,43,src/cache.zig,cache.Cache,reference,4255,m2-closure-0.1,2026-06-20T11:23:36.589Z
4240,43,src/cache.zig,cache.Cache.ObservedRepo,reference,4255,m2-closure-0.1,2026-06-20T11:23:36.586Z
4240,43,src/cache.zig,cache.Cache.applyMigration,reference,4255,m2-closure-0.1,2026-06-20T11:23:36.588Z
4240,43,src/cache.zig,cache.Cache.applyMigration,transitive,4255,m2-closure-0.1,2026-06-20T11:23:36.585Z
4240,43,src/cache.zig,cache.Cache.db,reference,4255,m2-closure-0.1,2026-06-20T11:23:36.586Z
4240,43,src/cache.zig,cache.Cache.db,transitive,4255,m2-closure-0.1,2026-06-20T11:23:36.585Z
4240,43,src/cache.zig,cache.Cache.open,reference,4255,m2-closure-0.1,2026-06-20T11:23:36.586Z
4240,43,src/cache.zig,cache.Cache.runMigrations,reference,4255,m2-closure-0.1,2026-06-20T11:23:36.589Z
4240,43,src/cache.zig,cache.Cache.runMigrations,transitive,4255,m2-closure-0.1,2026-06-20T11:23:36.587Z
4240,43,src/cache.zig,cache.Cache.schemaVersion,reference,4255,m2-closure-0.1,2026-06-20T11:23:36.586Z
4240,43,src/cache.zig,cache.Cache.schemaVersion,transitive,4255,m2-closure-0.1,2026-06-20T11:23:36.591Z
4240,43,src/cache.zig,cache.CacheError,modify,26,m2-closure-0.1,2026-06-20T11:23:36.584Z
4240,43,src/cache.zig,cache.CacheError,reference,26,m2-closure-0.1,2026-06-20T11:23:36.590Z
4240,43,src/cache.zig,cache.CacheError,transitive,26,m2-closure-0.1,2026-06-20T11:23:36.585Z
4240,43,src/cache.zig,cache.Migration,modify,18,m2-closure-0.1,2026-06-20T11:23:36.589Z
4240,43,src/cache.zig,cache.Migration,reference,18,m2-closure-0.1,2026-06-20T11:23:36.590Z
4240,43,src/cache.zig,cache.Migration,transitive,18,m2-closure-0.1,2026-06-20T11:23:36.585Z
4240,43,src/cache.zig,cache.c,modify,10,m2-closure-0.1,2026-06-20T11:23:36.591Z
4240,43,src/cache.zig,cache.c,reference,10,m2-closure-0.1,2026-06-20T11:23:36.591Z
4240,43,src/cache.zig,cache.c,transitive,10,m2-closure-0.1,2026-06-20T11:23:36.586Z
4240,43,src/cache.zig,cache.latestSchemaVersion,modify,13,m2-closure-0.1,2026-06-20T11:23:36.587Z
4240,43,src/cache.zig,cache.latestSchemaVersion,reference,13,m2-closure-0.1,2026-06-20T11:23:36.587Z
4240,43,src/cache.zig,cache.migrations,modify,101,m2-closure-0.1,2026-06-20T11:23:36.588Z
4240,43,src/cache.zig,cache.migrations,reference,101,m2-closure-0.1,2026-06-20T11:23:36.590Z
4240,43,src/cache.zig,cache.migrations,transitive,101,m2-closure-0.1,2026-06-20T11:23:36.588Z
4240,43,src/cache.zig,cache.openEmptyDb,modify,77,m2-closure-0.1,2026-06-20T11:23:36.585Z
4240,43,src/cache.zig,cache.openEmptyDb,reference,77,m2-closure-0.1,2026-06-20T11:23:36.590Z
4240,43,src/cache.zig,cache.sqliteVersion,modify,27,m2-closure-0.1,2026-06-20T11:23:36.586Z
4240,43,src/cache.zig,cache.std,modify,8,m2-closure-0.1,2026-06-20T11:23:36.587Z
4240,43,src/cache.zig,cache.std,reference,8,m2-closure-0.1,2026-06-20T11:23:36.589Z
4240,43,src/cache.zig,cache.std,transitive,8,m2-closure-0.1,2026-06-20T11:23:36.585Z
4240,43,src/cache.zig,cache.translateRc,modify,80,m2-closure-0.1,2026-06-20T11:23:36.585Z
4240,43,src/cache.zig,cache.translateRc,reference,80,m2-closure-0.1,2026-06-20T11:23:36.587Z
4240,43,src/cache.zig,cache.translateRc,transitive,80,m2-closure-0.1,2026-06-20T11:23:36.586Z
4240,43,src/credentials.zig,credentials.Allocator,transitive,9,m2-closure-0.1,2026-06-20T11:23:36.591Z
4240,43,src/credentials.zig,credentials.CredentialError,transitive,17,m2-closure-0.1,2026-06-20T11:23:36.588Z
4240,43,src/credentials.zig,credentials.CredentialResolver,reference,1012,m2-closure-0.1,2026-06-20T11:23:36.585Z
4240,43,src/credentials.zig,credentials.CredentialResolver.allocator,transitive,1012,m2-closure-0.1,2026-06-20T11:23:36.589Z
4240,43,src/credentials.zig,credentials.GitLabResolverOpts,transitive,19,m2-closure-0.1,2026-06-20T11:23:36.585Z
4240,43,src/credentials.zig,credentials.Io,transitive,7,m2-closure-0.1,2026-06-20T11:23:36.588Z
4240,43,src/credentials.zig,credentials.ResolutionAttempt,transitive,40,m2-closure-0.1,2026-06-20T11:23:36.588Z
4240,43,src/credentials.zig,credentials.ResolvedToken,transitive,31,m2-closure-0.1,2026-06-20T11:23:36.587Z
4240,43,src/credentials.zig,credentials.ResolverOpts,transitive,44,m2-closure-0.1,2026-06-20T11:23:36.586Z
4240,43,src/credentials.zig,credentials.log,transitive,8,m2-closure-0.1,2026-06-20T11:23:36.591Z
4240,43,src/credentials.zig,credentials.resolveGitLab,reference,358,m2-closure-0.1,2026-06-20T11:23:36.590Z
4240,43,src/credentials.zig,credentials.resolveGitLab,transitive,358,m2-closure-0.1,2026-06-20T11:23:36.588Z
4240,43,src/credentials.zig,credentials.std,transitive,8,m2-closure-0.1,2026-06-20T11:23:36.585Z
4240,43,src/filter.zig,filter.FilterExpr,transitive,57,m2-closure-0.1,2026-06-20T11:23:36.586Z
4240,43,src/filter.zig,filter.FilterRow,transitive,78,m2-closure-0.1,2026-06-20T11:23:36.584Z
4240,43,src/filter.zig,filter.ParseResult,transitive,19,m2-closure-0.1,2026-06-20T11:23:36.588Z
4240,43,src/filter.zig,filter.Parser,transitive,1450,m2-closure-0.1,2026-06-20T11:23:36.584Z
4240,43,src/filter.zig,filter.Parser.init,transitive,1450,m2-closure-0.1,2026-06-20T11:23:36.588Z
4240,43,src/filter.zig,filter.buildFilterRow,reference,811,m2-closure-0.1,2026-06-20T11:23:36.586Z
4240,43,src/filter.zig,filter.cache,transitive,8,m2-closure-0.1,2026-06-20T11:23:36.590Z
4240,43,src/filter.zig,filter.eval,reference,23,m2-closure-0.1,2026-06-20T11:23:36.589Z
4240,43,src/filter.zig,filter.evalExpr,transitive,288,m2-closure-0.1,2026-06-20T11:23:36.585Z
4240,43,src/filter.zig,filter.manifest,transitive,8,m2-closure-0.1,2026-06-20T11:23:36.584Z
4240,43,src/filter.zig,filter.parse,reference,46,m2-closure-0.1,2026-06-20T11:23:36.588Z
4240,43,src/filter.zig,filter.parseSqliteDateTime,transitive,458,m2-closure-0.1,2026-06-20T11:23:36.591Z
4240,43,src/filter.zig,filter.planner,transitive,8,m2-closure-0.1,2026-06-20T11:23:36.590Z
4240,43,src/filter.zig,filter.provider,transitive,8,m2-closure-0.1,2026-06-20T11:23:36.586Z
4240,43,src/filter.zig,filter.std,transitive,8,m2-closure-0.1,2026-06-20T11:23:36.590Z
4240,43,src/github/provider.zig,provider.GitHubProvider,reference,2702,m2-closure-0.1,2026-06-20T11:23:36.590Z
4240,43,src/github/provider.zig,provider.OrgOrUser,reference,25,m2-closure-0.1,2026-06-20T11:23:36.590Z
4240,43,src/github/provider.zig,provider.github_matrix,reference,130,m2-closure-0.1,2026-06-20T11:23:36.587Z
4240,43,src/gitlab.zig,gitlab.Allocator,transitive,9,m2-closure-0.1,2026-06-20T11:23:36.591Z
4240,43,src/gitlab.zig,gitlab.Client,transitive,1702,m2-closure-0.1,2026-06-20T11:23:36.585Z
4240,43,src/gitlab.zig,gitlab.encodeProjectPath,reference,49,m2-closure-0.1,2026-06-20T11:23:36.591Z
4240,43,src/gitlab.zig,gitlab.std,transitive,8,m2-closure-0.1,2026-06-20T11:23:36.587Z
4240,43,src/gitlab/extensions.zig,extensions.GitLabExtContext,transitive,25,m2-closure-0.1,2026-06-20T11:23:36.590Z
4240,43,src/gitlab/extensions.zig,extensions.gitlab_branch_protection_vtable,transitive,20,m2-closure-0.1,2026-06-20T11:23:36.590Z
4240,43,src/gitlab/extensions.zig,extensions.gitlab_ci_vtable,transitive,20,m2-closure-0.1,2026-06-20T11:23:36.585Z
4240,43,src/gitlab/extensions.zig,extensions.gitlab_collaborator_vtable,transitive,25,m2-closure-0.1,2026-06-20T11:23:36.589Z
4240,43,src/gitlab/extensions.zig,extensions.gitlab_webhook_vtable,transitive,30,m2-closure-0.1,2026-06-20T11:23:36.590Z
4240,43,src/gitlab/provider.zig,provider.Allocator,transitive,9,m2-closure-0.1,2026-06-20T11:23:36.591Z
4240,43,src/gitlab/provider.zig,provider.CapabilityMatrix,reference,7,m2-closure-0.1,2026-06-20T11:23:36.587Z
4240,43,src/gitlab/provider.zig,provider.GitLabProvider,reference,2749,m2-closure-0.1,2026-06-20T11:23:36.585Z
4240,43,src/gitlab/provider.zig,provider.GitLabProvider.allocator,transitive,2749,m2-closure-0.1,2026-06-20T11:23:36.591Z
4240,43,src/gitlab/provider.zig,provider.GitLabProvider.ext_ctx,transitive,2749,m2-closure-0.1,2026-06-20T11:23:36.586Z
4240,43,src/gitlab/provider.zig,provider.GitLabProvider.gl_client,transitive,2749,m2-closure-0.1,2026-06-20T11:23:36.590Z
4240,43,src/gitlab/provider.zig,provider.GitLabProvider.group_or_user,transitive,2749,m2-closure-0.1,2026-06-20T11:23:36.586Z
4240,43,src/gitlab/provider.zig,provider.GitLabProvider.http_client,transitive,2749,m2-closure-0.1,2026-06-20T11:23:36.589Z
4240,43,src/gitlab/provider.zig,provider.GitLabProvider.pending_branch,transitive,2749,m2-closure-0.1,2026-06-20T11:23:36.588Z
4240,43,src/gitlab/provider.zig,provider.GitLabProvider.pending_create_spec,transitive,2749,m2-closure-0.1,2026-06-20T11:23:36.588Z
4240,43,src/gitlab/provider.zig,provider.GitLabProvider.pending_project_id,transitive,2749,m2-closure-0.1,2026-06-20T11:23:36.589Z
4240,43,src/gitlab/provider.zig,provider.GitLabProvider.token,transitive,2749,m2-closure-0.1,2026-06-20T11:23:36.588Z
4240,43,src/gitlab/provider.zig,provider.GitLabProviderOpts,transitive,36,m2-closure-0.1,2026-06-20T11:23:36.586Z
4240,43,src/gitlab/provider.zig,provider.GroupOrUser,reference,25,m2-closure-0.1,2026-06-20T11:23:36.589Z
4240,43,src/gitlab/provider.zig,provider.OpKind,transitive,7,m2-closure-0.1,2026-06-20T11:23:36.586Z
4240,43,src/gitlab/provider.zig,provider.OpKinds,transitive,7,m2-closure-0.1,2026-06-20T11:23:36.591Z
4240,43,src/gitlab/provider.zig,provider.OpOutcome,reference,7,m2-closure-0.1,2026-06-20T11:23:36.588Z
4240,43,src/gitlab/provider.zig,provider.Provider,reference,7,m2-closure-0.1,2026-06-20T11:23:36.588Z
4240,43,src/gitlab/provider.zig,provider.VTable,reference,7,m2-closure-0.1,2026-06-20T11:23:36.585Z
4240,43,src/gitlab/provider.zig,provider.VTable,transitive,7,m2-closure-0.1,2026-06-20T11:23:36.587Z
4240,43,src/gitlab/provider.zig,provider.c,transitive,10,m2-closure-0.1,2026-06-20T11:23:36.587Z
4240,43,src/gitlab/provider.zig,provider.credentials,transitive,8,m2-closure-0.1,2026-06-20T11:23:36.586Z
4240,43,src/gitlab/provider.zig,provider.extensions,transitive,8,m2-closure-0.1,2026-06-20T11:23:36.589Z
4240,43,src/gitlab/provider.zig,provider.gitlab,transitive,8,m2-closure-0.1,2026-06-20T11:23:36.585Z
4240,43,src/gitlab/provider.zig,provider.gitlab_matrix,reference,130,m2-closure-0.1,2026-06-20T11:23:36.587Z
4240,43,src/gitlab/provider.zig,provider.gitlab_matrix,transitive,130,m2-closure-0.1,2026-06-20T11:23:36.590Z
4240,43,src/gitlab/provider.zig,provider.http_mod,transitive,8,m2-closure-0.1,2026-06-20T11:23:36.588Z
4240,43,src/gitlab/provider.zig,provider.mapClientError,transitive,400,m2-closure-0.1,2026-06-20T11:23:36.586Z
4240,43,src/gitlab/provider.zig,provider.opKind,reference,7,m2-closure-0.1,2026-06-20T11:23:36.585Z
4240,43,src/gitlab/provider.zig,provider.opKind,transitive,7,m2-closure-0.1,2026-06-20T11:23:36.585Z
4240,43,src/gitlab/provider.zig,provider.provider,transitive,8,m2-closure-0.1,2026-06-20T11:23:36.586Z
4240,43,src/gitlab/provider.zig,provider.std,transitive,8,m2-closure-0.1,2026-06-20T11:23:36.589Z
4240,43,src/http.zig,http.Client,transitive,940,m2-closure-0.1,2026-06-20T11:23:36.590Z
4240,43,src/log.zig,log.emitKvToStderr,transitive,145,m2-closure-0.1,2026-06-20T11:23:36.589Z
4240,43,src/log.zig,log.errKv,reference,28,m2-closure-0.1,2026-06-20T11:23:36.589Z
4240,43,src/log.zig,log.info,transitive,29,m2-closure-0.1,2026-06-20T11:23:36.589Z
4240,43,src/manifest.zig,manifest.FleetManifest,reference,40,m2-closure-0.1,2026-06-20T11:23:36.587Z
4240,43,src/manifest.zig,manifest.FleetMeta,transitive,22,m2-closure-0.1,2026-06-20T11:23:36.586Z
4240,43,src/manifest.zig,manifest.ParseResult,transitive,19,m2-closure-0.1,2026-06-20T11:23:36.587Z
4240,43,src/manifest.zig,manifest.Policies,transitive,20,m2-closure-0.1,2026-06-20T11:23:36.584Z
4240,43,src/manifest.zig,manifest.ProviderConfig,reference,27,m2-closure-0.1,2026-06-20T11:23:36.589Z
4240,43,src/manifest.zig,manifest.Repo,reference,95,m2-closure-0.1,2026-06-20T11:23:36.589Z
4240,43,src/manifest.zig,manifest.Template,transitive,15,m2-closure-0.1,2026-06-20T11:23:36.590Z
4240,43,src/manifest.zig,manifest.parse,reference,106,m2-closure-0.1,2026-06-20T11:23:36.586Z
4240,43,src/manifest.zig,manifest.parseImpl,transitive,2522,m2-closure-0.1,2026-06-20T11:23:36.590Z
4240,43,src/manifest.zig,manifest.std,transitive,8,m2-closure-0.1,2026-06-20T11:23:36.590Z
4240,43,src/output.zig,output.Io,transitive,7,m2-closure-0.1,2026-06-20T11:23:36.588Z
4240,43,src/output.zig,output.printJson,reference,45,m2-closure-0.1,2026-06-20T11:23:36.585Z
4240,43,src/output.zig,output.std,transitive,8,m2-closure-0.1,2026-06-20T11:23:36.591Z
4240,43,src/planner.zig,planner.ActionKind,transitive,15,m2-closure-0.1,2026-06-20T11:23:36.585Z
4240,43,src/planner.zig,planner.ExtensionOp,reference,46,m2-closure-0.1,2026-06-20T11:23:36.588Z
4240,43,src/planner.zig,planner.ExtensionOpKind,transitive,33,m2-closure-0.1,2026-06-20T11:23:36.587Z
4240,43,src/planner.zig,planner.ObservedExtensionSettings,reference,47,m2-closure-0.1,2026-06-20T11:23:36.591Z
4240,43,src/planner.zig,planner.ObservedExtensionSettings,transitive,47,m2-closure-0.1,2026-06-20T11:23:36.587Z
4240,43,src/planner.zig,planner.Plan,transitive,46,m2-closure-0.1,2026-06-20T11:23:36.590Z
4240,43,src/planner.zig,planner.PlanAction,reference,74,m2-closure-0.1,2026-06-20T11:23:36.589Z
4240,43,src/planner.zig,planner.cache_mod,transitive,8,m2-closure-0.1,2026-06-20T11:23:36.587Z
4240,43,src/planner.zig,planner.capabilityMatrixFor,transitive,428,m2-closure-0.1,2026-06-20T11:23:36.589Z
4240,43,src/planner.zig,planner.deriveOwner,transitive,163,m2-closure-0.1,2026-06-20T11:23:36.589Z
4240,43,src/planner.zig,planner.manifest,transitive,8,m2-closure-0.1,2026-06-20T11:23:36.590Z
4240,43,src/planner.zig,planner.op_kind_create,transitive,11,m2-closure-0.1,2026-06-20T11:23:36.584Z
4240,43,src/planner.zig,planner.op_kind_delete,transitive,11,m2-closure-0.1,2026-06-20T11:23:36.589Z
4240,43,src/planner.zig,planner.op_kind_no_op,transitive,11,m2-closure-0.1,2026-06-20T11:23:36.588Z
4240,43,src/planner.zig,planner.op_kind_update,transitive,11,m2-closure-0.1,2026-06-20T11:23:36.585Z
4240,43,src/planner.zig,planner.planExtensionField,transitive,465,m2-closure-0.1,2026-06-20T11:23:36.588Z
4240,43,src/planner.zig,planner.planWithExtensions,reference,1094,m2-closure-0.1,2026-06-20T11:23:36.586Z
4240,43,src/planner.zig,planner.provider_mod,transitive,8,m2-closure-0.1,2026-06-20T11:23:36.590Z
4240,43,src/planner.zig,planner.std,transitive,8,m2-closure-0.1,2026-06-20T11:23:36.587Z
4240,43,src/provider.zig,provider.BranchProtectionRule,reference,57,m2-closure-0.1,2026-06-20T11:23:36.587Z
4240,43,src/provider.zig,provider.BranchProtectionVTable,reference,63,m2-closure-0.1,2026-06-20T11:23:36.587Z
4240,43,src/provider.zig,provider.CapabilityKey,reference,50,m2-closure-0.1,2026-06-20T11:23:36.591Z
4240,43,src/provider.zig,provider.CollaboratorRole,reference,23,m2-closure-0.1,2026-06-20T11:23:36.585Z
4240,43,src/provider.zig,provider.CreateWebhookParams,reference,63,m2-closure-0.1,2026-06-20T11:23:36.584Z
4240,43,src/provider.zig,provider.DeleteWebhookParams,reference,24,m2-closure-0.1,2026-06-20T11:23:36.585Z
4240,43,src/provider.zig,provider.GetBranchProtectionParams,reference,24,m2-closure-0.1,2026-06-20T11:23:36.589Z
4240,43,src/provider.zig,provider.KernelOp,reference,20,m2-closure-0.1,2026-06-20T11:23:36.583Z
4240,43,src/provider.zig,provider.ListWebhooksParams,reference,16,m2-closure-0.1,2026-06-20T11:23:36.586Z
4240,43,src/provider.zig,provider.OpKinds.archive_repo,transitive,80,m2-closure-0.1,2026-06-20T11:23:36.589Z
4240,43,src/provider.zig,provider.OpKinds.create_repo,transitive,80,m2-closure-0.1,2026-06-20T11:23:36.590Z
4240,43,src/provider.zig,provider.OpKinds.delete_repo,transitive,80,m2-closure-0.1,2026-06-20T11:23:36.587Z
4240,43,src/provider.zig,provider.OpKinds.list_repos,transitive,80,m2-closure-0.1,2026-06-20T11:23:36.586Z
4240,43,src/provider.zig,provider.OpKinds.push_initial_commit,transitive,80,m2-closure-0.1,2026-06-20T11:23:36.584Z
4240,43,src/provider.zig,provider.OpKinds.set_default_branch,transitive,80,m2-closure-0.1,2026-06-20T11:23:36.590Z
4240,43,src/provider.zig,provider.Provider.matrix,reference,244,m2-closure-0.1,2026-06-20T11:23:36.584Z
4240,43,src/provider.zig,provider.Provider.pushInitialCommit,reference,244,m2-closure-0.1,2026-06-20T11:23:36.589Z
4240,43,src/provider.zig,provider.PushInitialCommitParams,reference,41,m2-closure-0.1,2026-06-20T11:23:36.584Z
4240,43,src/provider.zig,provider.SetBranchProtectionParams,reference,23,m2-closure-0.1,2026-06-20T11:23:36.589Z
4240,43,src/provider.zig,provider.UpdateWebhookParams,reference,68,m2-closure-0.1,2026-06-20T11:23:36.590Z
4240,43,src/provider.zig,provider.WebhookVTable,reference,119,m2-closure-0.1,2026-06-20T11:23:36.591Z
4240,43,src/provider/fake.zig,fake.CapabilityMatrix,transitive,7,m2-closure-0.1,2026-06-20T11:23:36.587Z
4240,43,src/provider/fake.zig,fake.kernel_only_matrix,reference,130,m2-closure-0.1,2026-06-20T11:23:36.590Z
4240,43,src/query.zig,query.Allocator,modify,9,m2-closure-0.1,2026-06-20T11:23:36.591Z
4240,43,src/query.zig,query.Allocator,reference,9,m2-closure-0.1,2026-06-20T11:23:36.584Z
4240,43,src/query.zig,query.COL_BRANCH,modify,5,m2-closure-0.1,2026-06-20T11:23:36.586Z
4240,43,src/query.zig,query.COL_BRANCH,reference,5,m2-closure-0.1,2026-06-20T11:23:36.586Z
4240,43,src/query.zig,query.COL_NAME,modify,5,m2-closure-0.1,2026-06-20T11:23:36.590Z
4240,43,src/query.zig,query.COL_NAME,reference,5,m2-closure-0.1,2026-06-20T11:23:36.587Z
4240,43,src/query.zig,query.COL_OWNER,modify,5,m2-closure-0.1,2026-06-20T11:23:36.591Z
4240,43,src/query.zig,query.COL_OWNER,reference,5,m2-closure-0.1,2026-06-20T11:23:36.588Z
4240,43,src/query.zig,query.COL_PROVIDER,modify,5,m2-closure-0.1,2026-06-20T11:23:36.588Z
4240,43,src/query.zig,query.COL_PROVIDER,reference,5,m2-closure-0.1,2026-06-20T11:23:36.587Z
4240,43,src/query.zig,query.Io,modify,7,m2-closure-0.1,2026-06-20T11:23:36.585Z
4240,43,src/query.zig,query.Io,reference,7,m2-closure-0.1,2026-06-20T11:23:36.588Z
4240,43,src/query.zig,query.QueryArgs,modify,52,m2-closure-0.1,2026-06-20T11:23:36.586Z
4240,43,src/query.zig,query.QueryArgs,reference,52,m2-closure-0.1,2026-06-20T11:23:36.590Z
4240,43,src/query.zig,query.QueryResult,modify,14,m2-closure-0.1,2026-06-20T11:23:36.585Z
4240,43,src/query.zig,query.QueryResult,reference,14,m2-closure-0.1,2026-06-20T11:23:36.587Z
4240,43,src/query.zig,query.QueryResult.err,reference,14,m2-closure-0.1,2026-06-20T11:23:36.586Z
4240,43,src/query.zig,query.QueryResult.invalid_args,reference,14,m2-closure-0.1,2026-06-20T11:23:36.591Z
4240,43,src/query.zig,query.QueryResult.ok,reference,14,m2-closure-0.1,2026-06-20T11:23:36.591Z
4240,43,src/query.zig,query.QueryRow,modify,50,m2-closure-0.1,2026-06-20T11:23:36.591Z
4240,43,src/query.zig,query.QueryRow,reference,50,m2-closure-0.1,2026-06-20T11:23:36.587Z
4240,43,src/query.zig,query.c,modify,10,m2-closure-0.1,2026-06-20T11:23:36.588Z
4240,43,src/query.zig,query.c,reference,10,m2-closure-0.1,2026-06-20T11:23:36.588Z
4240,43,src/query.zig,query.cache_mod,modify,8,m2-closure-0.1,2026-06-20T11:23:36.590Z
4240,43,src/query.zig,query.cache_mod,reference,8,m2-closure-0.1,2026-06-20T11:23:36.586Z
4240,43,src/query.zig,query.capabilityMatrixForKind,modify,80,m2-closure-0.1,2026-06-20T11:23:36.586Z
4240,43,src/query.zig,query.capabilityMatrixForKind,reference,80,m2-closure-0.1,2026-06-20T11:23:36.587Z
4240,43,src/query.zig,query.collectRepoSettings,modify,134,m2-closure-0.1,2026-06-20T11:23:36.590Z
4240,43,src/query.zig,query.collectRepoSettings,reference,134,m2-closure-0.1,2026-06-20T11:23:36.588Z
4240,43,src/query.zig,query.emitHuman,modify,225,m2-closure-0.1,2026-06-20T11:23:36.584Z
4240,43,src/query.zig,query.emitHuman,reference,225,m2-closure-0.1,2026-06-20T11:23:36.587Z
4240,43,src/query.zig,query.fake_provider,modify,8,m2-closure-0.1,2026-06-20T11:23:36.586Z
4240,43,src/query.zig,query.fake_provider,reference,8,m2-closure-0.1,2026-06-20T11:23:36.586Z
4240,43,src/query.zig,query.filter,modify,8,m2-closure-0.1,2026-06-20T11:23:36.589Z
4240,43,src/query.zig,query.filter,reference,8,m2-closure-0.1,2026-06-20T11:23:36.591Z
4240,43,src/query.zig,query.github_provider,modify,8,m2-closure-0.1,2026-06-20T11:23:36.590Z
4240,43,src/query.zig,query.github_provider,reference,8,m2-closure-0.1,2026-06-20T11:23:36.584Z
4240,43,src/query.zig,query.gitlab_provider,modify,8,m2-closure-0.1,2026-06-20T11:23:36.585Z
4240,43,src/query.zig,query.gitlab_provider,reference,8,m2-closure-0.1,2026-06-20T11:23:36.590Z
4240,43,src/query.zig,query.insertRepo,modify,103,m2-closure-0.1,2026-06-20T11:23:36.589Z
4240,43,src/query.zig,query.insertRepo,reference,103,m2-closure-0.1,2026-06-20T11:23:36.590Z
4240,43,src/query.zig,query.manifest_mod,modify,8,m2-closure-0.1,2026-06-20T11:23:36.591Z
4240,43,src/query.zig,query.manifest_mod,reference,8,m2-closure-0.1,2026-06-20T11:23:36.591Z
4240,43,src/query.zig,query.output_mod,modify,8,m2-closure-0.1,2026-06-20T11:23:36.588Z
4240,43,src/query.zig,query.output_mod,reference,8,m2-closure-0.1,2026-06-20T11:23:36.589Z
4240,43,src/query.zig,query.planner_mod,modify,8,m2-closure-0.1,2026-06-20T11:23:36.585Z
4240,43,src/query.zig,query.planner_mod,reference,8,m2-closure-0.1,2026-06-20T11:23:36.588Z
4240,43,src/query.zig,query.provider_mod,modify,8,m2-closure-0.1,2026-06-20T11:23:36.590Z
4240,43,src/query.zig,query.provider_mod,reference,8,m2-closure-0.1,2026-06-20T11:23:36.589Z
4240,43,src/query.zig,query.runQuery,modify,226,m2-closure-0.1,2026-06-20T11:23:36.587Z
4240,43,src/query.zig,query.runQueryWithCache,modify,882,m2-closure-0.1,2026-06-20T11:23:36.585Z
4240,43,src/query.zig,query.runQueryWithCache,reference,882,m2-closure-0.1,2026-06-20T11:23:36.587Z
4240,43,src/query.zig,query.runSqlEscapeHatch,modify,1108,m2-closure-0.1,2026-06-20T11:23:36.585Z
4240,43,src/query.zig,query.runSqlEscapeHatch,reference,1108,m2-closure-0.1,2026-06-20T11:23:36.586Z
4240,43,src/query.zig,query.sqlReadOnlyAuth,modify,97,m2-closure-0.1,2026-06-20T11:23:36.590Z
4240,43,src/query.zig,query.sqlReadOnlyAuth,reference,97,m2-closure-0.1,2026-06-20T11:23:36.588Z
4240,43,src/query.zig,query.sshbare_provider,modify,8,m2-closure-0.1,2026-06-20T11:23:36.590Z
4240,43,src/query.zig,query.sshbare_provider,reference,8,m2-closure-0.1,2026-06-20T11:23:36.589Z
4240,43,src/query.zig,query.std,modify,8,m2-closure-0.1,2026-06-20T11:23:36.586Z
4240,43,src/query.zig,query.std,reference,8,m2-closure-0.1,2026-06-20T11:23:36.586Z
4240,43,src/query.zig,query.testing,modify,7,m2-closure-0.1,2026-06-20T11:23:36.586Z
4240,43,src/query.zig,query.testing,reference,7,m2-closure-0.1,2026-06-20T11:23:36.584Z
4240,43,src/query.zig,query.writeJsonString,modify,146,m2-closure-0.1,2026-06-20T11:23:36.591Z
4240,43,src/query.zig,query.writeJsonString,reference,146,m2-closure-0.1,2026-06-20T11:23:36.589Z
4240,43,src/rotate_webhooks.zig,rotate_webhooks.Allocator,modify,9,m2-closure-0.1,2026-06-20T11:23:36.587Z
4240,43,src/rotate_webhooks.zig,rotate_webhooks.Allocator,reference,9,m2-closure-0.1,2026-06-20T11:23:36.585Z
4240,43,src/rotate_webhooks.zig,rotate_webhooks.FakeWebhookCtx,modify,997,m2-closure-0.1,2026-06-20T11:23:36.588Z
4240,43,src/rotate_webhooks.zig,rotate_webhooks.FakeWebhookCtx,reference,997,m2-closure-0.1,2026-06-20T11:23:36.585Z
4240,43,src/rotate_webhooks.zig,rotate_webhooks.FakeWebhookCtx.allocator,reference,997,m2-closure-0.1,2026-06-20T11:23:36.586Z
4240,43,src/rotate_webhooks.zig,rotate_webhooks.FakeWebhookCtx.fail_list,reference,997,m2-closure-0.1,2026-06-20T11:23:36.587Z
4240,43,src/rotate_webhooks.zig,rotate_webhooks.FakeWebhookCtx.fail_update,reference,997,m2-closure-0.1,2026-06-20T11:23:36.588Z
4240,43,src/rotate_webhooks.zig,rotate_webhooks.FakeWebhookCtx.init,reference,997,m2-closure-0.1,2026-06-20T11:23:36.588Z
4240,43,src/rotate_webhooks.zig,rotate_webhooks.FakeWebhookCtx.last_list_repo_id,reference,997,m2-closure-0.1,2026-06-20T11:23:36.591Z
4240,43,src/rotate_webhooks.zig,rotate_webhooks.FakeWebhookCtx.last_list_repo_id_len,reference,997,m2-closure-0.1,2026-06-20T11:23:36.585Z
4240,43,src/rotate_webhooks.zig,rotate_webhooks.FakeWebhookCtx.last_update_repo_id,reference,997,m2-closure-0.1,2026-06-20T11:23:36.588Z
4240,43,src/rotate_webhooks.zig,rotate_webhooks.FakeWebhookCtx.last_update_repo_id_len,reference,997,m2-closure-0.1,2026-06-20T11:23:36.589Z
4240,43,src/rotate_webhooks.zig,rotate_webhooks.FakeWebhookCtx.list_payloads,reference,997,m2-closure-0.1,2026-06-20T11:23:36.589Z
4240,43,src/rotate_webhooks.zig,rotate_webhooks.FakeWebhookCtx.update_calls,reference,997,m2-closure-0.1,2026-06-20T11:23:36.586Z
4240,43,src/rotate_webhooks.zig,rotate_webhooks.FakeWebhookCtx.vtable,reference,997,m2-closure-0.1,2026-06-20T11:23:36.587Z
4240,43,src/rotate_webhooks.zig,rotate_webhooks.FakeWebhookCtx.webhook_ids,reference,997,m2-closure-0.1,2026-06-20T11:23:36.588Z
4240,43,src/rotate_webhooks.zig,rotate_webhooks.Io,modify,7,m2-closure-0.1,2026-06-20T11:23:36.586Z
4240,43,src/rotate_webhooks.zig,rotate_webhooks.Io,reference,7,m2-closure-0.1,2026-06-20T11:23:36.587Z
4240,43,src/rotate_webhooks.zig,rotate_webhooks.RepoRotateOutcome,modify,37,m2-closure-0.1,2026-06-20T11:23:36.584Z
4240,43,src/rotate_webhooks.zig,rotate_webhooks.RepoRotateOutcome,reference,37,m2-closure-0.1,2026-06-20T11:23:36.585Z
4240,43,src/rotate_webhooks.zig,rotate_webhooks.RepoRotateStatus,modify,16,m2-closure-0.1,2026-06-20T11:23:36.587Z
4240,43,src/rotate_webhooks.zig,rotate_webhooks.RepoRotateStatus,reference,16,m2-closure-0.1,2026-06-20T11:23:36.589Z
4240,43,src/rotate_webhooks.zig,rotate_webhooks.RepoRotateStatus.dry_run,reference,16,m2-closure-0.1,2026-06-20T11:23:36.587Z
4240,43,src/rotate_webhooks.zig,rotate_webhooks.RepoRotateStatus.ok,reference,16,m2-closure-0.1,2026-06-20T11:23:36.587Z
4240,43,src/rotate_webhooks.zig,rotate_webhooks.RepoRotateStatus.skipped_unsupported,reference,16,m2-closure-0.1,2026-06-20T11:23:36.588Z
4240,43,src/rotate_webhooks.zig,rotate_webhooks.RotateResult,modify,26,m2-closure-0.1,2026-06-20T11:23:36.587Z
4240,43,src/rotate_webhooks.zig,rotate_webhooks.RotateResult,reference,26,m2-closure-0.1,2026-06-20T11:23:36.589Z
4240,43,src/rotate_webhooks.zig,rotate_webhooks.RotateResult.invalid_filter,reference,26,m2-closure-0.1,2026-06-20T11:23:36.590Z
4240,43,src/rotate_webhooks.zig,rotate_webhooks.RotateResult.missing_to_url,reference,26,m2-closure-0.1,2026-06-20T11:23:36.586Z
4240,43,src/rotate_webhooks.zig,rotate_webhooks.RotateResult.no_match,reference,26,m2-closure-0.1,2026-06-20T11:23:36.587Z
4240,43,src/rotate_webhooks.zig,rotate_webhooks.RotateResult.ok,reference,26,m2-closure-0.1,2026-06-20T11:23:36.584Z
4240,43,src/rotate_webhooks.zig,rotate_webhooks.RotateStubCtx,modify,62,m2-closure-0.1,2026-06-20T11:23:36.590Z
4240,43,src/rotate_webhooks.zig,rotate_webhooks.RotateStubCtx,reference,62,m2-closure-0.1,2026-06-20T11:23:36.589Z
4240,43,src/rotate_webhooks.zig,rotate_webhooks.RotateWebhooksArgs,modify,54,m2-closure-0.1,2026-06-20T11:23:36.590Z
4240,43,src/rotate_webhooks.zig,rotate_webhooks.RotateWebhooksArgs,reference,54,m2-closure-0.1,2026-06-20T11:23:36.585Z
4240,43,src/rotate_webhooks.zig,rotate_webhooks.RotateWebhooksOutput,modify,42,m2-closure-0.1,2026-06-20T11:23:36.588Z
4240,43,src/rotate_webhooks.zig,rotate_webhooks.RotateWebhooksOutput,reference,42,m2-closure-0.1,2026-06-20T11:23:36.589Z
4240,43,src/rotate_webhooks.zig,rotate_webhooks.buildProviderAndRotate,modify,689,m2-closure-0.1,2026-06-20T11:23:36.588Z
4240,43,src/rotate_webhooks.zig,rotate_webhooks.buildProviderAndRotate,reference,689,m2-closure-0.1,2026-06-20T11:23:36.588Z
4240,43,src/rotate_webhooks.zig,rotate_webhooks.c,modify,10,m2-closure-0.1,2026-06-20T11:23:36.588Z
4240,43,src/rotate_webhooks.zig,rotate_webhooks.c,reference,10,m2-closure-0.1,2026-06-20T11:23:36.590Z
4240,43,src/rotate_webhooks.zig,rotate_webhooks.cache_mod,modify,8,m2-closure-0.1,2026-06-20T11:23:36.584Z
4240,43,src/rotate_webhooks.zig,rotate_webhooks.cache_mod,reference,8,m2-closure-0.1,2026-06-20T11:23:36.588Z
4240,43,src/rotate_webhooks.zig,rotate_webhooks.capMatrixForKind,modify,296,m2-closure-0.1,2026-06-20T11:23:36.589Z
4240,43,src/rotate_webhooks.zig,rotate_webhooks.capMatrixForKind,reference,296,m2-closure-0.1,2026-06-20T11:23:36.590Z
4240,43,src/rotate_webhooks.zig,rotate_webhooks.countWebhooksFromAuditPayload,modify,110,m2-closure-0.1,2026-06-20T11:23:36.591Z
4240,43,src/rotate_webhooks.zig,rotate_webhooks.countWebhooksFromAuditPayload,reference,110,m2-closure-0.1,2026-06-20T11:23:36.588Z
4240,43,src/rotate_webhooks.zig,rotate_webhooks.credentials_mod,modify,8,m2-closure-0.1,2026-06-20T11:23:36.587Z
4240,43,src/rotate_webhooks.zig,rotate_webhooks.filter_mod,modify,8,m2-closure-0.1,2026-06-20T11:23:36.591Z
4240,43,src/rotate_webhooks.zig,rotate_webhooks.filter_mod,reference,8,m2-closure-0.1,2026-06-20T11:23:36.590Z
4240,43,src/rotate_webhooks.zig,rotate_webhooks.github_provider_mod,modify,8,m2-closure-0.1,2026-06-20T11:23:36.586Z
4240,43,src/rotate_webhooks.zig,rotate_webhooks.github_provider_mod,reference,8,m2-closure-0.1,2026-06-20T11:23:36.586Z
4240,43,src/rotate_webhooks.zig,rotate_webhooks.gitlab_mod,modify,8,m2-closure-0.1,2026-06-20T11:23:36.584Z
4240,43,src/rotate_webhooks.zig,rotate_webhooks.gitlab_mod,reference,8,m2-closure-0.1,2026-06-20T11:23:36.586Z
4240,43,src/rotate_webhooks.zig,rotate_webhooks.gitlab_provider_mod,modify,8,m2-closure-0.1,2026-06-20T11:23:36.590Z
4240,43,src/rotate_webhooks.zig,rotate_webhooks.gitlab_provider_mod,reference,8,m2-closure-0.1,2026-06-20T11:23:36.587Z
4240,43,src/rotate_webhooks.zig,rotate_webhooks.log,modify,8,m2-closure-0.1,2026-06-20T11:23:36.590Z
4240,43,src/rotate_webhooks.zig,rotate_webhooks.log,reference,8,m2-closure-0.1,2026-06-20T11:23:36.590Z
4240,43,src/rotate_webhooks.zig,rotate_webhooks.makeFakeWebhookProvider,modify,50,m2-closure-0.1,2026-06-20T11:23:36.584Z
4240,43,src/rotate_webhooks.zig,rotate_webhooks.makeFakeWebhookProvider,reference,50,m2-closure-0.1,2026-06-20T11:23:36.589Z
4240,43,src/rotate_webhooks.zig,rotate_webhooks.makeSshBareProvider,modify,44,m2-closure-0.1,2026-06-20T11:23:36.588Z
4240,43,src/rotate_webhooks.zig,rotate_webhooks.makeSshBareProvider,reference,44,m2-closure-0.1,2026-06-20T11:23:36.588Z
4240,43,src/rotate_webhooks.zig,rotate_webhooks.output_mod,modify,8,m2-closure-0.1,2026-06-20T11:23:36.587Z
4240,43,src/rotate_webhooks.zig,rotate_webhooks.output_mod,reference,8,m2-closure-0.1,2026-06-20T11:23:36.588Z
4240,43,src/rotate_webhooks.zig,rotate_webhooks.parseWebhookIdsFromPayload,modify,255,m2-closure-0.1,2026-06-20T11:23:36.585Z
4240,43,src/rotate_webhooks.zig,rotate_webhooks.parseWebhookIdsFromPayload,reference,255,m2-closure-0.1,2026-06-20T11:23:36.587Z
4240,43,src/rotate_webhooks.zig,rotate_webhooks.planner_mod,modify,8,m2-closure-0.1,2026-06-20T11:23:36.586Z
4240,43,src/rotate_webhooks.zig,rotate_webhooks.planner_mod,reference,8,m2-closure-0.1,2026-06-20T11:23:36.584Z
4240,43,src/rotate_webhooks.zig,rotate_webhooks.printJson,modify,28,m2-closure-0.1,2026-06-20T11:23:36.589Z
4240,43,src/rotate_webhooks.zig,rotate_webhooks.printJson,reference,28,m2-closure-0.1,2026-06-20T11:23:36.588Z
4240,43,src/rotate_webhooks.zig,rotate_webhooks.provider_mod,modify,8,m2-closure-0.1,2026-06-20T11:23:36.587Z
4240,43,src/rotate_webhooks.zig,rotate_webhooks.provider_mod,reference,8,m2-closure-0.1,2026-06-20T11:23:36.586Z
4240,43,src/rotate_webhooks.zig,rotate_webhooks.rotateMultiShotServer,modify,485,m2-closure-0.1,2026-06-20T11:23:36.588Z
4240,43,src/rotate_webhooks.zig,rotate_webhooks.rotateMultiShotServer,reference,485,m2-closure-0.1,2026-06-20T11:23:36.591Z
4240,43,src/rotate_webhooks.zig,rotate_webhooks.rotateSleepNs,modify,89,m2-closure-0.1,2026-06-20T11:23:36.591Z
4240,43,src/rotate_webhooks.zig,rotate_webhooks.rotateSleepNs,reference,89,m2-closure-0.1,2026-06-20T11:23:36.584Z
4240,43,src/rotate_webhooks.zig,rotate_webhooks.rotateWithProvider,modify,728,m2-closure-0.1,2026-06-20T11:23:36.589Z
4240,43,src/rotate_webhooks.zig,rotate_webhooks.rotateWithProvider,reference,728,m2-closure-0.1,2026-06-20T11:23:36.587Z
4240,43,src/rotate_webhooks.zig,rotate_webhooks.runRotateWebhooks,modify,261,m2-closure-0.1,2026-06-20T11:23:36.584Z
4240,43,src/rotate_webhooks.zig,rotate_webhooks.runRotateWebhooksWithCache,modify,987,m2-closure-0.1,2026-06-20T11:23:36.591Z
4240,43,src/rotate_webhooks.zig,rotate_webhooks.runRotateWebhooksWithCache,reference,987,m2-closure-0.1,2026-06-20T11:23:36.585Z
4240,43,src/rotate_webhooks.zig,rotate_webhooks.setenv,modify,31,m2-closure-0.1,2026-06-20T11:23:36.588Z
4240,43,src/rotate_webhooks.zig,rotate_webhooks.setenv,reference,31,m2-closure-0.1,2026-06-20T11:23:36.589Z
4240,43,src/rotate_webhooks.zig,rotate_webhooks.sshbare_provider_mod,modify,8,m2-closure-0.1,2026-06-20T11:23:36.586Z
4240,43,src/rotate_webhooks.zig,rotate_webhooks.sshbare_provider_mod,reference,8,m2-closure-0.1,2026-06-20T11:23:36.587Z
4240,43,src/rotate_webhooks.zig,rotate_webhooks.std,modify,8,m2-closure-0.1,2026-06-20T11:23:36.587Z
4240,43,src/rotate_webhooks.zig,rotate_webhooks.std,reference,8,m2-closure-0.1,2026-06-20T11:23:36.591Z
4240,43,src/rotate_webhooks.zig,rotate_webhooks.stubKernelOp,modify,29,m2-closure-0.1,2026-06-20T11:23:36.586Z
4240,43,src/rotate_webhooks.zig,rotate_webhooks.stubKernelOp,reference,29,m2-closure-0.1,2026-06-20T11:23:36.584Z
4240,43,src/rotate_webhooks.zig,rotate_webhooks.stubKernelOpPush,modify,35,m2-closure-0.1,2026-06-20T11:23:36.584Z
4240,43,src/rotate_webhooks.zig,rotate_webhooks.stubKernelOpPush,reference,35,m2-closure-0.1,2026-06-20T11:23:36.587Z
4240,43,src/rotate_webhooks.zig,rotate_webhooks.stub_ctx,modify,7,m2-closure-0.1,2026-06-20T11:23:36.586Z
4240,43,src/rotate_webhooks.zig,rotate_webhooks.stub_ctx,reference,7,m2-closure-0.1,2026-06-20T11:23:36.588Z
4240,43,src/rotate_webhooks.zig,rotate_webhooks.stub_kernel_vtable,modify,41,m2-closure-0.1,2026-06-20T11:23:36.585Z
4240,43,src/rotate_webhooks.zig,rotate_webhooks.stub_kernel_vtable,reference,41,m2-closure-0.1,2026-06-20T11:23:36.587Z
4240,43,src/rotate_webhooks.zig,rotate_webhooks.unsetenv,modify,17,m2-closure-0.1,2026-06-20T11:23:36.588Z
4240,43,src/rotate_webhooks.zig,rotate_webhooks.unsetenv,reference,17,m2-closure-0.1,2026-06-20T11:23:36.584Z
4240,43,src/rotate_webhooks.zig,rotate_webhooks.writeExtensionSkipAuditLog,modify,78,m2-closure-0.1,2026-06-20T11:23:36.586Z
4240,43,src/rotate_webhooks.zig,rotate_webhooks.writeExtensionSkipAuditLog,reference,78,m2-closure-0.1,2026-06-20T11:23:36.590Z
4240,43,src/rotate_webhooks.zig,rotate_webhooks.writeRotateAuditLog,modify,91,m2-closure-0.1,2026-06-20T11:23:36.591Z
4240,43,src/rotate_webhooks.zig,rotate_webhooks.writeRotateAuditLog,reference,91,m2-closure-0.1,2026-06-20T11:23:36.588Z
4240,43,src/sshbare/provider.zig,provider.SshBareProvider,reference,891,m2-closure-0.1,2026-06-20T11:23:36.585Z
4240,43,src/sshbare/provider.zig,provider.ssh_bare_matrix,reference,130,m2-closure-0.1,2026-06-20T11:23:36.587Z
4240,43,src/template.zig,template.Allocator,transitive,9,m2-closure-0.1,2026-06-20T11:23:36.585Z
4240,43,src/template.zig,template.CredCallbackPayload,transitive,17,m2-closure-0.1,2026-06-20T11:23:36.587Z
4240,43,src/template.zig,template.Io,transitive,7,m2-closure-0.1,2026-06-20T11:23:36.591Z
4240,43,src/template.zig,template.RenderOpts,transitive,74,m2-closure-0.1,2026-06-20T11:23:36.586Z
4240,43,src/template.zig,template.RenderResult,transitive,101,m2-closure-0.1,2026-06-20T11:23:36.586Z
4240,43,src/template.zig,template.RenderStats,transitive,25,m2-closure-0.1,2026-06-20T11:23:36.591Z
4240,43,src/template.zig,template.TemplateError,transitive,16,m2-closure-0.1,2026-06-20T11:23:36.591Z
4240,43,src/template.zig,template.TemplateRenderer,reference,439,m2-closure-0.1,2026-06-20T11:23:36.591Z
4240,43,src/template.zig,template.TemplateRenderer.allocator,transitive,439,m2-closure-0.1,2026-06-20T11:23:36.588Z
4240,43,src/template.zig,template.TemplateRenderer.libgit2_initialized,transitive,439,m2-closure-0.1,2026-06-20T11:23:36.588Z
4240,43,src/template.zig,template.buildTreeFromGitTree,transitive,203,m2-closure-0.1,2026-06-20T11:23:36.587Z
4240,43,src/template.zig,template.c,transitive,10,m2-closure-0.1,2026-06-20T11:23:36.584Z
4240,43,src/template.zig,template.makeTempDir,transitive,70,m2-closure-0.1,2026-06-20T11:23:36.584Z
4240,43,src/template.zig,template.std,transitive,8,m2-closure-0.1,2026-06-20T11:23:36.591Z
4240,43,vendor/etc-cli/src/cli/cmd.zig,cmd.Cmd,transitive,180,m2-closure-0.1,2026-06-20T11:23:36.585Z
4240,43,vendor/etc-cli/src/cli/validate.zig,validate.cmd_mod,transitive,8,m2-closure-0.1,2026-06-20T11:23:36.590Z
4240,43,vendor/etc-cli/src/cli/validate.zig,validate.validate,reference,32,m2-closure-0.1,2026-06-20T11:23:36.587Z
4240,43,vendor/etc-cli/src/cli/validate.zig,validate.validateNode,transitive,1084,m2-closure-0.1,2026-06-20T11:23:36.590Z
4241,43,archive,"archive.test:S-G5: archive dry-run plan equals real-run execution set",modify,0,m2-closure-0.1,2026-06-20T11:23:38.341Z
4241,43,archive,"archive.test:archive: --dry-run --json produces valid JSON (T8)",modify,0,m2-closure-0.1,2026-06-20T11:23:38.337Z
4241,43,archive,"archive.test:archive: --dry-run does not mutate cache or audit_log (T3)",modify,0,m2-closure-0.1,2026-06-20T11:23:38.338Z
4241,43,archive,"archive.test:archive: --dry-run makes no provider call, no cache write, no audit row (M7)",modify,0,m2-closure-0.1,2026-06-20T11:23:38.337Z
4241,43,archive,"archive.test:archive: GitLab archive request path contains owner%2Fname (not raw slash)",modify,0,m2-closure-0.1,2026-06-20T11:23:38.338Z
4241,43,archive,"archive.test:archive: archiveWithProvider FakeProvider records call + cache update + audit row",modify,0,m2-closure-0.1,2026-06-20T11:23:38.339Z
4241,43,archive,"archive.test:archive: audit_log rows have op_kind = irreversible (T4)",modify,0,m2-closure-0.1,2026-06-20T11:23:38.337Z
4241,43,archive,"archive.test:archive: filter selects subset, only matched repos archived (T1)",modify,0,m2-closure-0.1,2026-06-20T11:23:38.340Z
4241,43,archive,"archive.test:archive: filter.buildFilterRow correctly classifies archived repos (T5)",modify,0,m2-closure-0.1,2026-06-20T11:23:38.338Z
4241,43,archive,"archive.test:archive: github repo gets real provider archive call + cache extras updated + audit row (M7)",modify,0,m2-closure-0.1,2026-06-20T11:23:38.337Z
4241,43,archive,"archive.test:archive: missing_filter when filter is empty string (T7)",modify,0,m2-closure-0.1,2026-06-20T11:23:38.340Z
4241,43,archive,"archive.test:archive: no_match returns .no_match without writes (T6)",modify,0,m2-closure-0.1,2026-06-20T11:23:38.340Z
4241,43,archive,"archive.test:archive: per-repo best-effort: all matched repos processed (T2)",modify,0,m2-closure-0.1,2026-06-20T11:23:38.338Z
4241,43,archive,"archive.test:archive: ssh-bare repo skipped_unsupported — not error, batch continues (M7 D16)",modify,0,m2-closure-0.1,2026-06-20T11:23:38.339Z
4241,43,archive,"archive.test:buildArchivedExtras: already archived:true stays archived:true (T9d)",modify,0,m2-closure-0.1,2026-06-20T11:23:38.338Z
4241,43,archive,"archive.test:buildArchivedExtras: empty extras yields archived:true (T9a)",modify,0,m2-closure-0.1,2026-06-20T11:23:38.342Z
4241,43,archive,"archive.test:buildArchivedExtras: existing archived:false becomes archived:true (T9b)",modify,0,m2-closure-0.1,2026-06-20T11:23:38.338Z
4241,43,archive,"archive.test:buildArchivedExtras: existing object without archived key gets it appended (T9c)",modify,0,m2-closure-0.1,2026-06-20T11:23:38.337Z
4241,43,archive,"archive.test:buildArchivedExtras: malformed JSON yields minimal blob (T9e)",modify,0,m2-closure-0.1,2026-06-20T11:23:38.338Z
4241,43,cache,"cache.test:0002->0003 migration: existing rows survive with NULL op_kind",modify,0,m2-closure-0.1,2026-06-20T11:23:38.341Z
4241,43,cache,"cache.test:S-E2: open fresh in-memory DB migrates to latest version, audit_log has 0 rows",modify,0,m2-closure-0.1,2026-06-20T11:23:38.339Z
4241,43,cache,"cache.test:S-G7: N->N+1 migration preserves existing audit_log rows",modify,0,m2-closure-0.1,2026-06-20T11:23:38.340Z
4241,43,cache,"cache.test:atomicity: a broken migration leaves DB at prior version",modify,0,m2-closure-0.1,2026-06-20T11:23:38.340Z
4241,43,cache,"cache.test:countObservedRepos: multi-provider counts are independent",modify,0,m2-closure-0.1,2026-06-20T11:23:38.340Z
4241,43,cache,"cache.test:fetchExtrasAndObservedAt: returns empty extras for missing row (soft-fail)",modify,0,m2-closure-0.1,2026-06-20T11:23:38.340Z
4241,43,cache,"cache.test:fetchExtrasAndObservedAt: returns extras and observed_at for existing row",modify,0,m2-closure-0.1,2026-06-20T11:23:38.340Z
4241,43,cache,"cache.test:latestSchemaVersion returns 5",modify,0,m2-closure-0.1,2026-06-20T11:23:38.337Z
4241,43,cache,"cache.test:listObservedReposWithExtras: empty table returns empty slice",modify,0,m2-closure-0.1,2026-06-20T11:23:38.338Z
4241,43,cache,"cache.test:listObservedReposWithExtras: returns rows including extras column",modify,0,m2-closure-0.1,2026-06-20T11:23:38.340Z
4241,43,cache,"cache.test:new rows after migration 0003 have op_kind populated",modify,0,m2-closure-0.1,2026-06-20T11:23:38.339Z
4241,43,cache,"cache.test:observed_settings: listObservedExtensionSettings returns empty slice when no rows",modify,0,m2-closure-0.1,2026-06-20T11:23:38.338Z
4241,43,cache,"cache.test:observed_settings: table exists and listObservedExtensionSettings returns inserted rows",modify,0,m2-closure-0.1,2026-06-20T11:23:38.341Z
4241,43,cache,"cache.test:schema version 5 on fresh cache",modify,0,m2-closure-0.1,2026-06-20T11:23:38.341Z
4241,43,cache,"cache.test:updateRepoExtras: no-op for non-existent row (0 rows affected, no error)",modify,0,m2-closure-0.1,2026-06-20T11:23:38.338Z
4241,43,cache,"cache.test:updateRepoExtras: updates the extras column for an existing row",modify,0,m2-closure-0.1,2026-06-20T11:23:38.338Z
4241,43,cache,"cache.test:upsertObservedRepo: UPSERT idempotency — second upsert updates observed_at, count stays 1",modify,0,m2-closure-0.1,2026-06-20T11:23:38.337Z
4241,43,cache,"cache.test:upsertObservedRepo: inserts a new row",modify,0,m2-closure-0.1,2026-06-20T11:23:38.341Z
4241,43,cache,"cache.test:writeAuditLog: inserts a row readable back",modify,0,m2-closure-0.1,2026-06-20T11:23:38.338Z
4241,43,cache,"cache.test:writeAuditLog: multiple rows accumulate",modify,0,m2-closure-0.1,2026-06-20T11:23:38.340Z
4241,43,query,"query.test:--sql and non-empty expr together returns .invalid_args (mutual exclusion)",modify,0,m2-closure-0.1,2026-06-20T11:23:38.341Z
4241,43,query,"query.test:--sql read-only: DELETE is denied with clear message and no mutation",modify,0,m2-closure-0.1,2026-06-20T11:23:38.340Z
4241,43,query,"query.test:--sql read-only: INSERT is denied with clear message and no mutation",modify,0,m2-closure-0.1,2026-06-20T11:23:38.337Z
4241,43,query,"query.test:--sql read-only: SELECT still works after a denied write attempt (authorizer cleared)",modify,0,m2-closure-0.1,2026-06-20T11:23:38.340Z
4241,43,query,"query.test:--sql with invalid SQL returns .err (no crash)",modify,0,m2-closure-0.1,2026-06-20T11:23:38.341Z
4241,43,query,"query.test:--sql with populated cache returns rows as JSON",modify,0,m2-closure-0.1,2026-06-20T11:23:38.337Z
4241,43,query,"query.test:--sql with populated cache returns rows as human table",modify,0,m2-closure-0.1,2026-06-20T11:23:38.341Z
4241,43,query,"query.test:S-E4: query matching zero repos returns empty result deterministically (JSON: [])",modify,0,m2-closure-0.1,2026-06-20T11:23:38.342Z
4241,43,query,"query.test:query 'archived' filter: only archived repos (extras JSON) match",modify,0,m2-closure-0.1,2026-06-20T11:23:38.342Z
4241,43,query,"query.test:query 'private' filter: only private repos match",modify,0,m2-closure-0.1,2026-06-20T11:23:38.341Z
4241,43,query,"query.test:query human table output: matched repos printed as a table",modify,0,m2-closure-0.1,2026-06-20T11:23:38.341Z
4241,43,query,"query.test:query human table output: no matches prints informational message",modify,0,m2-closure-0.1,2026-06-20T11:23:38.338Z
4241,43,query,"query.test:query matching repos: JSON output with deterministic (provider_kind, name) ordering",modify,0,m2-closure-0.1,2026-06-20T11:23:38.340Z
4241,43,query,"query.test:query on empty cache returns [] JSON",modify,0,m2-closure-0.1,2026-06-20T11:23:38.339Z
4241,43,query,"query.test:query with empty expression returns .invalid_args",modify,0,m2-closure-0.1,2026-06-20T11:23:38.340Z
4241,43,query,"query.test:query with invalid filter expression returns .invalid_args (no crash)",modify,0,m2-closure-0.1,2026-06-20T11:23:38.339Z
4241,43,rotate_webhooks,"rotate_webhooks.test:S-G5: rotate-webhooks dry-run plan equals real-run execution set",modify,0,m2-closure-0.1,2026-06-20T11:23:38.341Z
4241,43,rotate_webhooks,"rotate_webhooks.test:production path: runRotateWebhooksWithCache uses real GitHubProvider via stub server",modify,0,m2-closure-0.1,2026-06-20T11:23:38.338Z
4241,43,rotate_webhooks,"rotate_webhooks.test:rotate-webhooks: audit_log row written after successful rotate (reversible)",modify,0,m2-closure-0.1,2026-06-20T11:23:38.337Z
4241,43,rotate_webhooks,"rotate_webhooks.test:rotate-webhooks: dry-run does not call update and writes no audit rows",modify,0,m2-closure-0.1,2026-06-20T11:23:38.342Z
4241,43,rotate_webhooks,"rotate_webhooks.test:rotate-webhooks: filter selects matched subset via buildFilterRow + eval",modify,0,m2-closure-0.1,2026-06-20T11:23:38.340Z
4241,43,rotate_webhooks,"rotate_webhooks.test:rotate-webhooks: github — list and update receive bare repo name, no encoding (task 3558)",modify,0,m2-closure-0.1,2026-06-20T11:23:38.338Z
4241,43,rotate_webhooks,"rotate_webhooks.test:rotate-webhooks: gitlab — list and update receive owner%2Fname repo_id (task 3558)",modify,0,m2-closure-0.1,2026-06-20T11:23:38.340Z
4241,43,rotate_webhooks,"rotate_webhooks.test:rotate-webhooks: has-webhooks tag present for github, absent for ssh-bare",modify,0,m2-closure-0.1,2026-06-20T11:23:38.339Z
4241,43,rotate_webhooks,"rotate_webhooks.test:rotate-webhooks: invalid filter returns invalid_filter",modify,0,m2-closure-0.1,2026-06-20T11:23:38.341Z
4241,43,rotate_webhooks,"rotate_webhooks.test:rotate-webhooks: missing --to returns missing_to_url",modify,0,m2-closure-0.1,2026-06-20T11:23:38.338Z
4241,43,rotate_webhooks,"rotate_webhooks.test:rotate-webhooks: no_match returned when no repos match filter",modify,0,m2-closure-0.1,2026-06-20T11:23:38.342Z
4241,43,rotate_webhooks,"rotate_webhooks.test:rotate-webhooks: parseWebhookIdsFromPayload extracts string ids (github)",modify,0,m2-closure-0.1,2026-06-20T11:23:38.339Z
4241,43,rotate_webhooks,"rotate_webhooks.test:rotate-webhooks: parseWebhookIdsFromPayload handles integer ids (gitlab)",modify,0,m2-closure-0.1,2026-06-20T11:23:38.341Z
4241,43,rotate_webhooks,"rotate_webhooks.test:rotate-webhooks: parseWebhookIdsFromPayload returns empty on empty payload",modify,0,m2-closure-0.1,2026-06-20T11:23:38.337Z
4241,43,rotate_webhooks,"rotate_webhooks.test:rotate-webhooks: rotateWithProvider calls update with --to url",modify,0,m2-closure-0.1,2026-06-20T11:23:38.337Z
4241,43,rotate_webhooks,"rotate_webhooks.test:rotate-webhooks: rotateWithProvider updates all webhooks in a repo",modify,0,m2-closure-0.1,2026-06-20T11:23:38.337Z
4241,43,rotate_webhooks,"rotate_webhooks.test:rotate-webhooks: unsupported provider emits UnsupportedField and does not abort batch",modify,0,m2-closure-0.1,2026-06-20T11:23:38.337Z
4241,43,src/archive.zig,archive.Allocator,modify,9,m2-closure-0.1,2026-06-20T11:23:38.341Z
4241,43,src/archive.zig,archive.Allocator,reference,9,m2-closure-0.1,2026-06-20T11:23:38.341Z
4241,43,src/archive.zig,archive.ArchiveArgs,modify,43,m2-closure-0.1,2026-06-20T11:23:38.339Z
4241,43,src/archive.zig,archive.ArchiveArgs,reference,43,m2-closure-0.1,2026-06-20T11:23:38.341Z
4241,43,src/archive.zig,archive.ArchiveOutput,modify,30,m2-closure-0.1,2026-06-20T11:23:38.340Z
4241,43,src/archive.zig,archive.ArchiveOutput,reference,30,m2-closure-0.1,2026-06-20T11:23:38.340Z
4241,43,src/archive.zig,archive.ArchiveResult,modify,26,m2-closure-0.1,2026-06-20T11:23:38.340Z
4241,43,src/archive.zig,archive.ArchiveResult,reference,26,m2-closure-0.1,2026-06-20T11:23:38.340Z
4241,43,src/archive.zig,archive.ArchiveResult.missing_filter,reference,26,m2-closure-0.1,2026-06-20T11:23:38.337Z
4241,43,src/archive.zig,archive.ArchiveResult.no_match,reference,26,m2-closure-0.1,2026-06-20T11:23:38.338Z
4241,43,src/archive.zig,archive.ArchiveResult.ok,reference,26,m2-closure-0.1,2026-06-20T11:23:38.340Z
4241,43,src/archive.zig,archive.ArchiveSummary,modify,20,m2-closure-0.1,2026-06-20T11:23:38.340Z
4241,43,src/archive.zig,archive.ArchiveSummary,reference,20,m2-closure-0.1,2026-06-20T11:23:38.340Z
4241,43,src/archive.zig,archive.CapturingCtx,modify,44,m2-closure-0.1,2026-06-20T11:23:38.341Z
4241,43,src/archive.zig,archive.CapturingCtx,reference,44,m2-closure-0.1,2026-06-20T11:23:38.337Z
4241,43,src/archive.zig,archive.Io,modify,7,m2-closure-0.1,2026-06-20T11:23:38.340Z
4241,43,src/archive.zig,archive.Io,reference,7,m2-closure-0.1,2026-06-20T11:23:38.340Z
4241,43,src/archive.zig,archive.MultiShotCtx,modify,151,m2-closure-0.1,2026-06-20T11:23:38.338Z
4241,43,src/archive.zig,archive.MultiShotCtx,reference,151,m2-closure-0.1,2026-06-20T11:23:38.338Z
4241,43,src/archive.zig,archive.MultiShotCtx.init,reference,151,m2-closure-0.1,2026-06-20T11:23:38.338Z
4241,43,src/archive.zig,archive.RepoArchiveOutcome,modify,33,m2-closure-0.1,2026-06-20T11:23:38.341Z
4241,43,src/archive.zig,archive.RepoArchiveOutcome,reference,33,m2-closure-0.1,2026-06-20T11:23:38.338Z
4241,43,src/archive.zig,archive.RepoArchiveStatus,modify,15,m2-closure-0.1,2026-06-20T11:23:38.337Z
4241,43,src/archive.zig,archive.RepoArchiveStatus,reference,15,m2-closure-0.1,2026-06-20T11:23:38.341Z
4241,43,src/archive.zig,archive.RepoArchiveStatus.archived,reference,15,m2-closure-0.1,2026-06-20T11:23:38.339Z
4241,43,src/archive.zig,archive.STUB_ARCHIVE_RESP_BODY,modify,7,m2-closure-0.1,2026-06-20T11:23:38.340Z
4241,43,src/archive.zig,archive.STUB_ARCHIVE_RESP_BODY,reference,7,m2-closure-0.1,2026-06-20T11:23:38.337Z
4241,43,src/archive.zig,archive.STUB_GL_ARCHIVE_RESP_BODY,modify,7,m2-closure-0.1,2026-06-20T11:23:38.337Z
4241,43,src/archive.zig,archive.STUB_GL_ARCHIVE_RESP_BODY,reference,7,m2-closure-0.1,2026-06-20T11:23:38.338Z
4241,43,src/archive.zig,archive.archiveWithProvider,modify,146,m2-closure-0.1,2026-06-20T11:23:38.341Z
4241,43,src/archive.zig,archive.archiveWithProvider,reference,146,m2-closure-0.1,2026-06-20T11:23:38.341Z
4241,43,src/archive.zig,archive.buildArchivedExtras,modify,291,m2-closure-0.1,2026-06-20T11:23:38.339Z
4241,43,src/archive.zig,archive.buildArchivedExtras,reference,291,m2-closure-0.1,2026-06-20T11:23:38.337Z
4241,43,src/archive.zig,archive.buildProviderAndArchive,modify,737,m2-closure-0.1,2026-06-20T11:23:38.340Z
4241,43,src/archive.zig,archive.buildProviderAndArchive,reference,737,m2-closure-0.1,2026-06-20T11:23:38.342Z
4241,43,src/archive.zig,archive.c,modify,10,m2-closure-0.1,2026-06-20T11:23:38.339Z
4241,43,src/archive.zig,archive.c,reference,10,m2-closure-0.1,2026-06-20T11:23:38.340Z
4241,43,src/archive.zig,archive.cache_mod,modify,8,m2-closure-0.1,2026-06-20T11:23:38.341Z
4241,43,src/archive.zig,archive.cache_mod,reference,8,m2-closure-0.1,2026-06-20T11:23:38.337Z
4241,43,src/archive.zig,archive.capMatrixForKind,modify,64,m2-closure-0.1,2026-06-20T11:23:38.337Z
4241,43,src/archive.zig,archive.capMatrixForKind,reference,64,m2-closure-0.1,2026-06-20T11:23:38.339Z
4241,43,src/archive.zig,archive.capturingSingleShotServer,modify,494,m2-closure-0.1,2026-06-20T11:23:38.341Z
4241,43,src/archive.zig,archive.capturingSingleShotServer,reference,494,m2-closure-0.1,2026-06-20T11:23:38.341Z
4241,43,src/archive.zig,archive.countAllAuditRows,modify,114,m2-closure-0.1,2026-06-20T11:23:38.339Z
4241,43,src/archive.zig,archive.countAllAuditRows,reference,114,m2-closure-0.1,2026-06-20T11:23:38.339Z
4241,43,src/archive.zig,archive.countAuditRows,modify,159,m2-closure-0.1,2026-06-20T11:23:38.342Z
4241,43,src/archive.zig,archive.countAuditRows,reference,159,m2-closure-0.1,2026-06-20T11:23:38.339Z
4241,43,src/archive.zig,archive.credentials_mod,modify,8,m2-closure-0.1,2026-06-20T11:23:38.341Z
4241,43,src/archive.zig,archive.executeDryRun,modify,239,m2-closure-0.1,2026-06-20T11:23:38.341Z
4241,43,src/archive.zig,archive.executeDryRun,reference,239,m2-closure-0.1,2026-06-20T11:23:38.339Z
4241,43,src/archive.zig,archive.executeLive,modify,525,m2-closure-0.1,2026-06-20T11:23:38.338Z
4241,43,src/archive.zig,archive.executeLive,reference,525,m2-closure-0.1,2026-06-20T11:23:38.338Z
4241,43,src/archive.zig,archive.filter_mod,modify,8,m2-closure-0.1,2026-06-20T11:23:38.340Z
4241,43,src/archive.zig,archive.filter_mod,reference,8,m2-closure-0.1,2026-06-20T11:23:38.341Z
4241,43,src/archive.zig,archive.github_provider_mod,modify,8,m2-closure-0.1,2026-06-20T11:23:38.340Z
4241,43,src/archive.zig,archive.github_provider_mod,reference,8,m2-closure-0.1,2026-06-20T11:23:38.337Z
4241,43,src/archive.zig,archive.gitlab_mod,modify,8,m2-closure-0.1,2026-06-20T11:23:38.337Z
4241,43,src/archive.zig,archive.gitlab_mod,reference,8,m2-closure-0.1,2026-06-20T11:23:38.337Z
4241,43,src/archive.zig,archive.gitlab_provider_mod,modify,8,m2-closure-0.1,2026-06-20T11:23:38.339Z
4241,43,src/archive.zig,archive.gitlab_provider_mod,reference,8,m2-closure-0.1,2026-06-20T11:23:38.338Z
4241,43,src/archive.zig,archive.handleArchiveOutcome,modify,186,m2-closure-0.1,2026-06-20T11:23:38.338Z
4241,43,src/archive.zig,archive.handleArchiveOutcome,reference,186,m2-closure-0.1,2026-06-20T11:23:38.341Z
4241,43,src/archive.zig,archive.listObservedReposWithExtras,modify,46,m2-closure-0.1,2026-06-20T11:23:38.340Z
4241,43,src/archive.zig,archive.listObservedReposWithExtras,reference,46,m2-closure-0.1,2026-06-20T11:23:38.338Z
4241,43,src/archive.zig,archive.makeGhArchiveResp,modify,41,m2-closure-0.1,2026-06-20T11:23:38.339Z
4241,43,src/archive.zig,archive.makeGhArchiveResp,reference,41,m2-closure-0.1,2026-06-20T11:23:38.340Z
4241,43,src/archive.zig,archive.makeGlArchiveResp,modify,41,m2-closure-0.1,2026-06-20T11:23:38.341Z
4241,43,src/archive.zig,archive.makeGlArchiveResp,reference,41,m2-closure-0.1,2026-06-20T11:23:38.340Z
4241,43,src/archive.zig,archive.manifest_mod,modify,8,m2-closure-0.1,2026-06-20T11:23:38.338Z
4241,43,src/archive.zig,archive.markArchivedInCache,modify,69,m2-closure-0.1,2026-06-20T11:23:38.339Z
4241,43,src/archive.zig,archive.markArchivedInCache,reference,69,m2-closure-0.1,2026-06-20T11:23:38.339Z
4241,43,src/archive.zig,archive.multiShotServer,modify,493,m2-closure-0.1,2026-06-20T11:23:38.340Z
4241,43,src/archive.zig,archive.multiShotServer,reference,493,m2-closure-0.1,2026-06-20T11:23:38.341Z
4241,43,src/archive.zig,archive.output_mod,modify,8,m2-closure-0.1,2026-06-20T11:23:38.341Z
4241,43,src/archive.zig,archive.output_mod,reference,8,m2-closure-0.1,2026-06-20T11:23:38.341Z
4241,43,src/archive.zig,archive.planner_mod,modify,8,m2-closure-0.1,2026-06-20T11:23:38.341Z
4241,43,src/archive.zig,archive.planner_mod,reference,8,m2-closure-0.1,2026-06-20T11:23:38.338Z
4241,43,src/archive.zig,archive.populateCacheRepos,modify,187,m2-closure-0.1,2026-06-20T11:23:38.341Z
4241,43,src/archive.zig,archive.populateCacheRepos,reference,187,m2-closure-0.1,2026-06-20T11:23:38.341Z
4241,43,src/archive.zig,archive.provider_mod,modify,8,m2-closure-0.1,2026-06-20T11:23:38.337Z
4241,43,src/archive.zig,archive.provider_mod,reference,8,m2-closure-0.1,2026-06-20T11:23:38.337Z
4241,43,src/archive.zig,archive.readExtrasForRepo,modify,319,m2-closure-0.1,2026-06-20T11:23:38.338Z
4241,43,src/archive.zig,archive.readExtrasForRepo,reference,319,m2-closure-0.1,2026-06-20T11:23:38.337Z
4241,43,src/archive.zig,archive.runArchive,modify,262,m2-closure-0.1,2026-06-20T11:23:38.339Z
4241,43,src/archive.zig,archive.runArchiveWithCache,modify,679,m2-closure-0.1,2026-06-20T11:23:38.341Z
4241,43,src/archive.zig,archive.runArchiveWithCache,reference,679,m2-closure-0.1,2026-06-20T11:23:38.340Z
4241,43,src/archive.zig,archive.setenv,modify,31,m2-closure-0.1,2026-06-20T11:23:38.340Z
4241,43,src/archive.zig,archive.setenv,reference,31,m2-closure-0.1,2026-06-20T11:23:38.341Z
4241,43,src/archive.zig,archive.sshbare_provider_mod,modify,8,m2-closure-0.1,2026-06-20T11:23:38.338Z
4241,43,src/archive.zig,archive.sshbare_provider_mod,reference,8,m2-closure-0.1,2026-06-20T11:23:38.338Z
4241,43,src/archive.zig,archive.std,modify,8,m2-closure-0.1,2026-06-20T11:23:38.341Z
4241,43,src/archive.zig,archive.std,reference,8,m2-closure-0.1,2026-06-20T11:23:38.341Z
4241,43,src/archive.zig,archive.testing,modify,7,m2-closure-0.1,2026-06-20T11:23:38.342Z
4241,43,src/archive.zig,archive.testing,reference,7,m2-closure-0.1,2026-06-20T11:23:38.339Z
4241,43,src/archive.zig,archive.unsetenv,modify,17,m2-closure-0.1,2026-06-20T11:23:38.342Z
4241,43,src/archive.zig,archive.unsetenv,reference,17,m2-closure-0.1,2026-06-20T11:23:38.340Z
4241,43,src/archive.zig,archive.writeArchiveAuditLog,modify,43,m2-closure-0.1,2026-06-20T11:23:38.339Z
4241,43,src/archive.zig,archive.writeArchiveAuditLog,reference,43,m2-closure-0.1,2026-06-20T11:23:38.338Z
4241,43,src/archive.zig,archive.writeArchiveAuditLogFull,modify,99,m2-closure-0.1,2026-06-20T11:23:38.338Z
4241,43,src/archive.zig,archive.writeArchiveAuditLogFull,reference,99,m2-closure-0.1,2026-06-20T11:23:38.341Z
4241,43,src/archive.zig,archive.writeArchiveSkipAuditLog,modify,36,m2-closure-0.1,2026-06-20T11:23:38.342Z
4241,43,src/archive.zig,archive.writeArchiveSkipAuditLog,reference,36,m2-closure-0.1,2026-06-20T11:23:38.337Z
4241,43,src/cache.zig,cache.Cache,modify,4255,m2-closure-0.1,2026-06-20T11:23:38.340Z
4241,43,src/cache.zig,cache.Cache,reference,4255,m2-closure-0.1,2026-06-20T11:23:38.340Z
4241,43,src/cache.zig,cache.Cache.ObservedRepo,reference,4255,m2-closure-0.1,2026-06-20T11:23:38.338Z
4241,43,src/cache.zig,cache.Cache.applyMigration,reference,4255,m2-closure-0.1,2026-06-20T11:23:38.339Z
4241,43,src/cache.zig,cache.Cache.applyMigration,transitive,4255,m2-closure-0.1,2026-06-20T11:23:38.337Z
4241,43,src/cache.zig,cache.Cache.db,reference,4255,m2-closure-0.1,2026-06-20T11:23:38.338Z
4241,43,src/cache.zig,cache.Cache.db,transitive,4255,m2-closure-0.1,2026-06-20T11:23:38.337Z
4241,43,src/cache.zig,cache.Cache.open,reference,4255,m2-closure-0.1,2026-06-20T11:23:38.338Z
4241,43,src/cache.zig,cache.Cache.runMigrations,reference,4255,m2-closure-0.1,2026-06-20T11:23:38.340Z
4241,43,src/cache.zig,cache.Cache.runMigrations,transitive,4255,m2-closure-0.1,2026-06-20T11:23:38.338Z
4241,43,src/cache.zig,cache.Cache.schemaVersion,reference,4255,m2-closure-0.1,2026-06-20T11:23:38.338Z
4241,43,src/cache.zig,cache.Cache.schemaVersion,transitive,4255,m2-closure-0.1,2026-06-20T11:23:38.341Z
4241,43,src/cache.zig,cache.CacheError,modify,26,m2-closure-0.1,2026-06-20T11:23:38.337Z
4241,43,src/cache.zig,cache.CacheError,reference,26,m2-closure-0.1,2026-06-20T11:23:38.341Z
4241,43,src/cache.zig,cache.CacheError,transitive,26,m2-closure-0.1,2026-06-20T11:23:38.337Z
4241,43,src/cache.zig,cache.Migration,modify,18,m2-closure-0.1,2026-06-20T11:23:38.340Z
4241,43,src/cache.zig,cache.Migration,reference,18,m2-closure-0.1,2026-06-20T11:23:38.341Z
4241,43,src/cache.zig,cache.Migration,transitive,18,m2-closure-0.1,2026-06-20T11:23:38.337Z
4241,43,src/cache.zig,cache.c,modify,10,m2-closure-0.1,2026-06-20T11:23:38.341Z
4241,43,src/cache.zig,cache.c,reference,10,m2-closure-0.1,2026-06-20T11:23:38.341Z
4241,43,src/cache.zig,cache.c,transitive,10,m2-closure-0.1,2026-06-20T11:23:38.338Z
4241,43,src/cache.zig,cache.latestSchemaVersion,modify,13,m2-closure-0.1,2026-06-20T11:23:38.339Z
4241,43,src/cache.zig,cache.latestSchemaVersion,reference,13,m2-closure-0.1,2026-06-20T11:23:38.339Z
4241,43,src/cache.zig,cache.migrations,modify,101,m2-closure-0.1,2026-06-20T11:23:38.339Z
4241,43,src/cache.zig,cache.migrations,reference,101,m2-closure-0.1,2026-06-20T11:23:38.341Z
4241,43,src/cache.zig,cache.migrations,transitive,101,m2-closure-0.1,2026-06-20T11:23:38.339Z
4241,43,src/cache.zig,cache.openEmptyDb,modify,77,m2-closure-0.1,2026-06-20T11:23:38.337Z
4241,43,src/cache.zig,cache.openEmptyDb,reference,77,m2-closure-0.1,2026-06-20T11:23:38.341Z
4241,43,src/cache.zig,cache.sqliteVersion,modify,27,m2-closure-0.1,2026-06-20T11:23:38.338Z
4241,43,src/cache.zig,cache.std,modify,8,m2-closure-0.1,2026-06-20T11:23:38.338Z
4241,43,src/cache.zig,cache.std,reference,8,m2-closure-0.1,2026-06-20T11:23:38.340Z
4241,43,src/cache.zig,cache.std,transitive,8,m2-closure-0.1,2026-06-20T11:23:38.337Z
4241,43,src/cache.zig,cache.translateRc,modify,80,m2-closure-0.1,2026-06-20T11:23:38.337Z
4241,43,src/cache.zig,cache.translateRc,reference,80,m2-closure-0.1,2026-06-20T11:23:38.339Z
4241,43,src/cache.zig,cache.translateRc,transitive,80,m2-closure-0.1,2026-06-20T11:23:38.338Z
4241,43,src/credentials.zig,credentials.CredentialError,transitive,17,m2-closure-0.1,2026-06-20T11:23:38.339Z
4241,43,src/credentials.zig,credentials.resolveGitLab,transitive,358,m2-closure-0.1,2026-06-20T11:23:38.339Z
4241,43,src/filter.zig,filter.FilterExpr,transitive,57,m2-closure-0.1,2026-06-20T11:23:38.338Z
4241,43,src/filter.zig,filter.FilterRow,transitive,78,m2-closure-0.1,2026-06-20T11:23:38.337Z
4241,43,src/filter.zig,filter.ParseResult,transitive,19,m2-closure-0.1,2026-06-20T11:23:38.340Z
4241,43,src/filter.zig,filter.Parser,transitive,1450,m2-closure-0.1,2026-06-20T11:23:38.337Z
4241,43,src/filter.zig,filter.Parser.init,transitive,1450,m2-closure-0.1,2026-06-20T11:23:38.339Z
4241,43,src/filter.zig,filter.buildFilterRow,reference,811,m2-closure-0.1,2026-06-20T11:23:38.338Z
4241,43,src/filter.zig,filter.cache,transitive,8,m2-closure-0.1,2026-06-20T11:23:38.341Z
4241,43,src/filter.zig,filter.eval,reference,23,m2-closure-0.1,2026-06-20T11:23:38.340Z
4241,43,src/filter.zig,filter.evalExpr,transitive,288,m2-closure-0.1,2026-06-20T11:23:38.337Z
4241,43,src/filter.zig,filter.manifest,transitive,8,m2-closure-0.1,2026-06-20T11:23:38.337Z
4241,43,src/filter.zig,filter.parse,reference,46,m2-closure-0.1,2026-06-20T11:23:38.339Z
4241,43,src/filter.zig,filter.parseSqliteDateTime,transitive,458,m2-closure-0.1,2026-06-20T11:23:38.341Z
4241,43,src/filter.zig,filter.planner,transitive,8,m2-closure-0.1,2026-06-20T11:23:38.341Z
4241,43,src/filter.zig,filter.provider,transitive,8,m2-closure-0.1,2026-06-20T11:23:38.338Z
4241,43,src/filter.zig,filter.std,transitive,8,m2-closure-0.1,2026-06-20T11:23:38.341Z
4241,43,src/github/provider.zig,provider.GitHubProvider,reference,2702,m2-closure-0.1,2026-06-20T11:23:38.341Z
4241,43,src/github/provider.zig,provider.OrgOrUser,reference,25,m2-closure-0.1,2026-06-20T11:23:38.341Z
4241,43,src/github/provider.zig,provider.github_matrix,reference,130,m2-closure-0.1,2026-06-20T11:23:38.339Z
4241,43,src/gitlab.zig,gitlab.Allocator,transitive,9,m2-closure-0.1,2026-06-20T11:23:38.341Z
4241,43,src/gitlab.zig,gitlab.Client,transitive,1702,m2-closure-0.1,2026-06-20T11:23:38.337Z
4241,43,src/gitlab.zig,gitlab.encodeProjectPath,reference,49,m2-closure-0.1,2026-06-20T11:23:38.342Z
4241,43,src/gitlab.zig,gitlab.std,transitive,8,m2-closure-0.1,2026-06-20T11:23:38.339Z
4241,43,src/gitlab/extensions.zig,extensions.GitLabExtContext,transitive,25,m2-closure-0.1,2026-06-20T11:23:38.341Z
4241,43,src/gitlab/extensions.zig,extensions.gitlab_branch_protection_vtable,transitive,20,m2-closure-0.1,2026-06-20T11:23:38.341Z
4241,43,src/gitlab/extensions.zig,extensions.gitlab_ci_vtable,transitive,20,m2-closure-0.1,2026-06-20T11:23:38.337Z
4241,43,src/gitlab/extensions.zig,extensions.gitlab_collaborator_vtable,transitive,25,m2-closure-0.1,2026-06-20T11:23:38.340Z
4241,43,src/gitlab/extensions.zig,extensions.gitlab_webhook_vtable,transitive,30,m2-closure-0.1,2026-06-20T11:23:38.341Z
4241,43,src/gitlab/provider.zig,provider.Allocator,transitive,9,m2-closure-0.1,2026-06-20T11:23:38.341Z
4241,43,src/gitlab/provider.zig,provider.CapabilityMatrix,reference,7,m2-closure-0.1,2026-06-20T11:23:38.339Z
4241,43,src/gitlab/provider.zig,provider.GitLabProvider,reference,2749,m2-closure-0.1,2026-06-20T11:23:38.337Z
4241,43,src/gitlab/provider.zig,provider.GitLabProvider.allocator,transitive,2749,m2-closure-0.1,2026-06-20T11:23:38.341Z
4241,43,src/gitlab/provider.zig,provider.GitLabProvider.ext_ctx,transitive,2749,m2-closure-0.1,2026-06-20T11:23:38.338Z
4241,43,src/gitlab/provider.zig,provider.GitLabProvider.gl_client,transitive,2749,m2-closure-0.1,2026-06-20T11:23:38.341Z
4241,43,src/gitlab/provider.zig,provider.GitLabProvider.group_or_user,transitive,2749,m2-closure-0.1,2026-06-20T11:23:38.338Z
4241,43,src/gitlab/provider.zig,provider.GitLabProvider.http_client,transitive,2749,m2-closure-0.1,2026-06-20T11:23:38.340Z
4241,43,src/gitlab/provider.zig,provider.GitLabProvider.pending_branch,transitive,2749,m2-closure-0.1,2026-06-20T11:23:38.339Z
4241,43,src/gitlab/provider.zig,provider.GitLabProvider.pending_create_spec,transitive,2749,m2-closure-0.1,2026-06-20T11:23:38.340Z
4241,43,src/gitlab/provider.zig,provider.GitLabProvider.pending_project_id,transitive,2749,m2-closure-0.1,2026-06-20T11:23:38.340Z
4241,43,src/gitlab/provider.zig,provider.GitLabProvider.token,transitive,2749,m2-closure-0.1,2026-06-20T11:23:38.340Z
4241,43,src/gitlab/provider.zig,provider.GitLabProviderOpts,transitive,36,m2-closure-0.1,2026-06-20T11:23:38.338Z
4241,43,src/gitlab/provider.zig,provider.GroupOrUser,reference,25,m2-closure-0.1,2026-06-20T11:23:38.340Z
4241,43,src/gitlab/provider.zig,provider.OpKinds,transitive,7,m2-closure-0.1,2026-06-20T11:23:38.342Z
4241,43,src/gitlab/provider.zig,provider.OpOutcome,reference,7,m2-closure-0.1,2026-06-20T11:23:38.339Z
4241,43,src/gitlab/provider.zig,provider.Provider,reference,7,m2-closure-0.1,2026-06-20T11:23:38.340Z
4241,43,src/gitlab/provider.zig,provider.VTable,reference,7,m2-closure-0.1,2026-06-20T11:23:38.337Z
4241,43,src/gitlab/provider.zig,provider.VTable,transitive,7,m2-closure-0.1,2026-06-20T11:23:38.338Z
4241,43,src/gitlab/provider.zig,provider.c,transitive,10,m2-closure-0.1,2026-06-20T11:23:38.338Z
4241,43,src/gitlab/provider.zig,provider.credentials,transitive,8,m2-closure-0.1,2026-06-20T11:23:38.338Z
4241,43,src/gitlab/provider.zig,provider.extensions,transitive,8,m2-closure-0.1,2026-06-20T11:23:38.340Z
4241,43,src/gitlab/provider.zig,provider.gitlab,transitive,8,m2-closure-0.1,2026-06-20T11:23:38.337Z
4241,43,src/gitlab/provider.zig,provider.gitlab_matrix,reference,130,m2-closure-0.1,2026-06-20T11:23:38.338Z
4241,43,src/gitlab/provider.zig,provider.gitlab_matrix,transitive,130,m2-closure-0.1,2026-06-20T11:23:38.341Z
4241,43,src/gitlab/provider.zig,provider.http_mod,transitive,8,m2-closure-0.1,2026-06-20T11:23:38.340Z
4241,43,src/gitlab/provider.zig,provider.mapClientError,transitive,400,m2-closure-0.1,2026-06-20T11:23:38.338Z
4241,43,src/gitlab/provider.zig,provider.opKind,transitive,7,m2-closure-0.1,2026-06-20T11:23:38.337Z
4241,43,src/gitlab/provider.zig,provider.provider,transitive,8,m2-closure-0.1,2026-06-20T11:23:38.338Z
4241,43,src/gitlab/provider.zig,provider.std,transitive,8,m2-closure-0.1,2026-06-20T11:23:38.340Z
4241,43,src/http.zig,http.Client,transitive,940,m2-closure-0.1,2026-06-20T11:23:38.341Z
4241,43,src/log.zig,log.emitKvToStderr,transitive,145,m2-closure-0.1,2026-06-20T11:23:38.340Z
4241,43,src/log.zig,log.errKv,reference,28,m2-closure-0.1,2026-06-20T11:23:38.340Z
4241,43,src/manifest.zig,manifest.ParseResult,transitive,19,m2-closure-0.1,2026-06-20T11:23:38.338Z
4241,43,src/manifest.zig,manifest.parse,reference,106,m2-closure-0.1,2026-06-20T11:23:38.338Z
4241,43,src/manifest.zig,manifest.parseImpl,transitive,2522,m2-closure-0.1,2026-06-20T11:23:38.341Z
4241,43,src/manifest.zig,manifest.std,transitive,8,m2-closure-0.1,2026-06-20T11:23:38.341Z
4241,43,src/output.zig,output.Io,transitive,7,m2-closure-0.1,2026-06-20T11:23:38.340Z
4241,43,src/output.zig,output.printJson,reference,45,m2-closure-0.1,2026-06-20T11:23:38.337Z
4241,43,src/output.zig,output.std,transitive,8,m2-closure-0.1,2026-06-20T11:23:38.341Z
4241,43,src/planner.zig,planner.ObservedExtensionSettings,reference,47,m2-closure-0.1,2026-06-20T11:23:38.341Z
4241,43,src/provider.zig,provider.CreateWebhookParams,reference,63,m2-closure-0.1,2026-06-20T11:23:38.337Z
4241,43,src/provider.zig,provider.DeleteWebhookParams,reference,24,m2-closure-0.1,2026-06-20T11:23:38.337Z
4241,43,src/provider.zig,provider.ListWebhooksParams,reference,16,m2-closure-0.1,2026-06-20T11:23:38.338Z
4241,43,src/provider.zig,provider.OpKinds.archive_repo,transitive,80,m2-closure-0.1,2026-06-20T11:23:38.340Z
4241,43,src/provider.zig,provider.OpKinds.create_repo,transitive,80,m2-closure-0.1,2026-06-20T11:23:38.341Z
4241,43,src/provider.zig,provider.OpKinds.delete_repo,transitive,80,m2-closure-0.1,2026-06-20T11:23:38.338Z
4241,43,src/provider.zig,provider.OpKinds.list_repos,transitive,80,m2-closure-0.1,2026-06-20T11:23:38.338Z
4241,43,src/provider.zig,provider.OpKinds.push_initial_commit,transitive,80,m2-closure-0.1,2026-06-20T11:23:38.337Z
4241,43,src/provider.zig,provider.OpKinds.set_default_branch,transitive,80,m2-closure-0.1,2026-06-20T11:23:38.341Z
4241,43,src/provider.zig,provider.PushInitialCommitParams,reference,41,m2-closure-0.1,2026-06-20T11:23:38.337Z
4241,43,src/provider.zig,provider.UpdateWebhookParams,reference,68,m2-closure-0.1,2026-06-20T11:23:38.341Z
4241,43,src/provider.zig,provider.WebhookVTable,reference,119,m2-closure-0.1,2026-06-20T11:23:38.342Z
4241,43,src/provider/fake.zig,fake.CapabilityMatrix,transitive,7,m2-closure-0.1,2026-06-20T11:23:38.339Z
4241,43,src/provider/fake.zig,fake.kernel_only_matrix,reference,130,m2-closure-0.1,2026-06-20T11:23:38.341Z
4241,43,src/query.zig,query.Allocator,modify,9,m2-closure-0.1,2026-06-20T11:23:38.341Z
4241,43,src/query.zig,query.Allocator,reference,9,m2-closure-0.1,2026-06-20T11:23:38.337Z
4241,43,src/query.zig,query.COL_BRANCH,modify,5,m2-closure-0.1,2026-06-20T11:23:38.338Z
4241,43,src/query.zig,query.COL_BRANCH,reference,5,m2-closure-0.1,2026-06-20T11:23:38.338Z
4241,43,src/query.zig,query.COL_NAME,modify,5,m2-closure-0.1,2026-06-20T11:23:38.341Z
4241,43,src/query.zig,query.COL_NAME,reference,5,m2-closure-0.1,2026-06-20T11:23:38.339Z
4241,43,src/query.zig,query.COL_OWNER,modify,5,m2-closure-0.1,2026-06-20T11:23:38.342Z
4241,43,src/query.zig,query.COL_OWNER,reference,5,m2-closure-0.1,2026-06-20T11:23:38.340Z
4241,43,src/query.zig,query.COL_PROVIDER,modify,5,m2-closure-0.1,2026-06-20T11:23:38.339Z
4241,43,src/query.zig,query.COL_PROVIDER,reference,5,m2-closure-0.1,2026-06-20T11:23:38.338Z
4241,43,src/query.zig,query.Io,modify,7,m2-closure-0.1,2026-06-20T11:23:38.337Z
4241,43,src/query.zig,query.Io,reference,7,m2-closure-0.1,2026-06-20T11:23:38.340Z
4241,43,src/query.zig,query.QueryArgs,modify,52,m2-closure-0.1,2026-06-20T11:23:38.338Z
4241,43,src/query.zig,query.QueryArgs,reference,52,m2-closure-0.1,2026-06-20T11:23:38.340Z
4241,43,src/query.zig,query.QueryResult,modify,14,m2-closure-0.1,2026-06-20T11:23:38.337Z
4241,43,src/query.zig,query.QueryResult,reference,14,m2-closure-0.1,2026-06-20T11:23:38.339Z
4241,43,src/query.zig,query.QueryResult.err,reference,14,m2-closure-0.1,2026-06-20T11:23:38.338Z
4241,43,src/query.zig,query.QueryResult.invalid_args,reference,14,m2-closure-0.1,2026-06-20T11:23:38.342Z
4241,43,src/query.zig,query.QueryResult.ok,reference,14,m2-closure-0.1,2026-06-20T11:23:38.342Z
4241,43,src/query.zig,query.QueryRow,modify,50,m2-closure-0.1,2026-06-20T11:23:38.342Z
4241,43,src/query.zig,query.QueryRow,reference,50,m2-closure-0.1,2026-06-20T11:23:38.338Z
4241,43,src/query.zig,query.c,modify,10,m2-closure-0.1,2026-06-20T11:23:38.339Z
4241,43,src/query.zig,query.c,reference,10,m2-closure-0.1,2026-06-20T11:23:38.339Z
4241,43,src/query.zig,query.cache_mod,modify,8,m2-closure-0.1,2026-06-20T11:23:38.341Z
4241,43,src/query.zig,query.cache_mod,reference,8,m2-closure-0.1,2026-06-20T11:23:38.338Z
4241,43,src/query.zig,query.capabilityMatrixForKind,modify,80,m2-closure-0.1,2026-06-20T11:23:38.338Z
4241,43,src/query.zig,query.capabilityMatrixForKind,reference,80,m2-closure-0.1,2026-06-20T11:23:38.339Z
4241,43,src/query.zig,query.collectRepoSettings,modify,134,m2-closure-0.1,2026-06-20T11:23:38.341Z
4241,43,src/query.zig,query.collectRepoSettings,reference,134,m2-closure-0.1,2026-06-20T11:23:38.339Z
4241,43,src/query.zig,query.emitHuman,modify,225,m2-closure-0.1,2026-06-20T11:23:38.337Z
4241,43,src/query.zig,query.emitHuman,reference,225,m2-closure-0.1,2026-06-20T11:23:38.338Z
4241,43,src/query.zig,query.fake_provider,modify,8,m2-closure-0.1,2026-06-20T11:23:38.338Z
4241,43,src/query.zig,query.fake_provider,reference,8,m2-closure-0.1,2026-06-20T11:23:38.338Z
4241,43,src/query.zig,query.filter,modify,8,m2-closure-0.1,2026-06-20T11:23:38.340Z
4241,43,src/query.zig,query.filter,reference,8,m2-closure-0.1,2026-06-20T11:23:38.341Z
4241,43,src/query.zig,query.github_provider,modify,8,m2-closure-0.1,2026-06-20T11:23:38.341Z
4241,43,src/query.zig,query.github_provider,reference,8,m2-closure-0.1,2026-06-20T11:23:38.337Z
4241,43,src/query.zig,query.gitlab_provider,modify,8,m2-closure-0.1,2026-06-20T11:23:38.337Z
4241,43,src/query.zig,query.gitlab_provider,reference,8,m2-closure-0.1,2026-06-20T11:23:38.341Z
4241,43,src/query.zig,query.insertRepo,modify,103,m2-closure-0.1,2026-06-20T11:23:38.340Z
4241,43,src/query.zig,query.insertRepo,reference,103,m2-closure-0.1,2026-06-20T11:23:38.341Z
4241,43,src/query.zig,query.manifest_mod,modify,8,m2-closure-0.1,2026-06-20T11:23:38.342Z
4241,43,src/query.zig,query.manifest_mod,reference,8,m2-closure-0.1,2026-06-20T11:23:38.342Z
4241,43,src/query.zig,query.output_mod,modify,8,m2-closure-0.1,2026-06-20T11:23:38.339Z
4241,43,src/query.zig,query.output_mod,reference,8,m2-closure-0.1,2026-06-20T11:23:38.340Z
4241,43,src/query.zig,query.planner_mod,modify,8,m2-closure-0.1,2026-06-20T11:23:38.337Z
4241,43,src/query.zig,query.planner_mod,reference,8,m2-closure-0.1,2026-06-20T11:23:38.340Z
4241,43,src/query.zig,query.provider_mod,modify,8,m2-closure-0.1,2026-06-20T11:23:38.341Z
4241,43,src/query.zig,query.provider_mod,reference,8,m2-closure-0.1,2026-06-20T11:23:38.340Z
4241,43,src/query.zig,query.runQuery,modify,226,m2-closure-0.1,2026-06-20T11:23:38.339Z
4241,43,src/query.zig,query.runQueryWithCache,modify,882,m2-closure-0.1,2026-06-20T11:23:38.337Z
4241,43,src/query.zig,query.runQueryWithCache,reference,882,m2-closure-0.1,2026-06-20T11:23:38.339Z
4241,43,src/query.zig,query.runSqlEscapeHatch,modify,1108,m2-closure-0.1,2026-06-20T11:23:38.337Z
4241,43,src/query.zig,query.runSqlEscapeHatch,reference,1108,m2-closure-0.1,2026-06-20T11:23:38.338Z
4241,43,src/query.zig,query.sqlReadOnlyAuth,modify,97,m2-closure-0.1,2026-06-20T11:23:38.341Z
4241,43,src/query.zig,query.sqlReadOnlyAuth,reference,97,m2-closure-0.1,2026-06-20T11:23:38.340Z
4241,43,src/query.zig,query.sshbare_provider,modify,8,m2-closure-0.1,2026-06-20T11:23:38.341Z
4241,43,src/query.zig,query.sshbare_provider,reference,8,m2-closure-0.1,2026-06-20T11:23:38.340Z
4241,43,src/query.zig,query.std,modify,8,m2-closure-0.1,2026-06-20T11:23:38.338Z
4241,43,src/query.zig,query.std,reference,8,m2-closure-0.1,2026-06-20T11:23:38.338Z
4241,43,src/query.zig,query.testing,modify,7,m2-closure-0.1,2026-06-20T11:23:38.338Z
4241,43,src/query.zig,query.testing,reference,7,m2-closure-0.1,2026-06-20T11:23:38.337Z
4241,43,src/query.zig,query.writeJsonString,modify,146,m2-closure-0.1,2026-06-20T11:23:38.342Z
4241,43,src/query.zig,query.writeJsonString,reference,146,m2-closure-0.1,2026-06-20T11:23:38.340Z
4241,43,src/rotate_webhooks.zig,rotate_webhooks.Allocator,modify,9,m2-closure-0.1,2026-06-20T11:23:38.339Z
4241,43,src/rotate_webhooks.zig,rotate_webhooks.Allocator,reference,9,m2-closure-0.1,2026-06-20T11:23:38.337Z
4241,43,src/rotate_webhooks.zig,rotate_webhooks.FakeWebhookCtx,modify,997,m2-closure-0.1,2026-06-20T11:23:38.339Z
4241,43,src/rotate_webhooks.zig,rotate_webhooks.FakeWebhookCtx,reference,997,m2-closure-0.1,2026-06-20T11:23:38.337Z
4241,43,src/rotate_webhooks.zig,rotate_webhooks.FakeWebhookCtx.allocator,reference,997,m2-closure-0.1,2026-06-20T11:23:38.338Z
4241,43,src/rotate_webhooks.zig,rotate_webhooks.FakeWebhookCtx.fail_list,reference,997,m2-closure-0.1,2026-06-20T11:23:38.339Z
4241,43,src/rotate_webhooks.zig,rotate_webhooks.FakeWebhookCtx.fail_update,reference,997,m2-closure-0.1,2026-06-20T11:23:38.339Z
4241,43,src/rotate_webhooks.zig,rotate_webhooks.FakeWebhookCtx.init,reference,997,m2-closure-0.1,2026-06-20T11:23:38.339Z
4241,43,src/rotate_webhooks.zig,rotate_webhooks.FakeWebhookCtx.last_list_repo_id,reference,997,m2-closure-0.1,2026-06-20T11:23:38.341Z
4241,43,src/rotate_webhooks.zig,rotate_webhooks.FakeWebhookCtx.last_list_repo_id_len,reference,997,m2-closure-0.1,2026-06-20T11:23:38.337Z
4241,43,src/rotate_webhooks.zig,rotate_webhooks.FakeWebhookCtx.last_update_repo_id,reference,997,m2-closure-0.1,2026-06-20T11:23:38.339Z
4241,43,src/rotate_webhooks.zig,rotate_webhooks.FakeWebhookCtx.last_update_repo_id_len,reference,997,m2-closure-0.1,2026-06-20T11:23:38.340Z
4241,43,src/rotate_webhooks.zig,rotate_webhooks.FakeWebhookCtx.list_payloads,reference,997,m2-closure-0.1,2026-06-20T11:23:38.340Z
4241,43,src/rotate_webhooks.zig,rotate_webhooks.FakeWebhookCtx.update_calls,reference,997,m2-closure-0.1,2026-06-20T11:23:38.338Z
4241,43,src/rotate_webhooks.zig,rotate_webhooks.FakeWebhookCtx.vtable,reference,997,m2-closure-0.1,2026-06-20T11:23:38.339Z
4241,43,src/rotate_webhooks.zig,rotate_webhooks.FakeWebhookCtx.webhook_ids,reference,997,m2-closure-0.1,2026-06-20T11:23:38.340Z
4241,43,src/rotate_webhooks.zig,rotate_webhooks.Io,modify,7,m2-closure-0.1,2026-06-20T11:23:38.338Z
4241,43,src/rotate_webhooks.zig,rotate_webhooks.Io,reference,7,m2-closure-0.1,2026-06-20T11:23:38.339Z
4241,43,src/rotate_webhooks.zig,rotate_webhooks.RepoRotateOutcome,modify,37,m2-closure-0.1,2026-06-20T11:23:38.337Z
4241,43,src/rotate_webhooks.zig,rotate_webhooks.RepoRotateOutcome,reference,37,m2-closure-0.1,2026-06-20T11:23:38.337Z
4241,43,src/rotate_webhooks.zig,rotate_webhooks.RepoRotateStatus,modify,16,m2-closure-0.1,2026-06-20T11:23:38.338Z
4241,43,src/rotate_webhooks.zig,rotate_webhooks.RepoRotateStatus,reference,16,m2-closure-0.1,2026-06-20T11:23:38.340Z
4241,43,src/rotate_webhooks.zig,rotate_webhooks.RepoRotateStatus.dry_run,reference,16,m2-closure-0.1,2026-06-20T11:23:38.339Z
4241,43,src/rotate_webhooks.zig,rotate_webhooks.RepoRotateStatus.ok,reference,16,m2-closure-0.1,2026-06-20T11:23:38.339Z
4241,43,src/rotate_webhooks.zig,rotate_webhooks.RepoRotateStatus.skipped_unsupported,reference,16,m2-closure-0.1,2026-06-20T11:23:38.339Z
4241,43,src/rotate_webhooks.zig,rotate_webhooks.RotateResult,modify,26,m2-closure-0.1,2026-06-20T11:23:38.339Z
4241,43,src/rotate_webhooks.zig,rotate_webhooks.RotateResult,reference,26,m2-closure-0.1,2026-06-20T11:23:38.340Z
4241,43,src/rotate_webhooks.zig,rotate_webhooks.RotateResult.invalid_filter,reference,26,m2-closure-0.1,2026-06-20T11:23:38.341Z
4241,43,src/rotate_webhooks.zig,rotate_webhooks.RotateResult.missing_to_url,reference,26,m2-closure-0.1,2026-06-20T11:23:38.338Z
4241,43,src/rotate_webhooks.zig,rotate_webhooks.RotateResult.no_match,reference,26,m2-closure-0.1,2026-06-20T11:23:38.339Z
4241,43,src/rotate_webhooks.zig,rotate_webhooks.RotateResult.ok,reference,26,m2-closure-0.1,2026-06-20T11:23:38.337Z
4241,43,src/rotate_webhooks.zig,rotate_webhooks.RotateStubCtx,modify,62,m2-closure-0.1,2026-06-20T11:23:38.341Z
4241,43,src/rotate_webhooks.zig,rotate_webhooks.RotateStubCtx,reference,62,m2-closure-0.1,2026-06-20T11:23:38.340Z
4241,43,src/rotate_webhooks.zig,rotate_webhooks.RotateWebhooksArgs,modify,54,m2-closure-0.1,2026-06-20T11:23:38.341Z
4241,43,src/rotate_webhooks.zig,rotate_webhooks.RotateWebhooksArgs,reference,54,m2-closure-0.1,2026-06-20T11:23:38.337Z
4241,43,src/rotate_webhooks.zig,rotate_webhooks.RotateWebhooksOutput,modify,42,m2-closure-0.1,2026-06-20T11:23:38.340Z
4241,43,src/rotate_webhooks.zig,rotate_webhooks.RotateWebhooksOutput,reference,42,m2-closure-0.1,2026-06-20T11:23:38.340Z
4241,43,src/rotate_webhooks.zig,rotate_webhooks.buildProviderAndRotate,modify,689,m2-closure-0.1,2026-06-20T11:23:38.339Z
4241,43,src/rotate_webhooks.zig,rotate_webhooks.buildProviderAndRotate,reference,689,m2-closure-0.1,2026-06-20T11:23:38.340Z
4241,43,src/rotate_webhooks.zig,rotate_webhooks.c,modify,10,m2-closure-0.1,2026-06-20T11:23:38.339Z
4241,43,src/rotate_webhooks.zig,rotate_webhooks.c,reference,10,m2-closure-0.1,2026-06-20T11:23:38.341Z
4241,43,src/rotate_webhooks.zig,rotate_webhooks.cache_mod,modify,8,m2-closure-0.1,2026-06-20T11:23:38.337Z
4241,43,src/rotate_webhooks.zig,rotate_webhooks.cache_mod,reference,8,m2-closure-0.1,2026-06-20T11:23:38.339Z
4241,43,src/rotate_webhooks.zig,rotate_webhooks.capMatrixForKind,modify,296,m2-closure-0.1,2026-06-20T11:23:38.340Z
4241,43,src/rotate_webhooks.zig,rotate_webhooks.capMatrixForKind,reference,296,m2-closure-0.1,2026-06-20T11:23:38.341Z
4241,43,src/rotate_webhooks.zig,rotate_webhooks.countWebhooksFromAuditPayload,modify,110,m2-closure-0.1,2026-06-20T11:23:38.342Z
4241,43,src/rotate_webhooks.zig,rotate_webhooks.countWebhooksFromAuditPayload,reference,110,m2-closure-0.1,2026-06-20T11:23:38.339Z
4241,43,src/rotate_webhooks.zig,rotate_webhooks.credentials_mod,modify,8,m2-closure-0.1,2026-06-20T11:23:38.339Z
4241,43,src/rotate_webhooks.zig,rotate_webhooks.filter_mod,modify,8,m2-closure-0.1,2026-06-20T11:23:38.341Z
4241,43,src/rotate_webhooks.zig,rotate_webhooks.filter_mod,reference,8,m2-closure-0.1,2026-06-20T11:23:38.341Z
4241,43,src/rotate_webhooks.zig,rotate_webhooks.github_provider_mod,modify,8,m2-closure-0.1,2026-06-20T11:23:38.338Z
4241,43,src/rotate_webhooks.zig,rotate_webhooks.github_provider_mod,reference,8,m2-closure-0.1,2026-06-20T11:23:38.338Z
4241,43,src/rotate_webhooks.zig,rotate_webhooks.gitlab_mod,modify,8,m2-closure-0.1,2026-06-20T11:23:38.337Z
4241,43,src/rotate_webhooks.zig,rotate_webhooks.gitlab_mod,reference,8,m2-closure-0.1,2026-06-20T11:23:38.338Z
4241,43,src/rotate_webhooks.zig,rotate_webhooks.gitlab_provider_mod,modify,8,m2-closure-0.1,2026-06-20T11:23:38.341Z
4241,43,src/rotate_webhooks.zig,rotate_webhooks.gitlab_provider_mod,reference,8,m2-closure-0.1,2026-06-20T11:23:38.339Z
4241,43,src/rotate_webhooks.zig,rotate_webhooks.log,modify,8,m2-closure-0.1,2026-06-20T11:23:38.341Z
4241,43,src/rotate_webhooks.zig,rotate_webhooks.log,reference,8,m2-closure-0.1,2026-06-20T11:23:38.341Z
4241,43,src/rotate_webhooks.zig,rotate_webhooks.makeFakeWebhookProvider,modify,50,m2-closure-0.1,2026-06-20T11:23:38.337Z
4241,43,src/rotate_webhooks.zig,rotate_webhooks.makeFakeWebhookProvider,reference,50,m2-closure-0.1,2026-06-20T11:23:38.340Z
4241,43,src/rotate_webhooks.zig,rotate_webhooks.makeSshBareProvider,modify,44,m2-closure-0.1,2026-06-20T11:23:38.340Z
4241,43,src/rotate_webhooks.zig,rotate_webhooks.makeSshBareProvider,reference,44,m2-closure-0.1,2026-06-20T11:23:38.340Z
4241,43,src/rotate_webhooks.zig,rotate_webhooks.output_mod,modify,8,m2-closure-0.1,2026-06-20T11:23:38.338Z
4241,43,src/rotate_webhooks.zig,rotate_webhooks.output_mod,reference,8,m2-closure-0.1,2026-06-20T11:23:38.339Z
4241,43,src/rotate_webhooks.zig,rotate_webhooks.parseWebhookIdsFromPayload,modify,255,m2-closure-0.1,2026-06-20T11:23:38.338Z
4241,43,src/rotate_webhooks.zig,rotate_webhooks.parseWebhookIdsFromPayload,reference,255,m2-closure-0.1,2026-06-20T11:23:38.339Z
4241,43,src/rotate_webhooks.zig,rotate_webhooks.planner_mod,modify,8,m2-closure-0.1,2026-06-20T11:23:38.338Z
4241,43,src/rotate_webhooks.zig,rotate_webhooks.planner_mod,reference,8,m2-closure-0.1,2026-06-20T11:23:38.337Z
4241,43,src/rotate_webhooks.zig,rotate_webhooks.printJson,modify,28,m2-closure-0.1,2026-06-20T11:23:38.340Z
4241,43,src/rotate_webhooks.zig,rotate_webhooks.printJson,reference,28,m2-closure-0.1,2026-06-20T11:23:38.340Z
4241,43,src/rotate_webhooks.zig,rotate_webhooks.provider_mod,modify,8,m2-closure-0.1,2026-06-20T11:23:38.339Z
4241,43,src/rotate_webhooks.zig,rotate_webhooks.provider_mod,reference,8,m2-closure-0.1,2026-06-20T11:23:38.338Z
4241,43,src/rotate_webhooks.zig,rotate_webhooks.rotateMultiShotServer,modify,485,m2-closure-0.1,2026-06-20T11:23:38.340Z
4241,43,src/rotate_webhooks.zig,rotate_webhooks.rotateMultiShotServer,reference,485,m2-closure-0.1,2026-06-20T11:23:38.342Z
4241,43,src/rotate_webhooks.zig,rotate_webhooks.rotateSleepNs,modify,89,m2-closure-0.1,2026-06-20T11:23:38.342Z
4241,43,src/rotate_webhooks.zig,rotate_webhooks.rotateSleepNs,reference,89,m2-closure-0.1,2026-06-20T11:23:38.337Z
4241,43,src/rotate_webhooks.zig,rotate_webhooks.rotateWithProvider,modify,728,m2-closure-0.1,2026-06-20T11:23:38.340Z
4241,43,src/rotate_webhooks.zig,rotate_webhooks.rotateWithProvider,reference,728,m2-closure-0.1,2026-06-20T11:23:38.339Z
4241,43,src/rotate_webhooks.zig,rotate_webhooks.runRotateWebhooks,modify,261,m2-closure-0.1,2026-06-20T11:23:38.337Z
4241,43,src/rotate_webhooks.zig,rotate_webhooks.runRotateWebhooksWithCache,modify,987,m2-closure-0.1,2026-06-20T11:23:38.342Z
4241,43,src/rotate_webhooks.zig,rotate_webhooks.runRotateWebhooksWithCache,reference,987,m2-closure-0.1,2026-06-20T11:23:38.337Z
4241,43,src/rotate_webhooks.zig,rotate_webhooks.setenv,modify,31,m2-closure-0.1,2026-06-20T11:23:38.340Z
4241,43,src/rotate_webhooks.zig,rotate_webhooks.setenv,reference,31,m2-closure-0.1,2026-06-20T11:23:38.340Z
4241,43,src/rotate_webhooks.zig,rotate_webhooks.sshbare_provider_mod,modify,8,m2-closure-0.1,2026-06-20T11:23:38.338Z
4241,43,src/rotate_webhooks.zig,rotate_webhooks.sshbare_provider_mod,reference,8,m2-closure-0.1,2026-06-20T11:23:38.339Z
4241,43,src/rotate_webhooks.zig,rotate_webhooks.std,modify,8,m2-closure-0.1,2026-06-20T11:23:38.339Z
4241,43,src/rotate_webhooks.zig,rotate_webhooks.std,reference,8,m2-closure-0.1,2026-06-20T11:23:38.342Z
4241,43,src/rotate_webhooks.zig,rotate_webhooks.stubKernelOp,modify,29,m2-closure-0.1,2026-06-20T11:23:38.338Z
4241,43,src/rotate_webhooks.zig,rotate_webhooks.stubKernelOp,reference,29,m2-closure-0.1,2026-06-20T11:23:38.337Z
4241,43,src/rotate_webhooks.zig,rotate_webhooks.stubKernelOpPush,modify,35,m2-closure-0.1,2026-06-20T11:23:38.337Z
4241,43,src/rotate_webhooks.zig,rotate_webhooks.stubKernelOpPush,reference,35,m2-closure-0.1,2026-06-20T11:23:38.339Z
4241,43,src/rotate_webhooks.zig,rotate_webhooks.stub_ctx,modify,7,m2-closure-0.1,2026-06-20T11:23:38.338Z
4241,43,src/rotate_webhooks.zig,rotate_webhooks.stub_ctx,reference,7,m2-closure-0.1,2026-06-20T11:23:38.339Z
4241,43,src/rotate_webhooks.zig,rotate_webhooks.stub_kernel_vtable,modify,41,m2-closure-0.1,2026-06-20T11:23:38.337Z
4241,43,src/rotate_webhooks.zig,rotate_webhooks.stub_kernel_vtable,reference,41,m2-closure-0.1,2026-06-20T11:23:38.338Z
4241,43,src/rotate_webhooks.zig,rotate_webhooks.unsetenv,modify,17,m2-closure-0.1,2026-06-20T11:23:38.340Z
4241,43,src/rotate_webhooks.zig,rotate_webhooks.unsetenv,reference,17,m2-closure-0.1,2026-06-20T11:23:38.337Z
4241,43,src/rotate_webhooks.zig,rotate_webhooks.writeExtensionSkipAuditLog,modify,78,m2-closure-0.1,2026-06-20T11:23:38.338Z
4241,43,src/rotate_webhooks.zig,rotate_webhooks.writeExtensionSkipAuditLog,reference,78,m2-closure-0.1,2026-06-20T11:23:38.341Z
4241,43,src/rotate_webhooks.zig,rotate_webhooks.writeRotateAuditLog,modify,91,m2-closure-0.1,2026-06-20T11:23:38.341Z
4241,43,src/rotate_webhooks.zig,rotate_webhooks.writeRotateAuditLog,reference,91,m2-closure-0.1,2026-06-20T11:23:38.340Z
4241,43,src/sshbare/provider.zig,provider.SshBareProvider,reference,891,m2-closure-0.1,2026-06-20T11:23:38.337Z
4241,43,src/sshbare/provider.zig,provider.ssh_bare_matrix,reference,130,m2-closure-0.1,2026-06-20T11:23:38.339Z
4242,43,apply,"apply.test:--json output schema: typed parse into ApplyOutput round-trips plan/outcomes/summary",modify,0,m2-closure-0.1,2026-06-20T11:23:44.398Z
4242,43,apply,"apply.test:--json: dry-run output parses as JSON with expected schema",modify,0,m2-closure-0.1,2026-06-20T11:23:44.399Z
4242,43,apply,"apply.test:--resume classification: 2 done + 1 retried after first apply with 1 failure",modify,0,m2-closure-0.1,2026-06-20T11:23:44.400Z
4242,43,apply,"apply.test:--resume flag: output includes resume summary (2 skipped done / 1 retried / 0 fresh)",modify,0,m2-closure-0.1,2026-06-20T11:23:44.407Z
4242,43,apply,"apply.test:--resume on fresh cache: all 3 repos classified fresh",modify,0,m2-closure-0.1,2026-06-20T11:23:44.401Z
4242,43,apply,"apply.test:S-E1 --json: empty manifest produces valid JSON nothing-to-do",modify,0,m2-closure-0.1,2026-06-20T11:23:44.402Z
4242,43,apply,"apply.test:S-E1: empty [[repos]] → nothing to do, zero audit rows",modify,0,m2-closure-0.1,2026-06-20T11:23:44.403Z
4242,43,apply,"apply.test:S-G1: branch_protection on ssh-bare → UnsupportedField warning, audit_log extension_skip, exit 0",modify,0,m2-closure-0.1,2026-06-20T11:23:44.405Z
4242,43,apply,"apply.test:S-H1: 3-repo manifest + stub REST + bare push target → all 3 succeed, 3 audit rows",modify,0,m2-closure-0.1,2026-06-20T11:23:44.395Z
4242,43,apply,"apply.test:S-H2: mixed-provider fleet apply — 2 GitHub + 2 GitLab, all 4 succeed",modify,0,m2-closure-0.1,2026-06-20T11:23:44.406Z
4242,43,apply,"apply.test:audit_log quoting safety: extension_skip repo+field with quotes and backslashes survives JSON round-trip",modify,0,m2-closure-0.1,2026-06-20T11:23:44.401Z
4242,43,apply,"apply.test:audit_log quoting safety: repo name with quotes and backslashes survives JSON round-trip",modify,0,m2-closure-0.1,2026-06-20T11:23:44.398Z
4242,43,apply,"apply.test:cross-provider isolation: gitlab 422 does not prevent github repo from succeeding",modify,0,m2-closure-0.1,2026-06-20T11:23:44.403Z
4242,43,apply,"apply.test:dispatchExtensionOps: branch_protection_set calls BranchProtectionVTable.set",modify,0,m2-closure-0.1,2026-06-20T11:23:44.397Z
4242,43,apply,"apply.test:dispatchExtensionOps: gitlab — branch_protection_set receives owner%2Fname repo_id (task 3558)",modify,0,m2-closure-0.1,2026-06-20T11:23:44.395Z
4242,43,apply,"apply.test:dry-run: prints plan, exits 0, zero API calls, zero audit rows",modify,0,m2-closure-0.1,2026-06-20T11:23:44.407Z
4242,43,apply,"apply.test:extension on github warns: capability-driven, not provider-hardcoded",modify,0,m2-closure-0.1,2026-06-20T11:23:44.398Z
4242,43,apply,"apply.test:findCompletedScaffold: true when matching row exists, false otherwise",modify,0,m2-closure-0.1,2026-06-20T11:23:44.396Z
4242,43,apply,"apply.test:idempotency: second apply skips repos with prior successful push_initial_commit",modify,0,m2-closure-0.1,2026-06-20T11:23:44.394Z
4242,43,apply,"apply.test:no-extensions ssh-bare: scaffold succeeds, zero extension_skip rows",modify,0,m2-closure-0.1,2026-06-20T11:23:44.400Z
4242,43,apply,"apply.test:op_kind: backward-compat NULL row is readable after migration 0003",modify,0,m2-closure-0.1,2026-06-20T11:23:44.399Z
4242,43,apply,"apply.test:op_kind: writeAuditLog writes and reads back op_kind correctly",modify,0,m2-closure-0.1,2026-06-20T11:23:44.408Z
4242,43,apply,"apply.test:op_kind: writeAuditLogForScaffold derives op_kind via @tagName(opKind(op))",modify,0,m2-closure-0.1,2026-06-20T11:23:44.404Z
4242,43,apply,"apply.test:per-repo best-effort: stub returns 422 → all repos fail, exit non-zero, 3 failure rows",modify,0,m2-closure-0.1,2026-06-20T11:23:44.398Z
4242,43,apply,"apply.test:per-repo isolation: 201/422/201 sequence → 2 succeeded, 1 failed, all 3 in stdout",modify,0,m2-closure-0.1,2026-06-20T11:23:44.402Z
4242,43,apply,"apply.test:scenario 386 apply arm: already-scaffolded repo with BP drift → PUT reaches production path",modify,0,m2-closure-0.1,2026-06-20T11:23:44.400Z
4242,43,apply,"apply.test:task 3269: already-scaffolded repo with default_branch drift → PATCH reaches production path",modify,0,m2-closure-0.1,2026-06-20T11:23:44.401Z
4242,43,apply,"apply.test:writeAuditLog: inserts rows with correct fields",modify,0,m2-closure-0.1,2026-06-20T11:23:44.402Z
4242,43,apply_policy,"apply_policy.test:S-G5: apply-policy dry-run plan equals real-run execution set",modify,0,m2-closure-0.1,2026-06-20T11:23:44.406Z
4242,43,apply_policy,"apply_policy.test:apply-policy: ci_set_enabled called via fake CIVTable (M6 path, D-AP-2)",modify,0,m2-closure-0.1,2026-06-20T11:23:44.397Z
4242,43,apply_policy,"apply_policy.test:apply-policy: dry-run writes no audit rows",modify,0,m2-closure-0.1,2026-06-20T11:23:44.399Z
4242,43,apply_policy,"apply_policy.test:apply-policy: filter expression rejects all repos → nothing_to_do",modify,0,m2-closure-0.1,2026-06-20T11:23:44.403Z
4242,43,apply_policy,"apply_policy.test:apply-policy: filter selects only matching repos (dry-run)",modify,0,m2-closure-0.1,2026-06-20T11:23:44.405Z
4242,43,apply_policy,"apply_policy.test:apply-policy: per-repo best-effort — failure on repo-a does not skip repo-b",modify,0,m2-closure-0.1,2026-06-20T11:23:44.405Z
4242,43,apply_policy,"apply_policy.test:apply-policy: policy_not_found when policy name not in manifest",modify,0,m2-closure-0.1,2026-06-20T11:23:44.409Z
4242,43,apply_policy,"apply_policy.test:apply-policy: ssh-bare unsupported field → UnsupportedField warning, not error",modify,0,m2-closure-0.1,2026-06-20T11:23:44.404Z
4242,43,apply_policy,"apply_policy.test:policy-source: empty policy section returns bundle with zero extension_keys",modify,0,m2-closure-0.1,2026-06-20T11:23:44.403Z
4242,43,apply_policy,"apply_policy.test:policy-source: finds policy with branch_protection and ci keys via typed map",modify,0,m2-closure-0.1,2026-06-20T11:23:44.400Z
4242,43,apply_policy,"apply_policy.test:policy-source: ignores non-extension keys, collects webhooks and collaborators",modify,0,m2-closure-0.1,2026-06-20T11:23:44.404Z
4242,43,apply_policy,"apply_policy.test:policy-source: returns null for missing policy name",modify,0,m2-closure-0.1,2026-06-20T11:23:44.409Z
4242,43,archive,"archive.test:S-G5: archive dry-run plan equals real-run execution set",modify,0,m2-closure-0.1,2026-06-20T11:23:44.401Z
4242,43,archive,"archive.test:archive: --dry-run --json produces valid JSON (T8)",modify,0,m2-closure-0.1,2026-06-20T11:23:44.396Z
4242,43,archive,"archive.test:archive: --dry-run does not mutate cache or audit_log (T3)",modify,0,m2-closure-0.1,2026-06-20T11:23:44.396Z
4242,43,archive,"archive.test:archive: --dry-run makes no provider call, no cache write, no audit row (M7)",modify,0,m2-closure-0.1,2026-06-20T11:23:44.402Z
4242,43,archive,"archive.test:archive: GitLab archive request path contains owner%2Fname (not raw slash)",modify,0,m2-closure-0.1,2026-06-20T11:23:44.404Z
4242,43,archive,"archive.test:archive: archiveWithProvider FakeProvider records call + cache update + audit row",modify,0,m2-closure-0.1,2026-06-20T11:23:44.405Z
4242,43,archive,"archive.test:archive: audit_log rows have op_kind = irreversible (T4)",modify,0,m2-closure-0.1,2026-06-20T11:23:44.403Z
4242,43,archive,"archive.test:archive: filter selects subset, only matched repos archived (T1)",modify,0,m2-closure-0.1,2026-06-20T11:23:44.399Z
4242,43,archive,"archive.test:archive: filter.buildFilterRow correctly classifies archived repos (T5)",modify,0,m2-closure-0.1,2026-06-20T11:23:44.397Z
4242,43,archive,"archive.test:archive: github repo gets real provider archive call + cache extras updated + audit row (M7)",modify,0,m2-closure-0.1,2026-06-20T11:23:44.403Z
4242,43,archive,"archive.test:archive: missing_filter when filter is empty string (T7)",modify,0,m2-closure-0.1,2026-06-20T11:23:44.399Z
4242,43,archive,"archive.test:archive: no_match returns .no_match without writes (T6)",modify,0,m2-closure-0.1,2026-06-20T11:23:44.406Z
4242,43,archive,"archive.test:archive: per-repo best-effort: all matched repos processed (T2)",modify,0,m2-closure-0.1,2026-06-20T11:23:44.405Z
4242,43,archive,"archive.test:archive: ssh-bare repo skipped_unsupported — not error, batch continues (M7 D16)",modify,0,m2-closure-0.1,2026-06-20T11:23:44.405Z
4242,43,archive,"archive.test:buildArchivedExtras: already archived:true stays archived:true (T9d)",modify,0,m2-closure-0.1,2026-06-20T11:23:44.404Z
4242,43,archive,"archive.test:buildArchivedExtras: empty extras yields archived:true (T9a)",modify,0,m2-closure-0.1,2026-06-20T11:23:44.410Z
4242,43,archive,"archive.test:buildArchivedExtras: existing archived:false becomes archived:true (T9b)",modify,0,m2-closure-0.1,2026-06-20T11:23:44.397Z
4242,43,archive,"archive.test:buildArchivedExtras: existing object without archived key gets it appended (T9c)",modify,0,m2-closure-0.1,2026-06-20T11:23:44.403Z
4242,43,archive,"archive.test:buildArchivedExtras: malformed JSON yields minimal blob (T9e)",modify,0,m2-closure-0.1,2026-06-20T11:23:44.404Z
4242,43,capabilities,"capabilities.test:S-E3 verb-level: capabilities JSON for kernel-only provider",modify,0,m2-closure-0.1,2026-06-20T11:23:44.406Z
4242,43,capabilities,"capabilities.test:availableKindNames: returns fake, github, gitlab, and ssh-bare (M4)",modify,0,m2-closure-0.1,2026-06-20T11:23:44.398Z
4242,43,capabilities,"capabilities.test:buildCapabilitiesOutput: kernel-only matrix produces correct output struct",modify,0,m2-closure-0.1,2026-06-20T11:23:44.398Z
4242,43,capabilities,"capabilities.test:capabilities JSON schema-shape: top-level keys and child key sets",modify,0,m2-closure-0.1,2026-06-20T11:23:44.406Z
4242,43,capabilities,"capabilities.test:capabilities: github archive_repo is supported",modify,0,m2-closure-0.1,2026-06-20T11:23:44.409Z
4242,43,capabilities,"capabilities.test:capabilities: ssh-bare archive_repo is unsupported",modify,0,m2-closure-0.1,2026-06-20T11:23:44.398Z
4242,43,capabilities,"capabilities.test:human format: group headers, sorted capability names, correct levels",modify,0,m2-closure-0.1,2026-06-20T11:23:44.401Z
4242,43,capabilities,"capabilities.test:lookupProviderKind: 'fake' returns non-null",modify,0,m2-closure-0.1,2026-06-20T11:23:44.398Z
4242,43,capabilities,"capabilities.test:lookupProviderKind: 'github' is now available (M2 registry flip)",modify,0,m2-closure-0.1,2026-06-20T11:23:44.397Z
4242,43,capabilities,"capabilities.test:lookupProviderKind: 'gitlab' is now available (M3 registry flip)",modify,0,m2-closure-0.1,2026-06-20T11:23:44.407Z
4242,43,capabilities,"capabilities.test:lookupProviderKind: 'nonexistent' returns null",modify,0,m2-closure-0.1,2026-06-20T11:23:44.403Z
4242,43,capabilities,"capabilities.test:lookupProviderKind: ssh-bare is now available (M4 registry flip)",modify,0,m2-closure-0.1,2026-06-20T11:23:44.399Z
4242,43,capabilities,"capabilities.test:unknown provider kind: JSON error shape",modify,0,m2-closure-0.1,2026-06-20T11:23:44.401Z
4242,43,capabilities,"capabilities.test:unknown provider kind: human mode error goes to stderr",modify,0,m2-closure-0.1,2026-06-20T11:23:44.409Z
4242,43,fake,"fake.test:FakeProvider: CapabilityMatrix.entries covers all keys with valid SupportLevel",modify,0,m2-closure-0.1,2026-06-20T11:23:44.403Z
4242,43,fake,"fake.test:FakeProvider: archive_repo failure injection works",modify,0,m2-closure-0.1,2026-06-20T11:23:44.398Z
4242,43,fake,"fake.test:FakeProvider: archive_repo is recorded and returns irreversible",modify,0,m2-closure-0.1,2026-06-20T11:23:44.396Z
4242,43,fake,"fake.test:FakeProvider: call recording - each kernel op is logged once",modify,0,m2-closure-0.1,2026-06-20T11:23:44.402Z
4242,43,fake,"fake.test:FakeProvider: failure injection returns err outcome and still records call",modify,0,m2-closure-0.1,2026-06-20T11:23:44.401Z
4242,43,fake,"fake.test:FakeProvider: host_mgmt slot is null — v1 forward-compat contract (D12)",modify,0,m2-closure-0.1,2026-06-20T11:23:44.401Z
4242,43,fake,"fake.test:FakeProvider: irreversible ops return .irreversible kind in OpOutcome",modify,0,m2-closure-0.1,2026-06-20T11:23:44.409Z
4242,43,fake,"fake.test:FakeProvider: multiple calls to same op accumulate in log",modify,0,m2-closure-0.1,2026-06-20T11:23:44.404Z
4242,43,fake,"fake.test:FakeProvider: partial SupportLevel is representable in matrix",modify,0,m2-closure-0.1,2026-06-20T11:23:44.394Z
4242,43,fake,"fake.test:FakeProvider: reversible ops return .reversible kind in OpOutcome",modify,0,m2-closure-0.1,2026-06-20T11:23:44.398Z
4242,43,fake,"fake.test:S-E3: kernel-only provider - extensions are unsupported and null (no panic)",modify,0,m2-closure-0.1,2026-06-20T11:23:44.402Z
4242,43,fake,"fake.test:kernel_only_matrix: field_count is 20 (6 kernel + 14 extension per-field keys)",modify,0,m2-closure-0.1,2026-06-20T11:23:44.401Z
4242,43,filter,"filter.test:buildFilterRow: ci_failing false when no ci setting",modify,0,m2-closure-0.1,2026-06-20T11:23:44.395Z
4242,43,filter,"filter.test:buildFilterRow: ci_failing false when payload has failing:false",modify,0,m2-closure-0.1,2026-06-20T11:23:44.401Z
4242,43,filter,"filter.test:buildFilterRow: ci_failing true when payload has failing:true",modify,0,m2-closure-0.1,2026-06-20T11:23:44.404Z
4242,43,filter,"filter.test:buildFilterRow: empty extras yields archived=false topics=[]",modify,0,m2-closure-0.1,2026-06-20T11:23:44.400Z
4242,43,filter,"filter.test:buildFilterRow: extras JSON missing archived defaults to false",modify,0,m2-closure-0.1,2026-06-20T11:23:44.399Z
4242,43,filter,"filter.test:buildFilterRow: extras JSON parsed for archived and topics",modify,0,m2-closure-0.1,2026-06-20T11:23:44.397Z
4242,43,filter,"filter.test:buildFilterRow: full_ext_matrix produces has-collaborators has-branch-protection has-webhooks has-ci",modify,0,m2-closure-0.1,2026-06-20T11:23:44.401Z
4242,43,filter,"filter.test:buildFilterRow: has-webhooks synthetic tag and eval agree",modify,0,m2-closure-0.1,2026-06-20T11:23:44.399Z
4242,43,filter,"filter.test:buildFilterRow: manifest tags included",modify,0,m2-closure-0.1,2026-06-20T11:23:44.407Z
4242,43,filter,"filter.test:buildFilterRow: null observed_at_text yields null observed_at_secs",modify,0,m2-closure-0.1,2026-06-20T11:23:44.399Z
4242,43,filter,"filter.test:buildFilterRow: parseSqliteDateTime known epochs",modify,0,m2-closure-0.1,2026-06-20T11:23:44.402Z
4242,43,filter,"filter.test:buildFilterRow: scalar fields from ObservedRepo",modify,0,m2-closure-0.1,2026-06-20T11:23:44.397Z
4242,43,filter,"filter.test:eval: bare predicates",modify,0,m2-closure-0.1,2026-06-20T11:23:44.403Z
4242,43,filter,"filter.test:eval: boolean combinators",modify,0,m2-closure-0.1,2026-06-20T11:23:44.404Z
4242,43,filter,"filter.test:eval: has-capability via tags",modify,0,m2-closure-0.1,2026-06-20T11:23:44.400Z
4242,43,filter,"filter.test:eval: key:value predicates",modify,0,m2-closure-0.1,2026-06-20T11:23:44.405Z
4242,43,filter,"filter.test:eval: untouched-since",modify,0,m2-closure-0.1,2026-06-20T11:23:44.404Z
4242,43,filter,"filter.test:parse error: empty input",modify,0,m2-closure-0.1,2026-06-20T11:23:44.410Z
4242,43,filter,"filter.test:parse error: invalid duration",modify,0,m2-closure-0.1,2026-06-20T11:23:44.405Z
4242,43,filter,"filter.test:parse error: trailing garbage",modify,0,m2-closure-0.1,2026-06-20T11:23:44.399Z
4242,43,filter,"filter.test:parse error: trailing rparen",modify,0,m2-closure-0.1,2026-06-20T11:23:44.402Z
4242,43,filter,"filter.test:parse error: unexpected rparen",modify,0,m2-closure-0.1,2026-06-20T11:23:44.409Z
4242,43,filter,"filter.test:parse error: unknown key",modify,0,m2-closure-0.1,2026-06-20T11:23:44.396Z
4242,43,filter,"filter.test:parse error: unterminated paren",modify,0,m2-closure-0.1,2026-06-20T11:23:44.406Z
4242,43,filter,"filter.test:parse: AND composition",modify,0,m2-closure-0.1,2026-06-20T11:23:44.401Z
4242,43,filter,"filter.test:parse: NOT",modify,0,m2-closure-0.1,2026-06-20T11:23:44.408Z
4242,43,filter,"filter.test:parse: OR composition",modify,0,m2-closure-0.1,2026-06-20T11:23:44.397Z
4242,43,filter,"filter.test:parse: bare special predicates",modify,0,m2-closure-0.1,2026-06-20T11:23:44.408Z
4242,43,filter,"filter.test:parse: has-<capability> bare predicate",modify,0,m2-closure-0.1,2026-06-20T11:23:44.401Z
4242,43,filter,"filter.test:parse: key:value predicates",modify,0,m2-closure-0.1,2026-06-20T11:23:44.399Z
4242,43,filter,"filter.test:parse: nested NOT",modify,0,m2-closure-0.1,2026-06-20T11:23:44.400Z
4242,43,filter,"filter.test:parse: parens override precedence",modify,0,m2-closure-0.1,2026-06-20T11:23:44.404Z
4242,43,filter,"filter.test:parse: precedence NOT > AND > OR",modify,0,m2-closure-0.1,2026-06-20T11:23:44.409Z
4242,43,filter,"filter.test:parse: untouched-since special predicate",modify,0,m2-closure-0.1,2026-06-20T11:23:44.409Z
4242,43,filter,"filter.test:parse: whitespace trimming",modify,0,m2-closure-0.1,2026-06-20T11:23:44.402Z
4242,43,planner,"planner.test:planner ext: S-G13 branch_protection.required_reviews drift on GitHub",modify,0,m2-closure-0.1,2026-06-20T11:23:44.398Z
4242,43,planner,"planner.test:planner ext: S-G13 mutated drift — observed required_reviews=1, manifest desires 3",modify,0,m2-closure-0.1,2026-06-20T11:23:44.395Z
4242,43,planner,"planner.test:planner ext: branch_protection cold cache → drift on branch_protection.enforce_admins",modify,0,m2-closure-0.1,2026-06-20T11:23:44.403Z
4242,43,planner,"planner.test:planner ext: capability-aware — GitLab branch_protection.required_reviews unsupported → UnsupportedField no_op",modify,0,m2-closure-0.1,2026-06-20T11:23:44.399Z
4242,43,planner,"planner.test:planner ext: ci.enabled drift — observed enabled=false → 1 update with ci.enabled drift_field",modify,0,m2-closure-0.1,2026-06-20T11:23:44.402Z
4242,43,planner,"planner.test:planner ext: ci.enabled no-drift — observed enabled=true → no_op",modify,0,m2-closure-0.1,2026-06-20T11:23:44.408Z
4242,43,planner,"planner.test:planner ext: collaborators drift — no observed data (cold cache) → update",modify,0,m2-closure-0.1,2026-06-20T11:23:44.407Z
4242,43,planner,"planner.test:planner ext: collaborators no-drift — observed data present → no_op",modify,0,m2-closure-0.1,2026-06-20T11:23:44.402Z
4242,43,planner,"planner.test:planner ext: ssh-bare branch_protection → UnsupportedField no_op, no drift",modify,0,m2-closure-0.1,2026-06-20T11:23:44.405Z
4242,43,planner,"planner.test:planner ext: webhook divergence (approach b) — GitLab events:[push] parses correctly, no drift",modify,0,m2-closure-0.1,2026-06-20T11:23:44.394Z
4242,43,planner,"planner.test:planner ext: webhook malformed payload → drift (parser failure mode)",modify,0,m2-closure-0.1,2026-06-20T11:23:44.407Z
4242,43,planner,"planner.test:planner ext: webhooks drift — no observed data → update",modify,0,m2-closure-0.1,2026-06-20T11:23:44.401Z
4242,43,planner,"planner.test:planner: create-only — empty observed, 3-repo manifest → 3 creates",modify,0,m2-closure-0.1,2026-06-20T11:23:44.408Z
4242,43,planner,"planner.test:planner: default_branch drift — manifest 'main', observed 'master' → 1 update",modify,0,m2-closure-0.1,2026-06-20T11:23:44.407Z
4242,43,planner,"planner.test:planner: delete (informational) — empty manifest, 2 observed → 2 deletes",modify,0,m2-closure-0.1,2026-06-20T11:23:44.397Z
4242,43,planner,"planner.test:planner: mixed — 4 manifest + 4 observed → 1c/1u/1d/1n",modify,0,m2-closure-0.1,2026-06-20T11:23:44.401Z
4242,43,planner,"planner.test:planner: no-drift when manifest has no default_branch — observed mismatch ignored",modify,0,m2-closure-0.1,2026-06-20T11:23:44.395Z
4242,43,planner,"planner.test:planner: no-op — manifest matches observed exactly → N no_ops",modify,0,m2-closure-0.1,2026-06-20T11:23:44.399Z
4242,43,planner,"planner.test:planner: op_kind — each action kind carries the correct D3 classification",modify,0,m2-closure-0.1,2026-06-20T11:23:44.401Z
4242,43,planner,"planner.test:planner: private drift — manifest private=true, observed private=false → 1 update",modify,0,m2-closure-0.1,2026-06-20T11:23:44.406Z
4242,43,provider,provider.test:,modify,0,m2-closure-0.1,2026-06-20T11:23:44.402Z
4242,43,provider,"provider.test:CapabilityKey enum has host_mgmt tag",modify,0,m2-closure-0.1,2026-06-20T11:23:44.407Z
4242,43,provider,"provider.test:CapabilityMatrix.entries fills all field_count entries",modify,0,m2-closure-0.1,2026-06-20T11:23:44.398Z
4242,43,provider,"provider.test:CapabilityMatrix.get returns correct level for each key",modify,0,m2-closure-0.1,2026-06-20T11:23:44.409Z
4242,43,provider,"provider.test:CapabilityMatrix.get(.archive_repo) returns the declared level",modify,0,m2-closure-0.1,2026-06-20T11:23:44.397Z
4242,43,provider,"provider.test:GitHubProvider: host_mgmt slot is null — v1 forward-compat contract (D12)",modify,0,m2-closure-0.1,2026-06-20T11:23:44.410Z
4242,43,provider,"provider.test:GitLabProvider: host_mgmt slot is null — v1 forward-compat contract (D12)",modify,0,m2-closure-0.1,2026-06-20T11:23:44.401Z
4242,43,provider,"provider.test:OpKind enum has exactly two tags",modify,0,m2-closure-0.1,2026-06-20T11:23:44.395Z
4242,43,provider,"provider.test:OpKinds comptime declarations are correct",modify,0,m2-closure-0.1,2026-06-20T11:23:44.407Z
4242,43,provider,"provider.test:OpKinds linkage: comptime assertions are satisfied (would be compile error otherwise)",modify,0,m2-closure-0.1,2026-06-20T11:23:44.407Z
4242,43,provider,"provider.test:OpKinds linkage: comptime assertions satisfied for ssh-bare",modify,0,m2-closure-0.1,2026-06-20T11:23:44.408Z
4242,43,provider,"provider.test:OpOutcome err result carries OpError fields",modify,0,m2-closure-0.1,2026-06-20T11:23:44.408Z
4242,43,provider,"provider.test:OpOutcome ok result carries declared op kind",modify,0,m2-closure-0.1,2026-06-20T11:23:44.400Z
4242,43,provider,"provider.test:SshBareProvider: host_mgmt slot is null — v1 forward-compat contract (D12)",modify,0,m2-closure-0.1,2026-06-20T11:23:44.406Z
4242,43,provider,"provider.test:SupportLevel enum has exactly three tags",modify,0,m2-closure-0.1,2026-06-20T11:23:44.404Z
4242,43,provider,"provider.test:archive_repo kernel op: returns .irreversible kind, POST /projects/:id/archive",modify,0,m2-closure-0.1,2026-06-20T11:23:44.395Z
4242,43,provider,"provider.test:archive_repo kernel op: returns .irreversible kind, dispatches through REST client",modify,0,m2-closure-0.1,2026-06-20T11:23:44.407Z
4242,43,provider,"provider.test:archive_repo: returns .irreversible kind and .err{unsupported} (D12/D16 dumb target)",modify,0,m2-closure-0.1,2026-06-20T11:23:44.408Z
4242,43,provider,"provider.test:create_repo kernel op: returns .irreversible kind, dispatches through REST client",modify,0,m2-closure-0.1,2026-06-20T11:23:44.401Z
4242,43,provider,"provider.test:create_repo: returns .irreversible kind and .err{unsupported} (D12 dumb target)",modify,0,m2-closure-0.1,2026-06-20T11:23:44.405Z
4242,43,provider,"provider.test:delete_repo kernel op: returns .irreversible kind, dispatches through REST client",modify,0,m2-closure-0.1,2026-06-20T11:23:44.404Z
4242,43,provider,"provider.test:delete_repo: returns .irreversible kind and .err{unsupported} (D12 dumb target)",modify,0,m2-closure-0.1,2026-06-20T11:23:44.397Z
4242,43,provider,"provider.test:error propagation: stub returns 422 → OpOutcome.result == .err with api_error kind",modify,0,m2-closure-0.1,2026-06-20T11:23:44.400Z
4242,43,provider,"provider.test:github_matrix: all 20 per-field capability keys have expected support levels",modify,0,m2-closure-0.1,2026-06-20T11:23:44.397Z
4242,43,provider,"provider.test:github_matrix: archive_repo is supported",modify,0,m2-closure-0.1,2026-06-20T11:23:44.401Z
4242,43,provider,"provider.test:github_matrix: entries covers all 20 keys",modify,0,m2-closure-0.1,2026-06-20T11:23:44.406Z
4242,43,provider,"provider.test:gitlab_matrix: all 20 per-field capability keys have expected support levels (M6 flip + M7 archive)",modify,0,m2-closure-0.1,2026-06-20T11:23:44.399Z
4242,43,provider,"provider.test:gitlab_matrix: archive_repo is supported",modify,0,m2-closure-0.1,2026-06-20T11:23:44.409Z
4242,43,provider,"provider.test:gitlab_matrix: entries covers all 20 keys",modify,0,m2-closure-0.1,2026-06-20T11:23:44.403Z
4242,43,provider,"provider.test:list_repos kernel op: returns .reversible kind, dispatches through REST client",modify,0,m2-closure-0.1,2026-06-20T11:23:44.402Z
4242,43,provider,"provider.test:list_repos user scope: returns .reversible kind and .err with not-implemented message",modify,0,m2-closure-0.1,2026-06-20T11:23:44.398Z
4242,43,provider,"provider.test:list_repos: returns .reversible kind and .err{unsupported} (D12 dumb target)",modify,0,m2-closure-0.1,2026-06-20T11:23:44.399Z
4242,43,provider,"provider.test:live SSH integration: push_initial_commit + set_default_branch via ssh:// (env-gated)",modify,0,m2-closure-0.1,2026-06-20T11:23:44.404Z
4242,43,provider,"provider.test:opKind(.archive_repo) is irreversible (D3)",modify,0,m2-closure-0.1,2026-06-20T11:23:44.402Z
4242,43,provider,"provider.test:parseSshUrl: empty user → null",modify,0,m2-closure-0.1,2026-06-20T11:23:44.395Z
4242,43,provider,"provider.test:parseSshUrl: https scheme → null",modify,0,m2-closure-0.1,2026-06-20T11:23:44.408Z
4242,43,provider,"provider.test:parseSshUrl: missing @ → null",modify,0,m2-closure-0.1,2026-06-20T11:23:44.399Z
4242,43,provider,"provider.test:parseSshUrl: no scheme → null",modify,0,m2-closure-0.1,2026-06-20T11:23:44.403Z
4242,43,provider,"provider.test:parseSshUrl: port 22 with explicit port in URL",modify,0,m2-closure-0.1,2026-06-20T11:23:44.395Z
4242,43,provider,"provider.test:parseSshUrl: ssh://user@host:2222/path (custom port)",modify,0,m2-closure-0.1,2026-06-20T11:23:44.400Z
4242,43,provider,"provider.test:parseSshUrl: standard ssh://user@host/path",modify,0,m2-closure-0.1,2026-06-20T11:23:44.399Z
4242,43,provider,"provider.test:push_initial_commit vtable: pushes commit to file:// bare repo via Provider vtable",modify,0,m2-closure-0.1,2026-06-20T11:23:44.397Z
4242,43,provider,"provider.test:push_initial_commit vtable: wiring test via file:// (ssh push deferred to m4-sshbare-ci-sshd)",modify,0,m2-closure-0.1,2026-06-20T11:23:44.394Z
4242,43,provider,"provider.test:registry flip: github factory returns capabilities-only Provider (matrix is correct)",modify,0,m2-closure-0.1,2026-06-20T11:23:44.407Z
4242,43,provider,"provider.test:registry flip: gitlab factory returns capabilities-only Provider (matrix is correct)",modify,0,m2-closure-0.1,2026-06-20T11:23:44.406Z
4242,43,provider,"provider.test:registry flip: lookupProviderKind('github') returns non-null with .available status",modify,0,m2-closure-0.1,2026-06-20T11:23:44.398Z
4242,43,provider,"provider.test:registry flip: lookupProviderKind('gitlab') returns non-null with .available status",modify,0,m2-closure-0.1,2026-06-20T11:23:44.403Z
4242,43,provider,"provider.test:registry flip: lookupProviderKind('ssh-bare') returns non-null with .available status",modify,0,m2-closure-0.1,2026-06-20T11:23:44.399Z
4242,43,provider,"provider.test:registry flip: ssh-bare factory returns capabilities-only Provider with correct matrix",modify,0,m2-closure-0.1,2026-06-20T11:23:44.405Z
4242,43,provider,"provider.test:set_default_branch kernel op: returns .reversible kind, dispatches through REST client",modify,0,m2-closure-0.1,2026-06-20T11:23:44.399Z
4242,43,provider,"provider.test:set_default_branch: invalid URL returns .err with helpful message",modify,0,m2-closure-0.1,2026-06-20T11:23:44.398Z
4242,43,provider,"provider.test:set_default_branch: missing URL returns .err with helpful message",modify,0,m2-closure-0.1,2026-06-20T11:23:44.408Z
4242,43,provider,"provider.test:shellQuoteSingle: empty string → empty single-quoted ''",modify,0,m2-closure-0.1,2026-06-20T11:23:44.405Z
4242,43,provider,"provider.test:shellQuoteSingle: path with spaces and special chars",modify,0,m2-closure-0.1,2026-06-20T11:23:44.400Z
4242,43,provider,"provider.test:shellQuoteSingle: simple string → single-quoted",modify,0,m2-closure-0.1,2026-06-20T11:23:44.407Z
4242,43,provider,"provider.test:shellQuoteSingle: string with newline → null (unsafe)",modify,0,m2-closure-0.1,2026-06-20T11:23:44.410Z
4242,43,provider,"provider.test:shellQuoteSingle: string with null byte → null (unsafe)",modify,0,m2-closure-0.1,2026-06-20T11:23:44.400Z
4242,43,provider,"provider.test:shellQuoteSingle: string with single quote → escaped",modify,0,m2-closure-0.1,2026-06-20T11:23:44.408Z
4242,43,provider,"provider.test:ssh_bare_matrix: 2 kernel supported, 4 kernel unsupported, all ext unsupported",modify,0,m2-closure-0.1,2026-06-20T11:23:44.399Z
4242,43,provider,"provider.test:ssh_bare_matrix: archive_repo is unsupported (D16 dumb target)",modify,0,m2-closure-0.1,2026-06-20T11:23:44.403Z
4242,43,provider,"provider.test:ssh_bare_matrix: entries covers all 20 keys",modify,0,m2-closure-0.1,2026-06-20T11:23:44.408Z
4242,43,provider,"provider.test:token resolution at init: env var set → credentials resolved",modify,0,m2-closure-0.1,2026-06-20T11:23:44.408Z
4242,43,provider,"provider.test:token resolution at init: env var unset → CredentialError.NotFound",modify,0,m2-closure-0.1,2026-06-20T11:23:44.404Z
4242,43,rotate_webhooks,"rotate_webhooks.test:S-G5: rotate-webhooks dry-run plan equals real-run execution set",modify,0,m2-closure-0.1,2026-06-20T11:23:44.408Z
4242,43,rotate_webhooks,"rotate_webhooks.test:production path: runRotateWebhooksWithCache uses real GitHubProvider via stub server",modify,0,m2-closure-0.1,2026-06-20T11:23:44.397Z
4242,43,rotate_webhooks,"rotate_webhooks.test:rotate-webhooks: audit_log row written after successful rotate (reversible)",modify,0,m2-closure-0.1,2026-06-20T11:23:44.403Z
4242,43,rotate_webhooks,"rotate_webhooks.test:rotate-webhooks: dry-run does not call update and writes no audit rows",modify,0,m2-closure-0.1,2026-06-20T11:23:44.409Z
4242,43,rotate_webhooks,"rotate_webhooks.test:rotate-webhooks: filter selects matched subset via buildFilterRow + eval",modify,0,m2-closure-0.1,2026-06-20T11:23:44.406Z
4242,43,rotate_webhooks,"rotate_webhooks.test:rotate-webhooks: github — list and update receive bare repo name, no encoding (task 3558)",modify,0,m2-closure-0.1,2026-06-20T11:23:44.396Z
4242,43,rotate_webhooks,"rotate_webhooks.test:rotate-webhooks: gitlab — list and update receive owner%2Fname repo_id (task 3558)",modify,0,m2-closure-0.1,2026-06-20T11:23:44.407Z
4242,43,rotate_webhooks,"rotate_webhooks.test:rotate-webhooks: has-webhooks tag present for github, absent for ssh-bare",modify,0,m2-closure-0.1,2026-06-20T11:23:44.405Z
4242,43,rotate_webhooks,"rotate_webhooks.test:rotate-webhooks: invalid filter returns invalid_filter",modify,0,m2-closure-0.1,2026-06-20T11:23:44.408Z
4242,43,rotate_webhooks,"rotate_webhooks.test:rotate-webhooks: missing --to returns missing_to_url",modify,0,m2-closure-0.1,2026-06-20T11:23:44.397Z
4242,43,rotate_webhooks,"rotate_webhooks.test:rotate-webhooks: no_match returned when no repos match filter",modify,0,m2-closure-0.1,2026-06-20T11:23:44.410Z
4242,43,rotate_webhooks,"rotate_webhooks.test:rotate-webhooks: parseWebhookIdsFromPayload extracts string ids (github)",modify,0,m2-closure-0.1,2026-06-20T11:23:44.397Z
4242,43,rotate_webhooks,"rotate_webhooks.test:rotate-webhooks: parseWebhookIdsFromPayload handles integer ids (gitlab)",modify,0,m2-closure-0.1,2026-06-20T11:23:44.400Z
4242,43,rotate_webhooks,"rotate_webhooks.test:rotate-webhooks: parseWebhookIdsFromPayload returns empty on empty payload",modify,0,m2-closure-0.1,2026-06-20T11:23:44.395Z
4242,43,rotate_webhooks,"rotate_webhooks.test:rotate-webhooks: rotateWithProvider calls update with --to url",modify,0,m2-closure-0.1,2026-06-20T11:23:44.395Z
4242,43,rotate_webhooks,"rotate_webhooks.test:rotate-webhooks: rotateWithProvider updates all webhooks in a repo",modify,0,m2-closure-0.1,2026-06-20T11:23:44.402Z
4242,43,rotate_webhooks,"rotate_webhooks.test:rotate-webhooks: unsupported provider emits UnsupportedField and does not abort batch",modify,0,m2-closure-0.1,2026-06-20T11:23:44.402Z
4242,43,src/apply.zig,apply.Allocator,modify,9,m2-closure-0.1,2026-06-20T11:23:44.399Z
4242,43,src/apply.zig,apply.Allocator,reference,9,m2-closure-0.1,2026-06-20T11:23:44.401Z
4242,43,src/apply.zig,apply.Allocator,transitive,9,m2-closure-0.1,2026-06-20T11:23:44.403Z
4242,43,src/apply.zig,apply.ApplyArgs,modify,40,m2-closure-0.1,2026-06-20T11:23:44.405Z
4242,43,src/apply.zig,apply.ApplyArgs,reference,40,m2-closure-0.1,2026-06-20T11:23:44.402Z
4242,43,src/apply.zig,apply.ApplyOutput,modify,26,m2-closure-0.1,2026-06-20T11:23:44.396Z
4242,43,src/apply.zig,apply.ApplyOutput,reference,26,m2-closure-0.1,2026-06-20T11:23:44.405Z
4242,43,src/apply.zig,apply.ApplyOutputWithResume,modify,29,m2-closure-0.1,2026-06-20T11:23:44.396Z
4242,43,src/apply.zig,apply.ApplyOutputWithResume,reference,29,m2-closure-0.1,2026-06-20T11:23:44.401Z
4242,43,src/apply.zig,apply.ApplyResult,modify,16,m2-closure-0.1,2026-06-20T11:23:44.398Z
4242,43,src/apply.zig,apply.ApplyResult,reference,16,m2-closure-0.1,2026-06-20T11:23:44.406Z
4242,43,src/apply.zig,apply.ApplyResult.nothing_to_do,reference,16,m2-closure-0.1,2026-06-20T11:23:44.398Z
4242,43,src/apply.zig,apply.ApplyResult.ok,reference,16,m2-closure-0.1,2026-06-20T11:23:44.395Z
4242,43,src/apply.zig,apply.ApplyResult.some_failed,reference,16,m2-closure-0.1,2026-06-20T11:23:44.400Z
4242,43,src/apply.zig,apply.ApplySummary,modify,24,m2-closure-0.1,2026-06-20T11:23:44.404Z
4242,43,src/apply.zig,apply.ApplySummary,reference,24,m2-closure-0.1,2026-06-20T11:23:44.403Z
4242,43,src/apply.zig,apply.AuditDetails,modify,28,m2-closure-0.1,2026-06-20T11:23:44.401Z
4242,43,src/apply.zig,apply.AuditDetails,reference,28,m2-closure-0.1,2026-06-20T11:23:44.404Z
4242,43,src/apply.zig,apply.CollaboratorPayload,modify,20,m2-closure-0.1,2026-06-20T11:23:44.396Z
4242,43,src/apply.zig,apply.CollaboratorPayload,reference,20,m2-closure-0.1,2026-06-20T11:23:44.399Z
4242,43,src/apply.zig,apply.ExtensionSkipDetails,modify,28,m2-closure-0.1,2026-06-20T11:23:44.403Z
4242,43,src/apply.zig,apply.ExtensionSkipDetails,reference,28,m2-closure-0.1,2026-06-20T11:23:44.409Z
4242,43,src/apply.zig,apply.Io,modify,7,m2-closure-0.1,2026-06-20T11:23:44.403Z
4242,43,src/apply.zig,apply.Io,reference,7,m2-closure-0.1,2026-06-20T11:23:44.408Z
4242,43,src/apply.zig,apply.MultiSeqStubCtx,modify,57,m2-closure-0.1,2026-06-20T11:23:44.396Z
4242,43,src/apply.zig,apply.MultiSeqStubCtx,reference,57,m2-closure-0.1,2026-06-20T11:23:44.395Z
4242,43,src/apply.zig,apply.PlanEntry,modify,29,m2-closure-0.1,2026-06-20T11:23:44.395Z
4242,43,src/apply.zig,apply.PlanEntry,reference,29,m2-closure-0.1,2026-06-20T11:23:44.397Z
4242,43,src/apply.zig,apply.RepoOutcome,modify,33,m2-closure-0.1,2026-06-20T11:23:44.408Z
4242,43,src/apply.zig,apply.RepoOutcome,reference,33,m2-closure-0.1,2026-06-20T11:23:44.405Z
4242,43,src/apply.zig,apply.RepoStatus,modify,13,m2-closure-0.1,2026-06-20T11:23:44.397Z
4242,43,src/apply.zig,apply.RepoStatus,reference,13,m2-closure-0.1,2026-06-20T11:23:44.408Z
4242,43,src/apply.zig,apply.ResumeClass,modify,13,m2-closure-0.1,2026-06-20T11:23:44.395Z
4242,43,src/apply.zig,apply.ResumeClass,reference,13,m2-closure-0.1,2026-06-20T11:23:44.397Z
4242,43,src/apply.zig,apply.ResumeClass.done,reference,13,m2-closure-0.1,2026-06-20T11:23:44.404Z
4242,43,src/apply.zig,apply.ResumeClass.fresh,reference,13,m2-closure-0.1,2026-06-20T11:23:44.407Z
4242,43,src/apply.zig,apply.ResumeClass.retried,reference,13,m2-closure-0.1,2026-06-20T11:23:44.406Z
4242,43,src/apply.zig,apply.ResumeSummary,modify,20,m2-closure-0.1,2026-06-20T11:23:44.402Z
4242,43,src/apply.zig,apply.ResumeSummary,reference,20,m2-closure-0.1,2026-06-20T11:23:44.401Z
4242,43,src/apply.zig,apply.StubCtx,modify,62,m2-closure-0.1,2026-06-20T11:23:44.409Z
4242,43,src/apply.zig,apply.StubCtx,reference,62,m2-closure-0.1,2026-06-20T11:23:44.405Z
4242,43,src/apply.zig,apply.buildScaffoldExtensionAction,modify,538,m2-closure-0.1,2026-06-20T11:23:44.407Z
4242,43,src/apply.zig,apply.buildScaffoldExtensionAction,reference,538,m2-closure-0.1,2026-06-20T11:23:44.405Z
4242,43,src/apply.zig,apply.c,modify,10,m2-closure-0.1,2026-06-20T11:23:44.400Z
4242,43,src/apply.zig,apply.c,reference,10,m2-closure-0.1,2026-06-20T11:23:44.398Z
4242,43,src/apply.zig,apply.cache_mod,modify,8,m2-closure-0.1,2026-06-20T11:23:44.403Z
4242,43,src/apply.zig,apply.cache_mod,reference,8,m2-closure-0.1,2026-06-20T11:23:44.395Z
4242,43,src/apply.zig,apply.cache_mod,transitive,8,m2-closure-0.1,2026-06-20T11:23:44.402Z
4242,43,src/apply.zig,apply.classifyForResume,modify,63,m2-closure-0.1,2026-06-20T11:23:44.406Z
4242,43,src/apply.zig,apply.classifyForResume,reference,63,m2-closure-0.1,2026-06-20T11:23:44.407Z
4242,43,src/apply.zig,apply.countAuditRows,modify,105,m2-closure-0.1,2026-06-20T11:23:44.400Z
4242,43,src/apply.zig,apply.countAuditRows,reference,105,m2-closure-0.1,2026-06-20T11:23:44.405Z
4242,43,src/apply.zig,apply.countAuditRowsByDetails,modify,256,m2-closure-0.1,2026-06-20T11:23:44.395Z
4242,43,src/apply.zig,apply.countAuditRowsByDetails,reference,256,m2-closure-0.1,2026-06-20T11:23:44.403Z
4242,43,src/apply.zig,apply.countAuditRowsByProvider,modify,291,m2-closure-0.1,2026-06-20T11:23:44.396Z
4242,43,src/apply.zig,apply.countAuditRowsByProvider,reference,291,m2-closure-0.1,2026-06-20T11:23:44.395Z
4242,43,src/apply.zig,apply.countAuditRowsWhere,modify,208,m2-closure-0.1,2026-06-20T11:23:44.402Z
4242,43,src/apply.zig,apply.countAuditRowsWhere,reference,208,m2-closure-0.1,2026-06-20T11:23:44.398Z
4242,43,src/apply.zig,apply.credentials_mod,modify,8,m2-closure-0.1,2026-06-20T11:23:44.405Z
4242,43,src/apply.zig,apply.credentials_mod,reference,8,m2-closure-0.1,2026-06-20T11:23:44.402Z
4242,43,src/apply.zig,apply.dispatchDriftExtensionsForRepo,modify,1093,m2-closure-0.1,2026-06-20T11:23:44.406Z
4242,43,src/apply.zig,apply.dispatchDriftExtensionsForRepo,reference,1093,m2-closure-0.1,2026-06-20T11:23:44.404Z
4242,43,src/apply.zig,apply.dispatchDriftKernelForRepo,modify,1305,m2-closure-0.1,2026-06-20T11:23:44.409Z
4242,43,src/apply.zig,apply.dispatchDriftKernelForRepo,reference,1305,m2-closure-0.1,2026-06-20T11:23:44.405Z
4242,43,src/apply.zig,apply.dispatchExtensionOps,modify,1407,m2-closure-0.1,2026-06-20T11:23:44.399Z
4242,43,src/apply.zig,apply.dispatchExtensionOps,reference,1407,m2-closure-0.1,2026-06-20T11:23:44.396Z
4242,43,src/apply.zig,apply.emitExtensionWarnings,modify,288,m2-closure-0.1,2026-06-20T11:23:44.407Z
4242,43,src/apply.zig,apply.emitExtensionWarnings,reference,288,m2-closure-0.1,2026-06-20T11:23:44.403Z
4242,43,src/apply.zig,apply.emitExtensionWarnings,transitive,288,m2-closure-0.1,2026-06-20T11:23:44.404Z
4242,43,src/apply.zig,apply.executeDryRun,modify,251,m2-closure-0.1,2026-06-20T11:23:44.406Z
4242,43,src/apply.zig,apply.executeDryRun,reference,251,m2-closure-0.1,2026-06-20T11:23:44.408Z
4242,43,src/apply.zig,apply.executeLive,modify,1531,m2-closure-0.1,2026-06-20T11:23:44.402Z
4242,43,src/apply.zig,apply.executeLive,reference,1531,m2-closure-0.1,2026-06-20T11:23:44.394Z
4242,43,src/apply.zig,apply.findAnyScaffoldAttempt,modify,270,m2-closure-0.1,2026-06-20T11:23:44.404Z
4242,43,src/apply.zig,apply.findAnyScaffoldAttempt,reference,270,m2-closure-0.1,2026-06-20T11:23:44.406Z
4242,43,src/apply.zig,apply.findCompletedScaffold,modify,271,m2-closure-0.1,2026-06-20T11:23:44.400Z
4242,43,src/apply.zig,apply.findCompletedScaffold,reference,271,m2-closure-0.1,2026-06-20T11:23:44.395Z
4242,43,src/apply.zig,apply.github_provider_mod,modify,8,m2-closure-0.1,2026-06-20T11:23:44.406Z
4242,43,src/apply.zig,apply.github_provider_mod,reference,8,m2-closure-0.1,2026-06-20T11:23:44.406Z
4242,43,src/apply.zig,apply.gitlab_mod,modify,8,m2-closure-0.1,2026-06-20T11:23:44.407Z
4242,43,src/apply.zig,apply.gitlab_mod,reference,8,m2-closure-0.1,2026-06-20T11:23:44.398Z
4242,43,src/apply.zig,apply.gitlab_mod,transitive,8,m2-closure-0.1,2026-06-20T11:23:44.407Z
4242,43,src/apply.zig,apply.gitlab_provider_mod,modify,8,m2-closure-0.1,2026-06-20T11:23:44.396Z
4242,43,src/apply.zig,apply.gitlab_provider_mod,reference,8,m2-closure-0.1,2026-06-20T11:23:44.409Z
4242,43,src/apply.zig,apply.log,modify,8,m2-closure-0.1,2026-06-20T11:23:44.400Z
4242,43,src/apply.zig,apply.log,reference,8,m2-closure-0.1,2026-06-20T11:23:44.395Z
4242,43,src/apply.zig,apply.makeBareRepo,modify,256,m2-closure-0.1,2026-06-20T11:23:44.403Z
4242,43,src/apply.zig,apply.makeTempDir,modify,170,m2-closure-0.1,2026-06-20T11:23:44.403Z
4242,43,src/apply.zig,apply.makeTempDir,reference,170,m2-closure-0.1,2026-06-20T11:23:44.403Z
4242,43,src/apply.zig,apply.makeTestManifestSource,modify,148,m2-closure-0.1,2026-06-20T11:23:44.401Z
4242,43,src/apply.zig,apply.makeTestManifestSource,reference,148,m2-closure-0.1,2026-06-20T11:23:44.409Z
4242,43,src/apply.zig,apply.makeTestManifestSourceWithDefaultBranch,modify,124,m2-closure-0.1,2026-06-20T11:23:44.406Z
4242,43,src/apply.zig,apply.makeTestManifestSourceWithDefaultBranch,reference,124,m2-closure-0.1,2026-06-20T11:23:44.396Z
4242,43,src/apply.zig,apply.makeTestManifestSourceWithExtension,modify,115,m2-closure-0.1,2026-06-20T11:23:44.399Z
4242,43,src/apply.zig,apply.makeTestManifestSourceWithExtension,reference,115,m2-closure-0.1,2026-06-20T11:23:44.404Z
4242,43,src/apply.zig,apply.manifest_mod,modify,8,m2-closure-0.1,2026-06-20T11:23:44.400Z
4242,43,src/apply.zig,apply.manifest_mod,reference,8,m2-closure-0.1,2026-06-20T11:23:44.405Z
4242,43,src/apply.zig,apply.mkdir,modify,21,m2-closure-0.1,2026-06-20T11:23:44.407Z
4242,43,src/apply.zig,apply.mkdir,reference,21,m2-closure-0.1,2026-06-20T11:23:44.403Z
4242,43,src/apply.zig,apply.multiSeqServer,modify,475,m2-closure-0.1,2026-06-20T11:23:44.397Z
4242,43,src/apply.zig,apply.multiSeqServer,reference,475,m2-closure-0.1,2026-06-20T11:23:44.409Z
4242,43,src/apply.zig,apply.multiShotServer,modify,485,m2-closure-0.1,2026-06-20T11:23:44.402Z
4242,43,src/apply.zig,apply.multiShotServer,reference,485,m2-closure-0.1,2026-06-20T11:23:44.397Z
4242,43,src/apply.zig,apply.output_mod,modify,8,m2-closure-0.1,2026-06-20T11:23:44.407Z
4242,43,src/apply.zig,apply.output_mod,reference,8,m2-closure-0.1,2026-06-20T11:23:44.400Z
4242,43,src/apply.zig,apply.parseBranchProtectionPayload,modify,126,m2-closure-0.1,2026-06-20T11:23:44.407Z
4242,43,src/apply.zig,apply.parseBranchProtectionPayload,reference,126,m2-closure-0.1,2026-06-20T11:23:44.405Z
4242,43,src/apply.zig,apply.parseBranchProtectionPayload,transitive,126,m2-closure-0.1,2026-06-20T11:23:44.397Z
4242,43,src/apply.zig,apply.parseCollaboratorPayload,modify,226,m2-closure-0.1,2026-06-20T11:23:44.403Z
4242,43,src/apply.zig,apply.parseCollaboratorPayload,reference,226,m2-closure-0.1,2026-06-20T11:23:44.397Z
4242,43,src/apply.zig,apply.parseCollaboratorPayload,transitive,226,m2-closure-0.1,2026-06-20T11:23:44.406Z
4242,43,src/apply.zig,apply.planner_mod,modify,8,m2-closure-0.1,2026-06-20T11:23:44.401Z
4242,43,src/apply.zig,apply.planner_mod,reference,8,m2-closure-0.1,2026-06-20T11:23:44.406Z
4242,43,src/apply.zig,apply.planner_mod,transitive,8,m2-closure-0.1,2026-06-20T11:23:44.400Z
4242,43,src/apply.zig,apply.printApplyJson,modify,72,m2-closure-0.1,2026-06-20T11:23:44.400Z
4242,43,src/apply.zig,apply.printApplyJson,reference,72,m2-closure-0.1,2026-06-20T11:23:44.398Z
4242,43,src/apply.zig,apply.printApplyJsonWithResume,modify,82,m2-closure-0.1,2026-06-20T11:23:44.406Z
4242,43,src/apply.zig,apply.printApplyJsonWithResume,reference,82,m2-closure-0.1,2026-06-20T11:23:44.399Z
4242,43,src/apply.zig,apply.provider_mod,modify,8,m2-closure-0.1,2026-06-20T11:23:44.398Z
4242,43,src/apply.zig,apply.provider_mod,reference,8,m2-closure-0.1,2026-06-20T11:23:44.409Z
4242,43,src/apply.zig,apply.provider_mod,transitive,8,m2-closure-0.1,2026-06-20T11:23:44.401Z
4242,43,src/apply.zig,apply.readOpKind,modify,261,m2-closure-0.1,2026-06-20T11:23:44.405Z
4242,43,src/apply.zig,apply.readOpKind,reference,261,m2-closure-0.1,2026-06-20T11:23:44.407Z
4242,43,src/apply.zig,apply.runApply,modify,226,m2-closure-0.1,2026-06-20T11:23:44.404Z
4242,43,src/apply.zig,apply.runApplyWithCache,modify,497,m2-closure-0.1,2026-06-20T11:23:44.404Z
4242,43,src/apply.zig,apply.runApplyWithCache,reference,497,m2-closure-0.1,2026-06-20T11:23:44.396Z
4242,43,src/apply.zig,apply.scaffoldOneRepo,modify,2441,m2-closure-0.1,2026-06-20T11:23:44.409Z
4242,43,src/apply.zig,apply.scaffoldOneRepo,reference,2441,m2-closure-0.1,2026-06-20T11:23:44.410Z
4242,43,src/apply.zig,apply.scaffoldSshBareRepo,modify,1400,m2-closure-0.1,2026-06-20T11:23:44.402Z
4242,43,src/apply.zig,apply.scaffoldSshBareRepo,reference,1400,m2-closure-0.1,2026-06-20T11:23:44.398Z
4242,43,src/apply.zig,apply.setenv,modify,31,m2-closure-0.1,2026-06-20T11:23:44.407Z
4242,43,src/apply.zig,apply.setenv,reference,31,m2-closure-0.1,2026-06-20T11:23:44.401Z
4242,43,src/apply.zig,apply.sshbare_provider_mod,modify,8,m2-closure-0.1,2026-06-20T11:23:44.396Z
4242,43,src/apply.zig,apply.sshbare_provider_mod,reference,8,m2-closure-0.1,2026-06-20T11:23:44.399Z
4242,43,src/apply.zig,apply.std,modify,8,m2-closure-0.1,2026-06-20T11:23:44.395Z
4242,43,src/apply.zig,apply.std,reference,8,m2-closure-0.1,2026-06-20T11:23:44.410Z
4242,43,src/apply.zig,apply.std,transitive,8,m2-closure-0.1,2026-06-20T11:23:44.395Z
4242,43,src/apply.zig,apply.stubSleepNs,modify,89,m2-closure-0.1,2026-06-20T11:23:44.407Z
4242,43,src/apply.zig,apply.stubSleepNs,reference,89,m2-closure-0.1,2026-06-20T11:23:44.404Z
4242,43,src/apply.zig,apply.template_mod,modify,8,m2-closure-0.1,2026-06-20T11:23:44.397Z
4242,43,src/apply.zig,apply.template_mod,reference,8,m2-closure-0.1,2026-06-20T11:23:44.399Z
4242,43,src/apply.zig,apply.unsetenv,modify,17,m2-closure-0.1,2026-06-20T11:23:44.407Z
4242,43,src/apply.zig,apply.unsetenv,reference,17,m2-closure-0.1,2026-06-20T11:23:44.401Z
4242,43,src/apply.zig,apply.validate_mod,modify,8,m2-closure-0.1,2026-06-20T11:23:44.396Z
4242,43,src/apply.zig,apply.validate_mod,reference,8,m2-closure-0.1,2026-06-20T11:23:44.398Z
4242,43,src/apply.zig,apply.writeAuditLog,modify,290,m2-closure-0.1,2026-06-20T11:23:44.407Z
4242,43,src/apply.zig,apply.writeAuditLog,reference,290,m2-closure-0.1,2026-06-20T11:23:44.402Z
4242,43,src/apply.zig,apply.writeAuditLogForScaffold,modify,139,m2-closure-0.1,2026-06-20T11:23:44.407Z
4242,43,src/apply.zig,apply.writeAuditLogForScaffold,reference,139,m2-closure-0.1,2026-06-20T11:23:44.405Z
4242,43,src/apply.zig,apply.writeAuditLogForScaffoldApply,modify,111,m2-closure-0.1,2026-06-20T11:23:44.400Z
4242,43,src/apply.zig,apply.writeAuditLogForScaffoldApply,reference,111,m2-closure-0.1,2026-06-20T11:23:44.399Z
4242,43,src/apply.zig,apply.writeExtensionAuditLog,modify,118,m2-closure-0.1,2026-06-20T11:23:44.398Z
4242,43,src/apply.zig,apply.writeExtensionAuditLog,reference,118,m2-closure-0.1,2026-06-20T11:23:44.406Z
4242,43,src/apply.zig,apply.writeExtensionAuditLog,transitive,118,m2-closure-0.1,2026-06-20T11:23:44.409Z
4242,43,src/apply.zig,apply.writeManifestToTmpDir,modify,127,m2-closure-0.1,2026-06-20T11:23:44.403Z
4242,43,src/apply.zig,apply.writeManifestToTmpDir,reference,127,m2-closure-0.1,2026-06-20T11:23:44.401Z
4242,43,src/apply_policy.zig,apply_policy.Allocator,modify,9,m2-closure-0.1,2026-06-20T11:23:44.398Z
4242,43,src/apply_policy.zig,apply_policy.Allocator,reference,9,m2-closure-0.1,2026-06-20T11:23:44.400Z
4242,43,src/apply_policy.zig,apply_policy.ApplyPolicyArgs,modify,50,m2-closure-0.1,2026-06-20T11:23:44.408Z
4242,43,src/apply_policy.zig,apply_policy.ApplyPolicyArgs,reference,50,m2-closure-0.1,2026-06-20T11:23:44.405Z
4242,43,src/apply_policy.zig,apply_policy.ApplyPolicyOutput,modify,41,m2-closure-0.1,2026-06-20T11:23:44.404Z
4242,43,src/apply_policy.zig,apply_policy.ApplyPolicyOutput,reference,41,m2-closure-0.1,2026-06-20T11:23:44.399Z
4242,43,src/apply_policy.zig,apply_policy.ApplyPolicyResult,modify,26,m2-closure-0.1,2026-06-20T11:23:44.402Z
4242,43,src/apply_policy.zig,apply_policy.ApplyPolicyResult,reference,26,m2-closure-0.1,2026-06-20T11:23:44.405Z
4242,43,src/apply_policy.zig,apply_policy.ApplyPolicyResult.nothing_to_do,reference,26,m2-closure-0.1,2026-06-20T11:23:44.408Z
4242,43,src/apply_policy.zig,apply_policy.ApplyPolicyResult.policy_not_found,reference,26,m2-closure-0.1,2026-06-20T11:23:44.405Z
4242,43,src/apply_policy.zig,apply_policy.ApplyPolicySummary,modify,24,m2-closure-0.1,2026-06-20T11:23:44.402Z
4242,43,src/apply_policy.zig,apply_policy.ApplyPolicySummary,reference,24,m2-closure-0.1,2026-06-20T11:23:44.401Z
4242,43,src/apply_policy.zig,apply_policy.Io,modify,7,m2-closure-0.1,2026-06-20T11:23:44.407Z
4242,43,src/apply_policy.zig,apply_policy.Io,reference,7,m2-closure-0.1,2026-06-20T11:23:44.403Z
4242,43,src/apply_policy.zig,apply_policy.PolicyBundle,modify,8,m2-closure-0.1,2026-06-20T11:23:44.400Z
4242,43,src/apply_policy.zig,apply_policy.PolicyRepoOutcome,modify,34,m2-closure-0.1,2026-06-20T11:23:44.406Z
4242,43,src/apply_policy.zig,apply_policy.PolicyRepoOutcome,reference,34,m2-closure-0.1,2026-06-20T11:23:44.409Z
4242,43,src/apply_policy.zig,apply_policy.applyPolicyToRepo,modify,1104,m2-closure-0.1,2026-06-20T11:23:44.398Z
4242,43,src/apply_policy.zig,apply_policy.applyPolicyToRepo,reference,1104,m2-closure-0.1,2026-06-20T11:23:44.399Z
4242,43,src/apply_policy.zig,apply_policy.apply_mod,modify,8,m2-closure-0.1,2026-06-20T11:23:44.398Z
4242,43,src/apply_policy.zig,apply_policy.apply_mod,reference,8,m2-closure-0.1,2026-06-20T11:23:44.408Z
4242,43,src/apply_policy.zig,apply_policy.c,modify,10,m2-closure-0.1,2026-06-20T11:23:44.407Z
4242,43,src/apply_policy.zig,apply_policy.c,reference,10,m2-closure-0.1,2026-06-20T11:23:44.400Z
4242,43,src/apply_policy.zig,apply_policy.cache_mod,modify,8,m2-closure-0.1,2026-06-20T11:23:44.396Z
4242,43,src/apply_policy.zig,apply_policy.cache_mod,reference,8,m2-closure-0.1,2026-06-20T11:23:44.408Z
4242,43,src/apply_policy.zig,apply_policy.capabilityMatrixFor,modify,428,m2-closure-0.1,2026-06-20T11:23:44.402Z
4242,43,src/apply_policy.zig,apply_policy.capabilityMatrixFor,reference,428,m2-closure-0.1,2026-06-20T11:23:44.399Z
4242,43,src/apply_policy.zig,apply_policy.countAuditRows,modify,199,m2-closure-0.1,2026-06-20T11:23:44.397Z
4242,43,src/apply_policy.zig,apply_policy.countAuditRows,reference,199,m2-closure-0.1,2026-06-20T11:23:44.397Z
4242,43,src/apply_policy.zig,apply_policy.deriveOwner,modify,163,m2-closure-0.1,2026-06-20T11:23:44.400Z
4242,43,src/apply_policy.zig,apply_policy.deriveOwner,reference,163,m2-closure-0.1,2026-06-20T11:23:44.401Z
4242,43,src/apply_policy.zig,apply_policy.filter_mod,modify,8,m2-closure-0.1,2026-06-20T11:23:44.408Z
4242,43,src/apply_policy.zig,apply_policy.filter_mod,reference,8,m2-closure-0.1,2026-06-20T11:23:44.395Z
4242,43,src/apply_policy.zig,apply_policy.log,modify,8,m2-closure-0.1,2026-06-20T11:23:44.408Z
4242,43,src/apply_policy.zig,apply_policy.log,reference,8,m2-closure-0.1,2026-06-20T11:23:44.407Z
4242,43,src/apply_policy.zig,apply_policy.makeManifestWithPolicy,modify,214,m2-closure-0.1,2026-06-20T11:23:44.402Z
4242,43,src/apply_policy.zig,apply_policy.makeManifestWithPolicy,reference,214,m2-closure-0.1,2026-06-20T11:23:44.408Z
4242,43,src/apply_policy.zig,apply_policy.manifest_mod,modify,8,m2-closure-0.1,2026-06-20T11:23:44.396Z
4242,43,src/apply_policy.zig,apply_policy.manifest_mod,reference,8,m2-closure-0.1,2026-06-20T11:23:44.399Z
4242,43,src/apply_policy.zig,apply_policy.output_mod,modify,8,m2-closure-0.1,2026-06-20T11:23:44.407Z
4242,43,src/apply_policy.zig,apply_policy.output_mod,reference,8,m2-closure-0.1,2026-06-20T11:23:44.404Z
4242,43,src/apply_policy.zig,apply_policy.planner_mod,modify,8,m2-closure-0.1,2026-06-20T11:23:44.399Z
4242,43,src/apply_policy.zig,apply_policy.planner_mod,reference,8,m2-closure-0.1,2026-06-20T11:23:44.398Z
4242,43,src/apply_policy.zig,apply_policy.provider_mod,modify,8,m2-closure-0.1,2026-06-20T11:23:44.400Z
4242,43,src/apply_policy.zig,apply_policy.provider_mod,reference,8,m2-closure-0.1,2026-06-20T11:23:44.401Z
4242,43,src/apply_policy.zig,apply_policy.runApplyPolicy,modify,226,m2-closure-0.1,2026-06-20T11:23:44.400Z
4242,43,src/apply_policy.zig,apply_policy.runApplyPolicyWithCache,modify,2046,m2-closure-0.1,2026-06-20T11:23:44.397Z
4242,43,src/apply_policy.zig,apply_policy.runApplyPolicyWithCache,reference,2046,m2-closure-0.1,2026-06-20T11:23:44.409Z
4242,43,src/apply_policy.zig,apply_policy.std,modify,8,m2-closure-0.1,2026-06-20T11:23:44.397Z
4242,43,src/apply_policy.zig,apply_policy.std,reference,8,m2-closure-0.1,2026-06-20T11:23:44.410Z
4242,43,src/apply_policy.zig,apply_policy.testing,modify,7,m2-closure-0.1,2026-06-20T11:23:44.405Z
4242,43,src/apply_policy.zig,apply_policy.testing,reference,7,m2-closure-0.1,2026-06-20T11:23:44.398Z
4242,43,src/apply_policy.zig,apply_policy.writeManifestToTmpDirAp,modify,127,m2-closure-0.1,2026-06-20T11:23:44.409Z
4242,43,src/apply_policy.zig,apply_policy.writeManifestToTmpDirAp,reference,127,m2-closure-0.1,2026-06-20T11:23:44.408Z
4242,43,src/archive.zig,archive.Allocator,modify,9,m2-closure-0.1,2026-06-20T11:23:44.408Z
4242,43,src/archive.zig,archive.Allocator,reference,9,m2-closure-0.1,2026-06-20T11:23:44.408Z
4242,43,src/archive.zig,archive.ArchiveArgs,modify,43,m2-closure-0.1,2026-06-20T11:23:44.398Z
4242,43,src/archive.zig,archive.ArchiveArgs,reference,43,m2-closure-0.1,2026-06-20T11:23:44.409Z
4242,43,src/archive.zig,archive.ArchiveOutput,modify,30,m2-closure-0.1,2026-06-20T11:23:44.399Z
4242,43,src/archive.zig,archive.ArchiveOutput,reference,30,m2-closure-0.1,2026-06-20T11:23:44.400Z
4242,43,src/archive.zig,archive.ArchiveResult,modify,26,m2-closure-0.1,2026-06-20T11:23:44.408Z
4242,43,src/archive.zig,archive.ArchiveResult,reference,26,m2-closure-0.1,2026-06-20T11:23:44.399Z
4242,43,src/archive.zig,archive.ArchiveResult.missing_filter,reference,26,m2-closure-0.1,2026-06-20T11:23:44.403Z
4242,43,src/archive.zig,archive.ArchiveResult.no_match,reference,26,m2-closure-0.1,2026-06-20T11:23:44.405Z
4242,43,src/archive.zig,archive.ArchiveResult.ok,reference,26,m2-closure-0.1,2026-06-20T11:23:44.406Z
4242,43,src/archive.zig,archive.ArchiveSummary,modify,20,m2-closure-0.1,2026-06-20T11:23:44.400Z
4242,43,src/archive.zig,archive.ArchiveSummary,reference,20,m2-closure-0.1,2026-06-20T11:23:44.400Z
4242,43,src/archive.zig,archive.CapturingCtx,modify,44,m2-closure-0.1,2026-06-20T11:23:44.401Z
4242,43,src/archive.zig,archive.CapturingCtx,reference,44,m2-closure-0.1,2026-06-20T11:23:44.395Z
4242,43,src/archive.zig,archive.Io,modify,7,m2-closure-0.1,2026-06-20T11:23:44.400Z
4242,43,src/archive.zig,archive.Io,reference,7,m2-closure-0.1,2026-06-20T11:23:44.399Z
4242,43,src/archive.zig,archive.MultiShotCtx,modify,151,m2-closure-0.1,2026-06-20T11:23:44.405Z
4242,43,src/archive.zig,archive.MultiShotCtx,reference,151,m2-closure-0.1,2026-06-20T11:23:44.404Z
4242,43,src/archive.zig,archive.MultiShotCtx.init,reference,151,m2-closure-0.1,2026-06-20T11:23:44.404Z
4242,43,src/archive.zig,archive.RepoArchiveOutcome,modify,33,m2-closure-0.1,2026-06-20T11:23:44.409Z
4242,43,src/archive.zig,archive.RepoArchiveOutcome,reference,33,m2-closure-0.1,2026-06-20T11:23:44.397Z
4242,43,src/archive.zig,archive.RepoArchiveStatus,modify,15,m2-closure-0.1,2026-06-20T11:23:44.403Z
4242,43,src/archive.zig,archive.RepoArchiveStatus,reference,15,m2-closure-0.1,2026-06-20T11:23:44.400Z
4242,43,src/archive.zig,archive.RepoArchiveStatus.archived,reference,15,m2-closure-0.1,2026-06-20T11:23:44.398Z
4242,43,src/archive.zig,archive.STUB_ARCHIVE_RESP_BODY,modify,7,m2-closure-0.1,2026-06-20T11:23:44.406Z
4242,43,src/archive.zig,archive.STUB_ARCHIVE_RESP_BODY,reference,7,m2-closure-0.1,2026-06-20T11:23:44.395Z
4242,43,src/archive.zig,archive.STUB_GL_ARCHIVE_RESP_BODY,modify,7,m2-closure-0.1,2026-06-20T11:23:44.402Z
4242,43,src/archive.zig,archive.STUB_GL_ARCHIVE_RESP_BODY,reference,7,m2-closure-0.1,2026-06-20T11:23:44.404Z
4242,43,src/archive.zig,archive.archiveWithProvider,modify,146,m2-closure-0.1,2026-06-20T11:23:44.408Z
4242,43,src/archive.zig,archive.archiveWithProvider,reference,146,m2-closure-0.1,2026-06-20T11:23:44.401Z
4242,43,src/archive.zig,archive.buildArchivedExtras,modify,291,m2-closure-0.1,2026-06-20T11:23:44.398Z
4242,43,src/archive.zig,archive.buildArchivedExtras,reference,291,m2-closure-0.1,2026-06-20T11:23:44.403Z
4242,43,src/archive.zig,archive.buildProviderAndArchive,modify,737,m2-closure-0.1,2026-06-20T11:23:44.399Z
4242,43,src/archive.zig,archive.buildProviderAndArchive,reference,737,m2-closure-0.1,2026-06-20T11:23:44.402Z
4242,43,src/archive.zig,archive.c,modify,10,m2-closure-0.1,2026-06-20T11:23:44.398Z
4242,43,src/archive.zig,archive.c,reference,10,m2-closure-0.1,2026-06-20T11:23:44.399Z
4242,43,src/archive.zig,archive.cache_mod,modify,8,m2-closure-0.1,2026-06-20T11:23:44.408Z
4242,43,src/archive.zig,archive.cache_mod,reference,8,m2-closure-0.1,2026-06-20T11:23:44.395Z
4242,43,src/archive.zig,archive.capMatrixForKind,modify,64,m2-closure-0.1,2026-06-20T11:23:44.402Z
4242,43,src/archive.zig,archive.capMatrixForKind,reference,64,m2-closure-0.1,2026-06-20T11:23:44.405Z
4242,43,src/archive.zig,archive.capturingSingleShotServer,modify,494,m2-closure-0.1,2026-06-20T11:23:44.409Z
4242,43,src/archive.zig,archive.capturingSingleShotServer,reference,494,m2-closure-0.1,2026-06-20T11:23:44.400Z
4242,43,src/archive.zig,archive.countAllAuditRows,modify,114,m2-closure-0.1,2026-06-20T11:23:44.398Z
4242,43,src/archive.zig,archive.countAllAuditRows,reference,114,m2-closure-0.1,2026-06-20T11:23:44.406Z
4242,43,src/archive.zig,archive.countAuditRows,modify,159,m2-closure-0.1,2026-06-20T11:23:44.402Z
4242,43,src/archive.zig,archive.countAuditRows,reference,159,m2-closure-0.1,2026-06-20T11:23:44.398Z
4242,43,src/archive.zig,archive.credentials_mod,modify,8,m2-closure-0.1,2026-06-20T11:23:44.401Z
4242,43,src/archive.zig,archive.executeDryRun,modify,239,m2-closure-0.1,2026-06-20T11:23:44.408Z
4242,43,src/archive.zig,archive.executeDryRun,reference,239,m2-closure-0.1,2026-06-20T11:23:44.398Z
4242,43,src/archive.zig,archive.executeLive,modify,525,m2-closure-0.1,2026-06-20T11:23:44.397Z
4242,43,src/archive.zig,archive.executeLive,reference,525,m2-closure-0.1,2026-06-20T11:23:44.397Z
4242,43,src/archive.zig,archive.filter_mod,modify,8,m2-closure-0.1,2026-06-20T11:23:44.400Z
4242,43,src/archive.zig,archive.filter_mod,reference,8,m2-closure-0.1,2026-06-20T11:23:44.408Z
4242,43,src/archive.zig,archive.github_provider_mod,modify,8,m2-closure-0.1,2026-06-20T11:23:44.400Z
4242,43,src/archive.zig,archive.github_provider_mod,reference,8,m2-closure-0.1,2026-06-20T11:23:44.403Z
4242,43,src/archive.zig,archive.gitlab_mod,modify,8,m2-closure-0.1,2026-06-20T11:23:44.395Z
4242,43,src/archive.zig,archive.gitlab_mod,reference,8,m2-closure-0.1,2026-06-20T11:23:44.403Z
4242,43,src/archive.zig,archive.gitlab_provider_mod,modify,8,m2-closure-0.1,2026-06-20T11:23:44.399Z
4242,43,src/archive.zig,archive.gitlab_provider_mod,reference,8,m2-closure-0.1,2026-06-20T11:23:44.403Z
4242,43,src/archive.zig,archive.handleArchiveOutcome,modify,186,m2-closure-0.1,2026-06-20T11:23:44.397Z
4242,43,src/archive.zig,archive.handleArchiveOutcome,reference,186,m2-closure-0.1,2026-06-20T11:23:44.409Z
4242,43,src/archive.zig,archive.listObservedReposWithExtras,modify,46,m2-closure-0.1,2026-06-20T11:23:44.400Z
4242,43,src/archive.zig,archive.listObservedReposWithExtras,reference,46,m2-closure-0.1,2026-06-20T11:23:44.397Z
4242,43,src/archive.zig,archive.makeGhArchiveResp,modify,41,m2-closure-0.1,2026-06-20T11:23:44.398Z
4242,43,src/archive.zig,archive.makeGhArchiveResp,reference,41,m2-closure-0.1,2026-06-20T11:23:44.400Z
4242,43,src/archive.zig,archive.makeGlArchiveResp,modify,41,m2-closure-0.1,2026-06-20T11:23:44.408Z
4242,43,src/archive.zig,archive.makeGlArchiveResp,reference,41,m2-closure-0.1,2026-06-20T11:23:44.400Z
4242,43,src/archive.zig,archive.manifest_mod,modify,8,m2-closure-0.1,2026-06-20T11:23:44.396Z
4242,43,src/archive.zig,archive.markArchivedInCache,modify,69,m2-closure-0.1,2026-06-20T11:23:44.405Z
4242,43,src/archive.zig,archive.markArchivedInCache,reference,69,m2-closure-0.1,2026-06-20T11:23:44.398Z
4242,43,src/archive.zig,archive.multiShotServer,modify,493,m2-closure-0.1,2026-06-20T11:23:44.399Z
4242,43,src/archive.zig,archive.multiShotServer,reference,493,m2-closure-0.1,2026-06-20T11:23:44.401Z
4242,43,src/archive.zig,archive.output_mod,modify,8,m2-closure-0.1,2026-06-20T11:23:44.408Z
4242,43,src/archive.zig,archive.output_mod,reference,8,m2-closure-0.1,2026-06-20T11:23:44.401Z
4242,43,src/archive.zig,archive.planner_mod,modify,8,m2-closure-0.1,2026-06-20T11:23:44.408Z
4242,43,src/archive.zig,archive.planner_mod,reference,8,m2-closure-0.1,2026-06-20T11:23:44.404Z
4242,43,src/archive.zig,archive.populateCacheRepos,modify,187,m2-closure-0.1,2026-06-20T11:23:44.401Z
4242,43,src/archive.zig,archive.populateCacheRepos,reference,187,m2-closure-0.1,2026-06-20T11:23:44.408Z
4242,43,src/archive.zig,archive.provider_mod,modify,8,m2-closure-0.1,2026-06-20T11:23:44.394Z
4242,43,src/archive.zig,archive.provider_mod,reference,8,m2-closure-0.1,2026-06-20T11:23:44.395Z
4242,43,src/archive.zig,archive.readExtrasForRepo,modify,319,m2-closure-0.1,2026-06-20T11:23:44.404Z
4242,43,src/archive.zig,archive.readExtrasForRepo,reference,319,m2-closure-0.1,2026-06-20T11:23:44.395Z
4242,43,src/archive.zig,archive.runArchive,modify,262,m2-closure-0.1,2026-06-20T11:23:44.399Z
4242,43,src/archive.zig,archive.runArchiveWithCache,modify,679,m2-closure-0.1,2026-06-20T11:23:44.409Z
4242,43,src/archive.zig,archive.runArchiveWithCache,reference,679,m2-closure-0.1,2026-06-20T11:23:44.400Z
4242,43,src/archive.zig,archive.setenv,modify,31,m2-closure-0.1,2026-06-20T11:23:44.399Z
4242,43,src/archive.zig,archive.setenv,reference,31,m2-closure-0.1,2026-06-20T11:23:44.401Z
4242,43,src/archive.zig,archive.sshbare_provider_mod,modify,8,m2-closure-0.1,2026-06-20T11:23:44.404Z
4242,43,src/archive.zig,archive.sshbare_provider_mod,reference,8,m2-closure-0.1,2026-06-20T11:23:44.404Z
4242,43,src/archive.zig,archive.std,modify,8,m2-closure-0.1,2026-06-20T11:23:44.408Z
4242,43,src/archive.zig,archive.std,reference,8,m2-closure-0.1,2026-06-20T11:23:44.400Z
4242,43,src/archive.zig,archive.testing,modify,7,m2-closure-0.1,2026-06-20T11:23:44.402Z
4242,43,src/archive.zig,archive.testing,reference,7,m2-closure-0.1,2026-06-20T11:23:44.398Z
4242,43,src/archive.zig,archive.unsetenv,modify,17,m2-closure-0.1,2026-06-20T11:23:44.410Z
4242,43,src/archive.zig,archive.unsetenv,reference,17,m2-closure-0.1,2026-06-20T11:23:44.399Z
4242,43,src/archive.zig,archive.writeArchiveAuditLog,modify,43,m2-closure-0.1,2026-06-20T11:23:44.406Z
4242,43,src/archive.zig,archive.writeArchiveAuditLog,reference,43,m2-closure-0.1,2026-06-20T11:23:44.396Z
4242,43,src/archive.zig,archive.writeArchiveAuditLogFull,modify,99,m2-closure-0.1,2026-06-20T11:23:44.404Z
4242,43,src/archive.zig,archive.writeArchiveAuditLogFull,reference,99,m2-closure-0.1,2026-06-20T11:23:44.400Z
4242,43,src/archive.zig,archive.writeArchiveSkipAuditLog,modify,36,m2-closure-0.1,2026-06-20T11:23:44.401Z
4242,43,src/archive.zig,archive.writeArchiveSkipAuditLog,reference,36,m2-closure-0.1,2026-06-20T11:23:44.395Z
4242,43,src/cache.zig,cache.Cache,reference,4255,m2-closure-0.1,2026-06-20T11:23:44.407Z
4242,43,src/cache.zig,cache.Cache.applyMigration,transitive,4255,m2-closure-0.1,2026-06-20T11:23:44.396Z
4242,43,src/cache.zig,cache.Cache.db,transitive,4255,m2-closure-0.1,2026-06-20T11:23:44.403Z
4242,43,src/cache.zig,cache.Cache.runMigrations,transitive,4255,m2-closure-0.1,2026-06-20T11:23:44.397Z
4242,43,src/cache.zig,cache.Cache.schemaVersion,transitive,4255,m2-closure-0.1,2026-06-20T11:23:44.401Z
4242,43,src/cache.zig,cache.CacheError,reference,26,m2-closure-0.1,2026-06-20T11:23:44.400Z
4242,43,src/cache.zig,cache.CacheError,transitive,26,m2-closure-0.1,2026-06-20T11:23:44.395Z
4242,43,src/cache.zig,cache.Migration,transitive,18,m2-closure-0.1,2026-06-20T11:23:44.396Z
4242,43,src/cache.zig,cache.c,transitive,10,m2-closure-0.1,2026-06-20T11:23:44.404Z
4242,43,src/cache.zig,cache.migrations,transitive,101,m2-closure-0.1,2026-06-20T11:23:44.399Z
4242,43,src/cache.zig,cache.std,transitive,8,m2-closure-0.1,2026-06-20T11:23:44.403Z
4242,43,src/cache.zig,cache.translateRc,transitive,80,m2-closure-0.1,2026-06-20T11:23:44.404Z
4242,43,src/capabilities.zig,capabilities.BranchProtectionCapabilities,modify,36,m2-closure-0.1,2026-06-20T11:23:44.407Z
4242,43,src/capabilities.zig,capabilities.BranchProtectionCapabilities,reference,36,m2-closure-0.1,2026-06-20T11:23:44.405Z
4242,43,src/capabilities.zig,capabilities.CICapabilities,modify,22,m2-closure-0.1,2026-06-20T11:23:44.396Z
4242,43,src/capabilities.zig,capabilities.CICapabilities,reference,22,m2-closure-0.1,2026-06-20T11:23:44.409Z
4242,43,src/capabilities.zig,capabilities.CapabilitiesErrorOutput,modify,32,m2-closure-0.1,2026-06-20T11:23:44.400Z
4242,43,src/capabilities.zig,capabilities.CapabilitiesErrorOutput,reference,32,m2-closure-0.1,2026-06-20T11:23:44.407Z
4242,43,src/capabilities.zig,capabilities.CapabilitiesOutput,modify,23,m2-closure-0.1,2026-06-20T11:23:44.403Z
4242,43,src/capabilities.zig,capabilities.CapabilitiesOutput,reference,23,m2-closure-0.1,2026-06-20T11:23:44.400Z
4242,43,src/capabilities.zig,capabilities.CapabilitiesResult,modify,15,m2-closure-0.1,2026-06-20T11:23:44.402Z
4242,43,src/capabilities.zig,capabilities.CapabilitiesResult,reference,15,m2-closure-0.1,2026-06-20T11:23:44.403Z
4242,43,src/capabilities.zig,capabilities.CapabilitiesResult.ok,reference,15,m2-closure-0.1,2026-06-20T11:23:44.409Z
4242,43,src/capabilities.zig,capabilities.CapabilitiesResult.unknown_kind,reference,15,m2-closure-0.1,2026-06-20T11:23:44.405Z
4242,43,src/capabilities.zig,capabilities.CapabilityMatrix,modify,7,m2-closure-0.1,2026-06-20T11:23:44.405Z
4242,43,src/capabilities.zig,capabilities.CapabilityMatrix,reference,7,m2-closure-0.1,2026-06-20T11:23:44.398Z
4242,43,src/capabilities.zig,capabilities.CollaboratorCapabilities,modify,29,m2-closure-0.1,2026-06-20T11:23:44.398Z
4242,43,src/capabilities.zig,capabilities.CollaboratorCapabilities,reference,29,m2-closure-0.1,2026-06-20T11:23:44.407Z
4242,43,src/capabilities.zig,capabilities.ExtensionCapabilities,modify,33,m2-closure-0.1,2026-06-20T11:23:44.396Z
4242,43,src/capabilities.zig,capabilities.ExtensionCapabilities,reference,33,m2-closure-0.1,2026-06-20T11:23:44.404Z
4242,43,src/capabilities.zig,capabilities.Io,modify,7,m2-closure-0.1,2026-06-20T11:23:44.409Z
4242,43,src/capabilities.zig,capabilities.Io,reference,7,m2-closure-0.1,2026-06-20T11:23:44.401Z
4242,43,src/capabilities.zig,capabilities.KernelCapabilities,modify,50,m2-closure-0.1,2026-06-20T11:23:44.403Z
4242,43,src/capabilities.zig,capabilities.KernelCapabilities,reference,50,m2-closure-0.1,2026-06-20T11:23:44.410Z
4242,43,src/capabilities.zig,capabilities.NAME_COL_WIDTH,modify,5,m2-closure-0.1,2026-06-20T11:23:44.409Z
4242,43,src/capabilities.zig,capabilities.NAME_COL_WIDTH,reference,5,m2-closure-0.1,2026-06-20T11:23:44.399Z
4242,43,src/capabilities.zig,capabilities.PROVIDER_KINDS,modify,93,m2-closure-0.1,2026-06-20T11:23:44.407Z
4242,43,src/capabilities.zig,capabilities.PROVIDER_KINDS,reference,93,m2-closure-0.1,2026-06-20T11:23:44.399Z
4242,43,src/capabilities.zig,capabilities.Provider,modify,7,m2-closure-0.1,2026-06-20T11:23:44.399Z
4242,43,src/capabilities.zig,capabilities.Provider,reference,7,m2-closure-0.1,2026-06-20T11:23:44.399Z
4242,43,src/capabilities.zig,capabilities.ProviderKindEntry,modify,41,m2-closure-0.1,2026-06-20T11:23:44.404Z
4242,43,src/capabilities.zig,capabilities.ProviderKindEntry,reference,41,m2-closure-0.1,2026-06-20T11:23:44.400Z
4242,43,src/capabilities.zig,capabilities.RegistryStatus,modify,12,m2-closure-0.1,2026-06-20T11:23:44.407Z
4242,43,src/capabilities.zig,capabilities.RegistryStatus,reference,12,m2-closure-0.1,2026-06-20T11:23:44.406Z
4242,43,src/capabilities.zig,capabilities.RegistryStatus.available,reference,12,m2-closure-0.1,2026-06-20T11:23:44.398Z
4242,43,src/capabilities.zig,capabilities.SupportLevel,modify,7,m2-closure-0.1,2026-06-20T11:23:44.398Z
4242,43,src/capabilities.zig,capabilities.WebhookCapabilities,modify,36,m2-closure-0.1,2026-06-20T11:23:44.399Z
4242,43,src/capabilities.zig,capabilities.WebhookCapabilities,reference,36,m2-closure-0.1,2026-06-20T11:23:44.396Z
4242,43,src/capabilities.zig,capabilities.availableKindNames,modify,82,m2-closure-0.1,2026-06-20T11:23:44.409Z
4242,43,src/capabilities.zig,capabilities.availableKindNames,reference,82,m2-closure-0.1,2026-06-20T11:23:44.405Z
4242,43,src/capabilities.zig,capabilities.buildCapabilitiesOutput,modify,270,m2-closure-0.1,2026-06-20T11:23:44.397Z
4242,43,src/capabilities.zig,capabilities.buildCapabilitiesOutput,reference,270,m2-closure-0.1,2026-06-20T11:23:44.394Z
4242,43,src/capabilities.zig,capabilities.extLevelByName,modify,328,m2-closure-0.1,2026-06-20T11:23:44.408Z
4242,43,src/capabilities.zig,capabilities.fakeProviderFactory,modify,56,m2-closure-0.1,2026-06-20T11:23:44.398Z
4242,43,src/capabilities.zig,capabilities.fakeProviderFactory,reference,56,m2-closure-0.1,2026-06-20T11:23:44.404Z
4242,43,src/capabilities.zig,capabilities.fake_mod,modify,8,m2-closure-0.1,2026-06-20T11:23:44.400Z
4242,43,src/capabilities.zig,capabilities.fake_mod,reference,8,m2-closure-0.1,2026-06-20T11:23:44.404Z
4242,43,src/capabilities.zig,capabilities.githubProviderFactory,modify,24,m2-closure-0.1,2026-06-20T11:23:44.403Z
4242,43,src/capabilities.zig,capabilities.githubProviderFactory,reference,24,m2-closure-0.1,2026-06-20T11:23:44.395Z
4242,43,src/capabilities.zig,capabilities.github_provider_mod,modify,8,m2-closure-0.1,2026-06-20T11:23:44.405Z
4242,43,src/capabilities.zig,capabilities.github_provider_mod,reference,8,m2-closure-0.1,2026-06-20T11:23:44.407Z
4242,43,src/capabilities.zig,capabilities.gitlabProviderFactory,modify,24,m2-closure-0.1,2026-06-20T11:23:44.403Z
4242,43,src/capabilities.zig,capabilities.gitlabProviderFactory,reference,24,m2-closure-0.1,2026-06-20T11:23:44.397Z
4242,43,src/capabilities.zig,capabilities.gitlab_provider_mod,modify,8,m2-closure-0.1,2026-06-20T11:23:44.399Z
4242,43,src/capabilities.zig,capabilities.gitlab_provider_mod,reference,8,m2-closure-0.1,2026-06-20T11:23:44.397Z
4242,43,src/capabilities.zig,capabilities.kernelLevelByName,modify,142,m2-closure-0.1,2026-06-20T11:23:44.402Z
4242,43,src/capabilities.zig,capabilities.kernelLevelByName,reference,142,m2-closure-0.1,2026-06-20T11:23:44.406Z
4242,43,src/capabilities.zig,capabilities.lessThanStr,modify,38,m2-closure-0.1,2026-06-20T11:23:44.400Z
4242,43,src/capabilities.zig,capabilities.lessThanStr,reference,38,m2-closure-0.1,2026-06-20T11:23:44.399Z
4242,43,src/capabilities.zig,capabilities.log,modify,8,m2-closure-0.1,2026-06-20T11:23:44.402Z
4242,43,src/capabilities.zig,capabilities.log,reference,8,m2-closure-0.1,2026-06-20T11:23:44.407Z
4242,43,src/capabilities.zig,capabilities.lookupProviderKind,modify,59,m2-closure-0.1,2026-06-20T11:23:44.395Z
4242,43,src/capabilities.zig,capabilities.lookupProviderKind,reference,59,m2-closure-0.1,2026-06-20T11:23:44.407Z
4242,43,src/capabilities.zig,capabilities.output_mod,modify,8,m2-closure-0.1,2026-06-20T11:23:44.407Z
4242,43,src/capabilities.zig,capabilities.output_mod,reference,8,m2-closure-0.1,2026-06-20T11:23:44.408Z
4242,43,src/capabilities.zig,capabilities.printCapabilitiesErrorJson,modify,65,m2-closure-0.1,2026-06-20T11:23:44.399Z
4242,43,src/capabilities.zig,capabilities.printCapabilitiesErrorJson,reference,65,m2-closure-0.1,2026-06-20T11:23:44.400Z
4242,43,src/capabilities.zig,capabilities.printCapabilitiesHuman,modify,376,m2-closure-0.1,2026-06-20T11:23:44.397Z
4242,43,src/capabilities.zig,capabilities.printCapabilitiesHuman,reference,376,m2-closure-0.1,2026-06-20T11:23:44.397Z
4242,43,src/capabilities.zig,capabilities.printCapabilitiesJson,modify,29,m2-closure-0.1,2026-06-20T11:23:44.401Z
4242,43,src/capabilities.zig,capabilities.printCapabilitiesJson,reference,29,m2-closure-0.1,2026-06-20T11:23:44.410Z
4242,43,src/capabilities.zig,capabilities.provider,modify,8,m2-closure-0.1,2026-06-20T11:23:44.401Z
4242,43,src/capabilities.zig,capabilities.provider,reference,8,m2-closure-0.1,2026-06-20T11:23:44.396Z
4242,43,src/capabilities.zig,capabilities.runCapabilities,modify,255,m2-closure-0.1,2026-06-20T11:23:44.403Z
4242,43,src/capabilities.zig,capabilities.runCapabilities,reference,255,m2-closure-0.1,2026-06-20T11:23:44.395Z
4242,43,src/capabilities.zig,capabilities.sshBareProviderFactory,modify,24,m2-closure-0.1,2026-06-20T11:23:44.410Z
4242,43,src/capabilities.zig,capabilities.sshBareProviderFactory,reference,24,m2-closure-0.1,2026-06-20T11:23:44.397Z
4242,43,src/capabilities.zig,capabilities.sshbare_provider_mod,modify,8,m2-closure-0.1,2026-06-20T11:23:44.404Z
4242,43,src/capabilities.zig,capabilities.sshbare_provider_mod,reference,8,m2-closure-0.1,2026-06-20T11:23:44.396Z
4242,43,src/capabilities.zig,capabilities.std,modify,8,m2-closure-0.1,2026-06-20T11:23:44.409Z
4242,43,src/capabilities.zig,capabilities.std,reference,8,m2-closure-0.1,2026-06-20T11:23:44.400Z
4242,43,src/capabilities.zig,capabilities.stubGitHubFactory,modify,21,m2-closure-0.1,2026-06-20T11:23:44.397Z
4242,43,src/capabilities.zig,capabilities.writeCapRow,modify,102,m2-closure-0.1,2026-06-20T11:23:44.402Z
4242,43,src/capabilities.zig,capabilities.writeCapRow,reference,102,m2-closure-0.1,2026-06-20T11:23:44.396Z
4242,43,src/credentials.zig,credentials.Allocator,transitive,9,m2-closure-0.1,2026-06-20T11:23:44.409Z
4242,43,src/credentials.zig,credentials.CredentialError,reference,17,m2-closure-0.1,2026-06-20T11:23:44.395Z
4242,43,src/credentials.zig,credentials.CredentialError,transitive,17,m2-closure-0.1,2026-06-20T11:23:44.406Z
4242,43,src/credentials.zig,credentials.CredentialResolver,reference,1012,m2-closure-0.1,2026-06-20T11:23:44.395Z
4242,43,src/credentials.zig,credentials.CredentialResolver.allocator,transitive,1012,m2-closure-0.1,2026-06-20T11:23:44.400Z
4242,43,src/credentials.zig,credentials.GitLabResolverOpts,reference,19,m2-closure-0.1,2026-06-20T11:23:44.407Z
4242,43,src/credentials.zig,credentials.GitLabResolverOpts,transitive,19,m2-closure-0.1,2026-06-20T11:23:44.395Z
4242,43,src/credentials.zig,credentials.Io,transitive,7,m2-closure-0.1,2026-06-20T11:23:44.406Z
4242,43,src/credentials.zig,credentials.ResolutionAttempt,transitive,40,m2-closure-0.1,2026-06-20T11:23:44.398Z
4242,43,src/credentials.zig,credentials.ResolvedToken,transitive,31,m2-closure-0.1,2026-06-20T11:23:44.405Z
4242,43,src/credentials.zig,credentials.ResolverOpts,reference,44,m2-closure-0.1,2026-06-20T11:23:44.396Z
4242,43,src/credentials.zig,credentials.ResolverOpts,transitive,44,m2-closure-0.1,2026-06-20T11:23:44.404Z
4242,43,src/credentials.zig,credentials.log,transitive,8,m2-closure-0.1,2026-06-20T11:23:44.409Z
4242,43,src/credentials.zig,credentials.resolveGitLab,reference,358,m2-closure-0.1,2026-06-20T11:23:44.409Z
4242,43,src/credentials.zig,credentials.resolveGitLab,transitive,358,m2-closure-0.1,2026-06-20T11:23:44.398Z
4242,43,src/credentials.zig,credentials.std,transitive,8,m2-closure-0.1,2026-06-20T11:23:44.396Z
4242,43,src/filter.zig,filter.BinaryExpr,modify,18,m2-closure-0.1,2026-06-20T11:23:44.404Z
4242,43,src/filter.zig,filter.BinaryExpr,reference,18,m2-closure-0.1,2026-06-20T11:23:44.405Z
4242,43,src/filter.zig,filter.FilterExpr,modify,57,m2-closure-0.1,2026-06-20T11:23:44.408Z
4242,43,src/filter.zig,filter.FilterExpr,reference,57,m2-closure-0.1,2026-06-20T11:23:44.400Z
4242,43,src/filter.zig,filter.FilterExpr,transitive,57,m2-closure-0.1,2026-06-20T11:23:44.404Z
4242,43,src/filter.zig,filter.FilterRow,modify,78,m2-closure-0.1,2026-06-20T11:23:44.405Z
4242,43,src/filter.zig,filter.FilterRow,reference,78,m2-closure-0.1,2026-06-20T11:23:44.400Z
4242,43,src/filter.zig,filter.FilterRow,transitive,78,m2-closure-0.1,2026-06-20T11:23:44.403Z
4242,43,src/filter.zig,filter.KvPredicate,modify,19,m2-closure-0.1,2026-06-20T11:23:44.396Z
4242,43,src/filter.zig,filter.KvPredicate,reference,19,m2-closure-0.1,2026-06-20T11:23:44.403Z
4242,43,src/filter.zig,filter.ParseError,modify,25,m2-closure-0.1,2026-06-20T11:23:44.404Z
4242,43,src/filter.zig,filter.ParseError,reference,25,m2-closure-0.1,2026-06-20T11:23:44.402Z
4242,43,src/filter.zig,filter.ParseErrorKind,modify,29,m2-closure-0.1,2026-06-20T11:23:44.395Z
4242,43,src/filter.zig,filter.ParseErrorKind,reference,29,m2-closure-0.1,2026-06-20T11:23:44.405Z
4242,43,src/filter.zig,filter.ParseResult,modify,19,m2-closure-0.1,2026-06-20T11:23:44.405Z
4242,43,src/filter.zig,filter.ParseResult,reference,19,m2-closure-0.1,2026-06-20T11:23:44.398Z
4242,43,src/filter.zig,filter.ParseResult,transitive,19,m2-closure-0.1,2026-06-20T11:23:44.406Z
4242,43,src/filter.zig,filter.Parser,modify,1450,m2-closure-0.1,2026-06-20T11:23:44.408Z
4242,43,src/filter.zig,filter.Parser,reference,1450,m2-closure-0.1,2026-06-20T11:23:44.402Z
4242,43,src/filter.zig,filter.Parser,transitive,1450,m2-closure-0.1,2026-06-20T11:23:44.395Z
4242,43,src/filter.zig,filter.Parser.allocator,reference,1450,m2-closure-0.1,2026-06-20T11:23:44.409Z
4242,43,src/filter.zig,filter.Parser.init,reference,1450,m2-closure-0.1,2026-06-20T11:23:44.404Z
4242,43,src/filter.zig,filter.Parser.init,transitive,1450,m2-closure-0.1,2026-06-20T11:23:44.406Z
4242,43,src/filter.zig,filter.Parser.parseAnd,reference,1450,m2-closure-0.1,2026-06-20T11:23:44.403Z
4242,43,src/filter.zig,filter.Parser.parseNot,reference,1450,m2-closure-0.1,2026-06-20T11:23:44.404Z
4242,43,src/filter.zig,filter.Parser.parseOr,reference,1450,m2-closure-0.1,2026-06-20T11:23:44.409Z
4242,43,src/filter.zig,filter.Parser.parsePredicate,reference,1450,m2-closure-0.1,2026-06-20T11:23:44.398Z
4242,43,src/filter.zig,filter.Parser.tok,reference,1450,m2-closure-0.1,2026-06-20T11:23:44.407Z
4242,43,src/filter.zig,filter.PredicateKey,modify,21,m2-closure-0.1,2026-06-20T11:23:44.403Z
4242,43,src/filter.zig,filter.PredicateKey,reference,21,m2-closure-0.1,2026-06-20T11:23:44.407Z
4242,43,src/filter.zig,"filter.PredicateKey.@""default-branch""",reference,21,m2-closure-0.1,2026-06-20T11:23:44.407Z
4242,43,src/filter.zig,filter.PredicateKey.provider,reference,21,m2-closure-0.1,2026-06-20T11:23:44.395Z
4242,43,src/filter.zig,filter.PredicateKey.tag,reference,21,m2-closure-0.1,2026-06-20T11:23:44.401Z
4242,43,src/filter.zig,filter.PredicateKey.team,reference,21,m2-closure-0.1,2026-06-20T11:23:44.396Z
4242,43,src/filter.zig,filter.PredicateKey.topic,reference,21,m2-closure-0.1,2026-06-20T11:23:44.408Z
4242,43,src/filter.zig,filter.Token,modify,22,m2-closure-0.1,2026-06-20T11:23:44.395Z
4242,43,src/filter.zig,filter.Token,reference,22,m2-closure-0.1,2026-06-20T11:23:44.395Z
4242,43,src/filter.zig,filter.TokenKind,modify,15,m2-closure-0.1,2026-06-20T11:23:44.406Z
4242,43,src/filter.zig,filter.TokenKind,reference,15,m2-closure-0.1,2026-06-20T11:23:44.397Z
4242,43,src/filter.zig,filter.Tokenizer,modify,366,m2-closure-0.1,2026-06-20T11:23:44.404Z
4242,43,src/filter.zig,filter.Tokenizer,reference,366,m2-closure-0.1,2026-06-20T11:23:44.402Z
4242,43,src/filter.zig,filter.Tokenizer.init,reference,366,m2-closure-0.1,2026-06-20T11:23:44.402Z
4242,43,src/filter.zig,filter.Tokenizer.input,reference,366,m2-closure-0.1,2026-06-20T11:23:44.399Z
4242,43,src/filter.zig,filter.Tokenizer.next,reference,366,m2-closure-0.1,2026-06-20T11:23:44.395Z
4242,43,src/filter.zig,filter.Tokenizer.pos,reference,366,m2-closure-0.1,2026-06-20T11:23:44.401Z
4242,43,src/filter.zig,filter.Tokenizer.skipWs,reference,366,m2-closure-0.1,2026-06-20T11:23:44.402Z
4242,43,src/filter.zig,filter.buildFilterRow,modify,811,m2-closure-0.1,2026-06-20T11:23:44.403Z
4242,43,src/filter.zig,filter.buildFilterRow,reference,811,m2-closure-0.1,2026-06-20T11:23:44.404Z
4242,43,src/filter.zig,filter.cache,modify,8,m2-closure-0.1,2026-06-20T11:23:44.396Z
4242,43,src/filter.zig,filter.cache,reference,8,m2-closure-0.1,2026-06-20T11:23:44.406Z
4242,43,src/filter.zig,filter.cache,transitive,8,m2-closure-0.1,2026-06-20T11:23:44.401Z
4242,43,src/filter.zig,filter.currentTimeSecs,modify,43,m2-closure-0.1,2026-06-20T11:23:44.396Z
4242,43,src/filter.zig,filter.currentTimeSecs,reference,43,m2-closure-0.1,2026-06-20T11:23:44.398Z
4242,43,src/filter.zig,filter.deinit,modify,189,m2-closure-0.1,2026-06-20T11:23:44.397Z
4242,43,src/filter.zig,filter.deinit,reference,189,m2-closure-0.1,2026-06-20T11:23:44.402Z
4242,43,src/filter.zig,filter.errAt,modify,40,m2-closure-0.1,2026-06-20T11:23:44.397Z
4242,43,src/filter.zig,filter.errAt,reference,40,m2-closure-0.1,2026-06-20T11:23:44.397Z
4242,43,src/filter.zig,filter.eval,modify,23,m2-closure-0.1,2026-06-20T11:23:44.401Z
4242,43,src/filter.zig,filter.eval,reference,23,m2-closure-0.1,2026-06-20T11:23:44.407Z
4242,43,src/filter.zig,filter.evalExpr,modify,288,m2-closure-0.1,2026-06-20T11:23:44.409Z
4242,43,src/filter.zig,filter.evalExpr,reference,288,m2-closure-0.1,2026-06-20T11:23:44.406Z
4242,43,src/filter.zig,filter.evalExpr,transitive,288,m2-closure-0.1,2026-06-20T11:23:44.395Z
4242,43,src/filter.zig,filter.evalKv,modify,347,m2-closure-0.1,2026-06-20T11:23:44.407Z
4242,43,src/filter.zig,filter.evalKv,reference,347,m2-closure-0.1,2026-06-20T11:23:44.404Z
4242,43,src/filter.zig,filter.full_ext_matrix,modify,129,m2-closure-0.1,2026-06-20T11:23:44.403Z
4242,43,src/filter.zig,filter.full_ext_matrix,reference,129,m2-closure-0.1,2026-06-20T11:23:44.397Z
4242,43,src/filter.zig,filter.isWs,modify,27,m2-closure-0.1,2026-06-20T11:23:44.409Z
4242,43,src/filter.zig,filter.isWs,reference,27,m2-closure-0.1,2026-06-20T11:23:44.407Z
4242,43,src/filter.zig,filter.makeRow,modify,211,m2-closure-0.1,2026-06-20T11:23:44.402Z
4242,43,src/filter.zig,filter.makeRow,reference,211,m2-closure-0.1,2026-06-20T11:23:44.407Z
4242,43,src/filter.zig,filter.manifest,modify,8,m2-closure-0.1,2026-06-20T11:23:44.403Z
4242,43,src/filter.zig,filter.manifest,reference,8,m2-closure-0.1,2026-06-20T11:23:44.402Z
4242,43,src/filter.zig,filter.manifest,transitive,8,m2-closure-0.1,2026-06-20T11:23:44.402Z
4242,43,src/filter.zig,filter.mulChecked,modify,42,m2-closure-0.1,2026-06-20T11:23:44.395Z
4242,43,src/filter.zig,filter.mulChecked,reference,42,m2-closure-0.1,2026-06-20T11:23:44.404Z
4242,43,src/filter.zig,filter.mustFail,modify,85,m2-closure-0.1,2026-06-20T11:23:44.399Z
4242,43,src/filter.zig,filter.mustFail,reference,85,m2-closure-0.1,2026-06-20T11:23:44.404Z
4242,43,src/filter.zig,filter.mustParse,modify,89,m2-closure-0.1,2026-06-20T11:23:44.401Z
4242,43,src/filter.zig,filter.mustParse,reference,89,m2-closure-0.1,2026-06-20T11:23:44.399Z
4242,43,src/filter.zig,filter.parse,modify,46,m2-closure-0.1,2026-06-20T11:23:44.406Z
4242,43,src/filter.zig,filter.parse,reference,46,m2-closure-0.1,2026-06-20T11:23:44.406Z
4242,43,src/filter.zig,filter.parseDuration,modify,313,m2-closure-0.1,2026-06-20T11:23:44.401Z
4242,43,src/filter.zig,filter.parseDuration,reference,313,m2-closure-0.1,2026-06-20T11:23:44.409Z
4242,43,src/filter.zig,filter.parseSqliteDateTime,modify,458,m2-closure-0.1,2026-06-20T11:23:44.406Z
4242,43,src/filter.zig,filter.parseSqliteDateTime,reference,458,m2-closure-0.1,2026-06-20T11:23:44.394Z
4242,43,src/filter.zig,filter.parseSqliteDateTime,transitive,458,m2-closure-0.1,2026-06-20T11:23:44.401Z
4242,43,src/filter.zig,filter.planner,modify,8,m2-closure-0.1,2026-06-20T11:23:44.405Z
4242,43,src/filter.zig,filter.planner,reference,8,m2-closure-0.1,2026-06-20T11:23:44.401Z
4242,43,src/filter.zig,filter.planner,transitive,8,m2-closure-0.1,2026-06-20T11:23:44.408Z
4242,43,src/filter.zig,filter.provider,modify,8,m2-closure-0.1,2026-06-20T11:23:44.394Z
4242,43,src/filter.zig,filter.provider,reference,8,m2-closure-0.1,2026-06-20T11:23:44.407Z
4242,43,src/filter.zig,filter.provider,transitive,8,m2-closure-0.1,2026-06-20T11:23:44.396Z
4242,43,src/filter.zig,filter.resolveKey,modify,131,m2-closure-0.1,2026-06-20T11:23:44.396Z
4242,43,src/filter.zig,filter.resolveKey,reference,131,m2-closure-0.1,2026-06-20T11:23:44.400Z
4242,43,src/filter.zig,filter.std,modify,8,m2-closure-0.1,2026-06-20T11:23:44.409Z
4242,43,src/filter.zig,filter.std,reference,8,m2-closure-0.1,2026-06-20T11:23:44.405Z
4242,43,src/filter.zig,filter.std,transitive,8,m2-closure-0.1,2026-06-20T11:23:44.409Z
4242,43,src/filter.zig,filter.testing,modify,7,m2-closure-0.1,2026-06-20T11:23:44.409Z
4242,43,src/filter.zig,filter.testing,reference,7,m2-closure-0.1,2026-06-20T11:23:44.399Z
4242,43,src/filter.zig,filter.webhooks_matrix,modify,129,m2-closure-0.1,2026-06-20T11:23:44.395Z
4242,43,src/filter.zig,filter.webhooks_matrix,reference,129,m2-closure-0.1,2026-06-20T11:23:44.408Z
4242,43,src/github.zig,github.Allocator,transitive,9,m2-closure-0.1,2026-06-20T11:23:44.403Z
4242,43,src/github.zig,github.Client,reference,1957,m2-closure-0.1,2026-06-20T11:23:44.407Z
4242,43,src/github.zig,github.Client.allocator,transitive,1957,m2-closure-0.1,2026-06-20T11:23:44.401Z
4242,43,src/github.zig,github.Client.api_base,transitive,1957,m2-closure-0.1,2026-06-20T11:23:44.405Z
4242,43,src/github.zig,github.Client.authHeader,transitive,1957,m2-closure-0.1,2026-06-20T11:23:44.403Z
4242,43,src/github.zig,github.Client.delete,transitive,1957,m2-closure-0.1,2026-06-20T11:23:44.409Z
4242,43,src/github.zig,github.Client.get,transitive,1957,m2-closure-0.1,2026-06-20T11:23:44.405Z
4242,43,src/github.zig,github.Client.http_client,transitive,1957,m2-closure-0.1,2026-06-20T11:23:44.396Z
4242,43,src/github.zig,github.Client.patchReq,transitive,1957,m2-closure-0.1,2026-06-20T11:23:44.401Z
4242,43,src/github.zig,github.Client.post,transitive,1957,m2-closure-0.1,2026-06-20T11:23:44.408Z
4242,43,src/github.zig,github.Client.token,transitive,1957,m2-closure-0.1,2026-06-20T11:23:44.404Z
4242,43,src/github.zig,github.CreateRepoSpec,transitive,48,m2-closure-0.1,2026-06-20T11:23:44.404Z
4242,43,src/github.zig,github.GITHUB_ACCEPT,transitive,5,m2-closure-0.1,2026-06-20T11:23:44.400Z
4242,43,src/github.zig,github.GITHUB_API_VERSION,transitive,5,m2-closure-0.1,2026-06-20T11:23:44.402Z
4242,43,src/github.zig,github.GitHubError,transitive,37,m2-closure-0.1,2026-06-20T11:23:44.405Z
4242,43,src/github.zig,github.RateLimit,transitive,20,m2-closure-0.1,2026-06-20T11:23:44.395Z
4242,43,src/github.zig,github.Repo,transitive,61,m2-closure-0.1,2026-06-20T11:23:44.395Z
4242,43,src/github.zig,github.RepoIterator,transitive,83,m2-closure-0.1,2026-06-20T11:23:44.395Z
4242,43,src/github.zig,github.RepoPage,transitive,21,m2-closure-0.1,2026-06-20T11:23:44.401Z
4242,43,src/github.zig,github.RepoPatch,transitive,52,m2-closure-0.1,2026-06-20T11:23:44.406Z
4242,43,src/github.zig,github.User,transitive,46,m2-closure-0.1,2026-06-20T11:23:44.404Z
4242,43,src/github.zig,github.assertCreated,transitive,37,m2-closure-0.1,2026-06-20T11:23:44.395Z
4242,43,src/github.zig,github.assertOk,transitive,43,m2-closure-0.1,2026-06-20T11:23:44.398Z
4242,43,src/github.zig,github.http,transitive,8,m2-closure-0.1,2026-06-20T11:23:44.407Z
4242,43,src/github.zig,github.last_github_error,reference,10,m2-closure-0.1,2026-06-20T11:23:44.405Z
4242,43,src/github.zig,github.parseJson,transitive,52,m2-closure-0.1,2026-06-20T11:23:44.395Z
4242,43,src/github.zig,github.parseJsonArray,transitive,56,m2-closure-0.1,2026-06-20T11:23:44.401Z
4242,43,src/github.zig,github.parseLinkNext,transitive,78,m2-closure-0.1,2026-06-20T11:23:44.397Z
4242,43,src/github.zig,github.serializeCreateSpec,transitive,78,m2-closure-0.1,2026-06-20T11:23:44.398Z
4242,43,src/github.zig,github.serializePatch,transitive,82,m2-closure-0.1,2026-06-20T11:23:44.404Z
4242,43,src/github.zig,github.std,transitive,8,m2-closure-0.1,2026-06-20T11:23:44.406Z
4242,43,src/github/extensions.zig,extensions.github_branch_protection_vtable,reference,20,m2-closure-0.1,2026-06-20T11:23:44.399Z
4242,43,src/github/extensions.zig,extensions.github_ci_vtable,reference,20,m2-closure-0.1,2026-06-20T11:23:44.395Z
4242,43,src/github/extensions.zig,extensions.github_collaborator_vtable,reference,25,m2-closure-0.1,2026-06-20T11:23:44.408Z
4242,43,src/github/extensions.zig,extensions.github_webhook_vtable,reference,30,m2-closure-0.1,2026-06-20T11:23:44.396Z
4242,43,src/github/provider.zig,provider.GitHubProvider,modify,2702,m2-closure-0.1,2026-06-20T11:23:44.397Z
4242,43,src/github/provider.zig,provider.GitHubProvider,reference,2702,m2-closure-0.1,2026-06-20T11:23:44.400Z
4242,43,src/github/provider.zig,provider.GitHubProvider.allocator,reference,2702,m2-closure-0.1,2026-06-20T11:23:44.404Z
4242,43,src/github/provider.zig,provider.GitHubProvider.gh_client,reference,2702,m2-closure-0.1,2026-06-20T11:23:44.401Z
4242,43,src/github/provider.zig,provider.GitHubProvider.http_client,reference,2702,m2-closure-0.1,2026-06-20T11:23:44.394Z
4242,43,src/github/provider.zig,provider.GitHubProvider.init,reference,2702,m2-closure-0.1,2026-06-20T11:23:44.402Z
4242,43,src/github/provider.zig,provider.GitHubProvider.org_or_user,reference,2702,m2-closure-0.1,2026-06-20T11:23:44.402Z
4242,43,src/github/provider.zig,provider.GitHubProvider.pending_branch,reference,2702,m2-closure-0.1,2026-06-20T11:23:44.399Z
4242,43,src/github/provider.zig,provider.GitHubProvider.pending_create_spec,reference,2702,m2-closure-0.1,2026-06-20T11:23:44.397Z
4242,43,src/github/provider.zig,provider.GitHubProvider.pending_name,reference,2702,m2-closure-0.1,2026-06-20T11:23:44.408Z
4242,43,src/github/provider.zig,provider.GitHubProvider.pending_owner,reference,2702,m2-closure-0.1,2026-06-20T11:23:44.395Z
4242,43,src/github/provider.zig,provider.GitHubProvider.token,reference,2702,m2-closure-0.1,2026-06-20T11:23:44.407Z
4242,43,src/github/provider.zig,provider.GitHubProviderOpts,modify,36,m2-closure-0.1,2026-06-20T11:23:44.401Z
4242,43,src/github/provider.zig,provider.GitHubProviderOpts,reference,36,m2-closure-0.1,2026-06-20T11:23:44.408Z
4242,43,src/github/provider.zig,provider.Io,modify,7,m2-closure-0.1,2026-06-20T11:23:44.397Z
4242,43,src/github/provider.zig,provider.Io,reference,7,m2-closure-0.1,2026-06-20T11:23:44.409Z
4242,43,src/github/provider.zig,provider.OrgOrUser,modify,25,m2-closure-0.1,2026-06-20T11:23:44.408Z
4242,43,src/github/provider.zig,provider.OrgOrUser,reference,25,m2-closure-0.1,2026-06-20T11:23:44.400Z
4242,43,src/github/provider.zig,provider.REPO_JSON,modify,7,m2-closure-0.1,2026-06-20T11:23:44.395Z
4242,43,src/github/provider.zig,provider.REPO_JSON,reference,7,m2-closure-0.1,2026-06-20T11:23:44.395Z
4242,43,src/github/provider.zig,provider.github,modify,8,m2-closure-0.1,2026-06-20T11:23:44.406Z
4242,43,src/github/provider.zig,provider.github,reference,8,m2-closure-0.1,2026-06-20T11:23:44.399Z
4242,43,src/github/provider.zig,provider.githubRegistryFactory,modify,63,m2-closure-0.1,2026-06-20T11:23:44.401Z
4242,43,src/github/provider.zig,provider.githubRegistryFactory,reference,63,m2-closure-0.1,2026-06-20T11:23:44.408Z
4242,43,src/github/provider.zig,provider.github_matrix,modify,130,m2-closure-0.1,2026-06-20T11:23:44.409Z
4242,43,src/github/provider.zig,provider.github_matrix,reference,130,m2-closure-0.1,2026-06-20T11:23:44.398Z
4242,43,src/gitlab.zig,gitlab.Allocator,transitive,9,m2-closure-0.1,2026-06-20T11:23:44.409Z
4242,43,src/gitlab.zig,gitlab.Client,reference,1702,m2-closure-0.1,2026-06-20T11:23:44.401Z
4242,43,src/gitlab.zig,gitlab.Client,transitive,1702,m2-closure-0.1,2026-06-20T11:23:44.396Z
4242,43,src/gitlab.zig,gitlab.Client.allocator,transitive,1702,m2-closure-0.1,2026-06-20T11:23:44.404Z
4242,43,src/gitlab.zig,gitlab.Client.api_base,transitive,1702,m2-closure-0.1,2026-06-20T11:23:44.395Z
4242,43,src/gitlab.zig,gitlab.Client.delete,transitive,1702,m2-closure-0.1,2026-06-20T11:23:44.404Z
4242,43,src/gitlab.zig,gitlab.Client.get,transitive,1702,m2-closure-0.1,2026-06-20T11:23:44.401Z
4242,43,src/gitlab.zig,gitlab.Client.http_client,transitive,1702,m2-closure-0.1,2026-06-20T11:23:44.400Z
4242,43,src/gitlab.zig,gitlab.Client.post,transitive,1702,m2-closure-0.1,2026-06-20T11:23:44.396Z
4242,43,src/gitlab.zig,gitlab.Client.putReq,transitive,1702,m2-closure-0.1,2026-06-20T11:23:44.405Z
4242,43,src/gitlab.zig,gitlab.Client.token,transitive,1702,m2-closure-0.1,2026-06-20T11:23:44.402Z
4242,43,src/gitlab.zig,gitlab.Client.user_agent,transitive,1702,m2-closure-0.1,2026-06-20T11:23:44.401Z
4242,43,src/gitlab.zig,gitlab.CreateProjectSpec,transitive,71,m2-closure-0.1,2026-06-20T11:23:44.397Z
4242,43,src/gitlab.zig,gitlab.GITLAB_ACCEPT,transitive,5,m2-closure-0.1,2026-06-20T11:23:44.399Z
4242,43,src/gitlab.zig,gitlab.GitLabError,transitive,37,m2-closure-0.1,2026-06-20T11:23:44.400Z
4242,43,src/gitlab.zig,gitlab.Project,transitive,67,m2-closure-0.1,2026-06-20T11:23:44.409Z
4242,43,src/gitlab.zig,gitlab.ProjectIterator,transitive,83,m2-closure-0.1,2026-06-20T11:23:44.394Z
4242,43,src/gitlab.zig,gitlab.ProjectPage,transitive,21,m2-closure-0.1,2026-06-20T11:23:44.405Z
4242,43,src/gitlab.zig,gitlab.ProjectPatch,transitive,55,m2-closure-0.1,2026-06-20T11:23:44.404Z
4242,43,src/gitlab.zig,gitlab.RateLimit,transitive,20,m2-closure-0.1,2026-06-20T11:23:44.400Z
4242,43,src/gitlab.zig,gitlab.User,transitive,46,m2-closure-0.1,2026-06-20T11:23:44.397Z
4242,43,src/gitlab.zig,gitlab.assertCreated,transitive,37,m2-closure-0.1,2026-06-20T11:23:44.409Z
4242,43,src/gitlab.zig,gitlab.assertOk,transitive,43,m2-closure-0.1,2026-06-20T11:23:44.398Z
4242,43,src/gitlab.zig,gitlab.encodeProjectPath,reference,49,m2-closure-0.1,2026-06-20T11:23:44.410Z
4242,43,src/gitlab.zig,gitlab.encodeProjectPath,transitive,49,m2-closure-0.1,2026-06-20T11:23:44.403Z
4242,43,src/gitlab.zig,gitlab.http,transitive,8,m2-closure-0.1,2026-06-20T11:23:44.402Z
4242,43,src/gitlab.zig,gitlab.last_gitlab_error,reference,10,m2-closure-0.1,2026-06-20T11:23:44.398Z
4242,43,src/gitlab.zig,gitlab.last_gitlab_error,transitive,10,m2-closure-0.1,2026-06-20T11:23:44.409Z
4242,43,src/gitlab.zig,gitlab.parseJson,transitive,52,m2-closure-0.1,2026-06-20T11:23:44.399Z
4242,43,src/gitlab.zig,gitlab.parseJsonArray,transitive,56,m2-closure-0.1,2026-06-20T11:23:44.395Z
4242,43,src/gitlab.zig,gitlab.parseXNextPage,transitive,155,m2-closure-0.1,2026-06-20T11:23:44.399Z
4242,43,src/gitlab.zig,gitlab.serializeCreateSpec,transitive,96,m2-closure-0.1,2026-06-20T11:23:44.402Z
4242,43,src/gitlab.zig,gitlab.serializePatch,transitive,82,m2-closure-0.1,2026-06-20T11:23:44.400Z
4242,43,src/gitlab.zig,gitlab.std,transitive,8,m2-closure-0.1,2026-06-20T11:23:44.405Z
4242,43,src/gitlab/extensions.zig,extensions.Allocator,transitive,9,m2-closure-0.1,2026-06-20T11:23:44.398Z
4242,43,src/gitlab/extensions.zig,extensions.BranchProtectionVTable,transitive,7,m2-closure-0.1,2026-06-20T11:23:44.395Z
4242,43,src/gitlab/extensions.zig,extensions.CIVTable,transitive,7,m2-closure-0.1,2026-06-20T11:23:44.405Z
4242,43,src/gitlab/extensions.zig,extensions.CollaboratorVTable,transitive,7,m2-closure-0.1,2026-06-20T11:23:44.403Z
4242,43,src/gitlab/extensions.zig,extensions.GitLabExtContext,reference,25,m2-closure-0.1,2026-06-20T11:23:44.398Z
4242,43,src/gitlab/extensions.zig,extensions.GitLabExtContext,transitive,25,m2-closure-0.1,2026-06-20T11:23:44.400Z
4242,43,src/gitlab/extensions.zig,extensions.WebhookVTable,transitive,7,m2-closure-0.1,2026-06-20T11:23:44.395Z
4242,43,src/gitlab/extensions.zig,extensions.branchProtectionGet,transitive,473,m2-closure-0.1,2026-06-20T11:23:44.405Z
4242,43,src/gitlab/extensions.zig,extensions.branchProtectionSet,transitive,708,m2-closure-0.1,2026-06-20T11:23:44.399Z
4242,43,src/gitlab/extensions.zig,extensions.ciGetEnabled,transitive,307,m2-closure-0.1,2026-06-20T11:23:44.399Z
4242,43,src/gitlab/extensions.zig,extensions.ciSetEnabled,transitive,248,m2-closure-0.1,2026-06-20T11:23:44.409Z
4242,43,src/gitlab/extensions.zig,extensions.collaboratorsAdd,transitive,368,m2-closure-0.1,2026-06-20T11:23:44.410Z
4242,43,src/gitlab/extensions.zig,extensions.collaboratorsList,transitive,441,m2-closure-0.1,2026-06-20T11:23:44.408Z
4242,43,src/gitlab/extensions.zig,extensions.collaboratorsRemove,transitive,326,m2-closure-0.1,2026-06-20T11:23:44.402Z
4242,43,src/gitlab/extensions.zig,extensions.gitlab,transitive,8,m2-closure-0.1,2026-06-20T11:23:44.400Z
4242,43,src/gitlab/extensions.zig,extensions.gitlab_branch_protection_vtable,reference,20,m2-closure-0.1,2026-06-20T11:23:44.408Z
4242,43,src/gitlab/extensions.zig,extensions.gitlab_branch_protection_vtable,transitive,20,m2-closure-0.1,2026-06-20T11:23:44.408Z
4242,43,src/gitlab/extensions.zig,extensions.gitlab_ci_vtable,reference,20,m2-closure-0.1,2026-06-20T11:23:44.408Z
4242,43,src/gitlab/extensions.zig,extensions.gitlab_ci_vtable,transitive,20,m2-closure-0.1,2026-06-20T11:23:44.395Z
4242,43,src/gitlab/extensions.zig,extensions.gitlab_collaborator_vtable,reference,25,m2-closure-0.1,2026-06-20T11:23:44.407Z
4242,43,src/gitlab/extensions.zig,extensions.gitlab_collaborator_vtable,transitive,25,m2-closure-0.1,2026-06-20T11:23:44.407Z
4242,43,src/gitlab/extensions.zig,extensions.gitlab_webhook_vtable,reference,30,m2-closure-0.1,2026-06-20T11:23:44.408Z
4242,43,src/gitlab/extensions.zig,extensions.gitlab_webhook_vtable,transitive,30,m2-closure-0.1,2026-06-20T11:23:44.400Z
4242,43,src/gitlab/extensions.zig,extensions.http_mod,transitive,8,m2-closure-0.1,2026-06-20T11:23:44.397Z
4242,43,src/gitlab/extensions.zig,extensions.webhooksCreate,transitive,394,m2-closure-0.1,2026-06-20T11:23:44.401Z
4242,43,src/gitlab/extensions.zig,extensions.webhooksDelete,transitive,219,m2-closure-0.1,2026-06-20T11:23:44.397Z
4242,43,src/gitlab/extensions.zig,extensions.webhooksList,transitive,478,m2-closure-0.1,2026-06-20T11:23:44.409Z
4242,43,src/gitlab/extensions.zig,extensions.webhooksUpdate,transitive,497,m2-closure-0.1,2026-06-20T11:23:44.400Z
4242,43,src/gitlab/provider.zig,provider.Allocator,modify,9,m2-closure-0.1,2026-06-20T11:23:44.400Z
4242,43,src/gitlab/provider.zig,provider.Allocator,reference,9,m2-closure-0.1,2026-06-20T11:23:44.396Z
4242,43,src/gitlab/provider.zig,provider.Allocator,transitive,9,m2-closure-0.1,2026-06-20T11:23:44.409Z
4242,43,src/gitlab/provider.zig,provider.CapabilityMatrix,modify,7,m2-closure-0.1,2026-06-20T11:23:44.402Z
4242,43,src/gitlab/provider.zig,provider.CapabilityMatrix,reference,7,m2-closure-0.1,2026-06-20T11:23:44.405Z
4242,43,src/gitlab/provider.zig,provider.GitLabProvider,modify,2749,m2-closure-0.1,2026-06-20T11:23:44.402Z
4242,43,src/gitlab/provider.zig,provider.GitLabProvider,reference,2749,m2-closure-0.1,2026-06-20T11:23:44.403Z
4242,43,src/gitlab/provider.zig,provider.GitLabProvider.allocator,reference,2749,m2-closure-0.1,2026-06-20T11:23:44.404Z
4242,43,src/gitlab/provider.zig,provider.GitLabProvider.allocator,transitive,2749,m2-closure-0.1,2026-06-20T11:23:44.401Z
4242,43,src/gitlab/provider.zig,provider.GitLabProvider.ext_ctx,reference,2749,m2-closure-0.1,2026-06-20T11:23:44.400Z
4242,43,src/gitlab/provider.zig,provider.GitLabProvider.ext_ctx,transitive,2749,m2-closure-0.1,2026-06-20T11:23:44.396Z
4242,43,src/gitlab/provider.zig,provider.GitLabProvider.gl_client,reference,2749,m2-closure-0.1,2026-06-20T11:23:44.401Z
4242,43,src/gitlab/provider.zig,provider.GitLabProvider.gl_client,transitive,2749,m2-closure-0.1,2026-06-20T11:23:44.408Z
4242,43,src/gitlab/provider.zig,provider.GitLabProvider.group_or_user,reference,2749,m2-closure-0.1,2026-06-20T11:23:44.405Z
4242,43,src/gitlab/provider.zig,provider.GitLabProvider.group_or_user,transitive,2749,m2-closure-0.1,2026-06-20T11:23:44.396Z
4242,43,src/gitlab/provider.zig,provider.GitLabProvider.http_client,reference,2749,m2-closure-0.1,2026-06-20T11:23:44.404Z
4242,43,src/gitlab/provider.zig,provider.GitLabProvider.http_client,transitive,2749,m2-closure-0.1,2026-06-20T11:23:44.399Z
4242,43,src/gitlab/provider.zig,provider.GitLabProvider.init,reference,2749,m2-closure-0.1,2026-06-20T11:23:44.396Z
4242,43,src/gitlab/provider.zig,provider.GitLabProvider.pending_branch,reference,2749,m2-closure-0.1,2026-06-20T11:23:44.404Z
4242,43,src/gitlab/provider.zig,provider.GitLabProvider.pending_branch,transitive,2749,m2-closure-0.1,2026-06-20T11:23:44.398Z
4242,43,src/gitlab/provider.zig,provider.GitLabProvider.pending_create_spec,reference,2749,m2-closure-0.1,2026-06-20T11:23:44.404Z
4242,43,src/gitlab/provider.zig,provider.GitLabProvider.pending_create_spec,transitive,2749,m2-closure-0.1,2026-06-20T11:23:44.399Z
4242,43,src/gitlab/provider.zig,provider.GitLabProvider.pending_project_id,reference,2749,m2-closure-0.1,2026-06-20T11:23:44.402Z
4242,43,src/gitlab/provider.zig,provider.GitLabProvider.pending_project_id,transitive,2749,m2-closure-0.1,2026-06-20T11:23:44.407Z
4242,43,src/gitlab/provider.zig,provider.GitLabProvider.token,reference,2749,m2-closure-0.1,2026-06-20T11:23:44.407Z
4242,43,src/gitlab/provider.zig,provider.GitLabProvider.token,transitive,2749,m2-closure-0.1,2026-06-20T11:23:44.406Z
4242,43,src/gitlab/provider.zig,provider.GitLabProviderOpts,modify,36,m2-closure-0.1,2026-06-20T11:23:44.403Z
4242,43,src/gitlab/provider.zig,provider.GitLabProviderOpts,reference,36,m2-closure-0.1,2026-06-20T11:23:44.395Z
4242,43,src/gitlab/provider.zig,provider.GitLabProviderOpts,transitive,36,m2-closure-0.1,2026-06-20T11:23:44.404Z
4242,43,src/gitlab/provider.zig,provider.GroupOrUser,modify,25,m2-closure-0.1,2026-06-20T11:23:44.406Z
4242,43,src/gitlab/provider.zig,provider.GroupOrUser,reference,25,m2-closure-0.1,2026-06-20T11:23:44.407Z
4242,43,src/gitlab/provider.zig,provider.OpError,modify,7,m2-closure-0.1,2026-06-20T11:23:44.407Z
4242,43,src/gitlab/provider.zig,provider.OpError,reference,7,m2-closure-0.1,2026-06-20T11:23:44.404Z
4242,43,src/gitlab/provider.zig,provider.OpErrorKind,modify,7,m2-closure-0.1,2026-06-20T11:23:44.396Z
4242,43,src/gitlab/provider.zig,provider.OpErrorKind,reference,7,m2-closure-0.1,2026-06-20T11:23:44.395Z
4242,43,src/gitlab/provider.zig,provider.OpKind,modify,7,m2-closure-0.1,2026-06-20T11:23:44.396Z
4242,43,src/gitlab/provider.zig,provider.OpKind,reference,7,m2-closure-0.1,2026-06-20T11:23:44.405Z
4242,43,src/gitlab/provider.zig,provider.OpKind,transitive,7,m2-closure-0.1,2026-06-20T11:23:44.404Z
4242,43,src/gitlab/provider.zig,provider.OpKinds,modify,7,m2-closure-0.1,2026-06-20T11:23:44.406Z
4242,43,src/gitlab/provider.zig,provider.OpKinds,reference,7,m2-closure-0.1,2026-06-20T11:23:44.401Z
4242,43,src/gitlab/provider.zig,provider.OpKinds,transitive,7,m2-closure-0.1,2026-06-20T11:23:44.402Z
4242,43,src/gitlab/provider.zig,provider.OpOutcome,modify,7,m2-closure-0.1,2026-06-20T11:23:44.403Z
4242,43,src/gitlab/provider.zig,provider.OpOutcome,reference,7,m2-closure-0.1,2026-06-20T11:23:44.398Z
4242,43,src/gitlab/provider.zig,provider.PROJECT_JSON,modify,7,m2-closure-0.1,2026-06-20T11:23:44.402Z
4242,43,src/gitlab/provider.zig,provider.PROJECT_JSON,reference,7,m2-closure-0.1,2026-06-20T11:23:44.395Z
4242,43,src/gitlab/provider.zig,provider.Provider,modify,7,m2-closure-0.1,2026-06-20T11:23:44.402Z
4242,43,src/gitlab/provider.zig,provider.Provider,reference,7,m2-closure-0.1,2026-06-20T11:23:44.406Z
4242,43,src/gitlab/provider.zig,provider.SingleShotCtx,modify,33,m2-closure-0.1,2026-06-20T11:23:44.397Z
4242,43,src/gitlab/provider.zig,provider.SingleShotCtx,reference,33,m2-closure-0.1,2026-06-20T11:23:44.397Z
4242,43,src/gitlab/provider.zig,provider.StubServer,modify,79,m2-closure-0.1,2026-06-20T11:23:44.409Z
4242,43,src/gitlab/provider.zig,provider.StubServer,reference,79,m2-closure-0.1,2026-06-20T11:23:44.407Z
4242,43,src/gitlab/provider.zig,provider.StubServer.init,reference,79,m2-closure-0.1,2026-06-20T11:23:44.400Z
4242,43,src/gitlab/provider.zig,provider.SupportLevel,modify,7,m2-closure-0.1,2026-06-20T11:23:44.398Z
4242,43,src/gitlab/provider.zig,provider.SupportLevel,reference,7,m2-closure-0.1,2026-06-20T11:23:44.398Z
4242,43,src/gitlab/provider.zig,provider.VTable,modify,7,m2-closure-0.1,2026-06-20T11:23:44.408Z
4242,43,src/gitlab/provider.zig,provider.VTable,reference,7,m2-closure-0.1,2026-06-20T11:23:44.403Z
4242,43,src/gitlab/provider.zig,provider.VTable,transitive,7,m2-closure-0.1,2026-06-20T11:23:44.405Z
4242,43,src/gitlab/provider.zig,provider.c,modify,10,m2-closure-0.1,2026-06-20T11:23:44.404Z
4242,43,src/gitlab/provider.zig,provider.c,reference,10,m2-closure-0.1,2026-06-20T11:23:44.409Z
4242,43,src/gitlab/provider.zig,provider.c,transitive,10,m2-closure-0.1,2026-06-20T11:23:44.405Z
4242,43,src/gitlab/provider.zig,provider.capabilities_only_ctx,modify,7,m2-closure-0.1,2026-06-20T11:23:44.400Z
4242,43,src/gitlab/provider.zig,provider.capabilities_only_ctx,reference,7,m2-closure-0.1,2026-06-20T11:23:44.402Z
4242,43,src/gitlab/provider.zig,provider.capabilities_only_ctx,transitive,7,m2-closure-0.1,2026-06-20T11:23:44.398Z
4242,43,src/gitlab/provider.zig,provider.capabilities_only_vtable,modify,39,m2-closure-0.1,2026-06-20T11:23:44.406Z
4242,43,src/gitlab/provider.zig,provider.capabilities_only_vtable,reference,39,m2-closure-0.1,2026-06-20T11:23:44.396Z
4242,43,src/gitlab/provider.zig,provider.capabilities_only_vtable,transitive,39,m2-closure-0.1,2026-06-20T11:23:44.397Z
4242,43,src/gitlab/provider.zig,provider.createProvider,modify,45,m2-closure-0.1,2026-06-20T11:23:44.401Z
4242,43,src/gitlab/provider.zig,provider.credentials,modify,8,m2-closure-0.1,2026-06-20T11:23:44.400Z
4242,43,src/gitlab/provider.zig,provider.credentials,reference,8,m2-closure-0.1,2026-06-20T11:23:44.403Z
4242,43,src/gitlab/provider.zig,provider.credentials,transitive,8,m2-closure-0.1,2026-06-20T11:23:44.397Z
4242,43,src/gitlab/provider.zig,provider.extensions,modify,8,m2-closure-0.1,2026-06-20T11:23:44.402Z
4242,43,src/gitlab/provider.zig,provider.extensions,reference,8,m2-closure-0.1,2026-06-20T11:23:44.402Z
4242,43,src/gitlab/provider.zig,provider.extensions,transitive,8,m2-closure-0.1,2026-06-20T11:23:44.407Z
4242,43,src/gitlab/provider.zig,provider.extractContentLength,modify,122,m2-closure-0.1,2026-06-20T11:23:44.403Z
4242,43,src/gitlab/provider.zig,provider.extractContentLength,reference,122,m2-closure-0.1,2026-06-20T11:23:44.401Z
4242,43,src/gitlab/provider.zig,provider.git_libgit2_init,modify,8,m2-closure-0.1,2026-06-20T11:23:44.407Z
4242,43,src/gitlab/provider.zig,provider.git_libgit2_init,reference,8,m2-closure-0.1,2026-06-20T11:23:44.396Z
4242,43,src/gitlab/provider.zig,provider.git_libgit2_shutdown,modify,8,m2-closure-0.1,2026-06-20T11:23:44.407Z
4242,43,src/gitlab/provider.zig,provider.git_libgit2_shutdown,reference,8,m2-closure-0.1,2026-06-20T11:23:44.408Z
4242,43,src/gitlab/provider.zig,provider.gitlab,modify,8,m2-closure-0.1,2026-06-20T11:23:44.401Z
4242,43,src/gitlab/provider.zig,provider.gitlab,reference,8,m2-closure-0.1,2026-06-20T11:23:44.402Z
4242,43,src/gitlab/provider.zig,provider.gitlab,transitive,8,m2-closure-0.1,2026-06-20T11:23:44.403Z
4242,43,src/gitlab/provider.zig,provider.gitlabRegistryFactory,modify,63,m2-closure-0.1,2026-06-20T11:23:44.406Z
4242,43,src/gitlab/provider.zig,provider.gitlabRegistryFactory,reference,63,m2-closure-0.1,2026-06-20T11:23:44.395Z
4242,43,src/gitlab/provider.zig,provider.gitlab_matrix,modify,130,m2-closure-0.1,2026-06-20T11:23:44.405Z
4242,43,src/gitlab/provider.zig,provider.gitlab_matrix,reference,130,m2-closure-0.1,2026-06-20T11:23:44.397Z
4242,43,src/gitlab/provider.zig,provider.gitlab_matrix,transitive,130,m2-closure-0.1,2026-06-20T11:23:44.409Z
4242,43,src/gitlab/provider.zig,provider.http_mod,modify,8,m2-closure-0.1,2026-06-20T11:23:44.398Z
4242,43,src/gitlab/provider.zig,provider.http_mod,reference,8,m2-closure-0.1,2026-06-20T11:23:44.403Z
4242,43,src/gitlab/provider.zig,provider.http_mod,transitive,8,m2-closure-0.1,2026-06-20T11:23:44.399Z
4242,43,src/gitlab/provider.zig,provider.mapClientError,modify,400,m2-closure-0.1,2026-06-20T11:23:44.408Z
4242,43,src/gitlab/provider.zig,provider.mapClientError,reference,400,m2-closure-0.1,2026-06-20T11:23:44.408Z
4242,43,src/gitlab/provider.zig,provider.mapClientError,transitive,400,m2-closure-0.1,2026-06-20T11:23:44.404Z
4242,43,src/gitlab/provider.zig,provider.mkdir,modify,21,m2-closure-0.1,2026-06-20T11:23:44.398Z
4242,43,src/gitlab/provider.zig,provider.mkdir,reference,21,m2-closure-0.1,2026-06-20T11:23:44.399Z
4242,43,src/gitlab/provider.zig,provider.notImplementedPushVtable,modify,25,m2-closure-0.1,2026-06-20T11:23:44.407Z
4242,43,src/gitlab/provider.zig,provider.notImplementedPushVtable,reference,25,m2-closure-0.1,2026-06-20T11:23:44.397Z
4242,43,src/gitlab/provider.zig,provider.notImplementedVtable,modify,16,m2-closure-0.1,2026-06-20T11:23:44.403Z
4242,43,src/gitlab/provider.zig,provider.notImplementedVtable,reference,16,m2-closure-0.1,2026-06-20T11:23:44.403Z
4242,43,src/gitlab/provider.zig,provider.opKind,modify,7,m2-closure-0.1,2026-06-20T11:23:44.406Z
4242,43,src/gitlab/provider.zig,provider.opKind,reference,7,m2-closure-0.1,2026-06-20T11:23:44.403Z
4242,43,src/gitlab/provider.zig,provider.opKind,transitive,7,m2-closure-0.1,2026-06-20T11:23:44.403Z
4242,43,src/gitlab/provider.zig,provider.provider,modify,8,m2-closure-0.1,2026-06-20T11:23:44.397Z
4242,43,src/gitlab/provider.zig,provider.provider,reference,8,m2-closure-0.1,2026-06-20T11:23:44.400Z
4242,43,src/gitlab/provider.zig,provider.provider,transitive,8,m2-closure-0.1,2026-06-20T11:23:44.396Z
4242,43,src/gitlab/provider.zig,provider.setenv,modify,31,m2-closure-0.1,2026-06-20T11:23:44.400Z
4242,43,src/gitlab/provider.zig,provider.setenv,reference,31,m2-closure-0.1,2026-06-20T11:23:44.394Z
4242,43,src/gitlab/provider.zig,provider.singleShotServer,modify,404,m2-closure-0.1,2026-06-20T11:23:44.398Z
4242,43,src/gitlab/provider.zig,provider.singleShotServer,reference,404,m2-closure-0.1,2026-06-20T11:23:44.405Z
4242,43,src/gitlab/provider.zig,provider.std,modify,8,m2-closure-0.1,2026-06-20T11:23:44.409Z
4242,43,src/gitlab/provider.zig,provider.std,reference,8,m2-closure-0.1,2026-06-20T11:23:44.409Z
4242,43,src/gitlab/provider.zig,provider.std,transitive,8,m2-closure-0.1,2026-06-20T11:23:44.399Z
4242,43,src/gitlab/provider.zig,provider.stubSleepNs,modify,94,m2-closure-0.1,2026-06-20T11:23:44.402Z
4242,43,src/gitlab/provider.zig,provider.stubSleepNs,reference,94,m2-closure-0.1,2026-06-20T11:23:44.406Z
4242,43,src/gitlab/provider.zig,provider.testHttpClient,modify,45,m2-closure-0.1,2026-06-20T11:23:44.408Z
4242,43,src/gitlab/provider.zig,provider.testHttpClient,reference,45,m2-closure-0.1,2026-06-20T11:23:44.403Z
4242,43,src/gitlab/provider.zig,provider.unsetenv,modify,17,m2-closure-0.1,2026-06-20T11:23:44.405Z
4242,43,src/gitlab/provider.zig,provider.unsetenv,reference,17,m2-closure-0.1,2026-06-20T11:23:44.403Z
4242,43,src/http.zig,http.Allocator,transitive,9,m2-closure-0.1,2026-06-20T11:23:44.397Z
4242,43,src/http.zig,http.Client,reference,940,m2-closure-0.1,2026-06-20T11:23:44.406Z
4242,43,src/http.zig,http.Client,transitive,940,m2-closure-0.1,2026-06-20T11:23:44.409Z
4242,43,src/http.zig,http.Client.allocator,transitive,940,m2-closure-0.1,2026-06-20T11:23:44.402Z
4242,43,src/http.zig,http.Client.bucket,transitive,940,m2-closure-0.1,2026-06-20T11:23:44.403Z
4242,43,src/http.zig,http.Client.doRequest,transitive,940,m2-closure-0.1,2026-06-20T11:23:44.401Z
4242,43,src/http.zig,http.Client.inner,transitive,940,m2-closure-0.1,2026-06-20T11:23:44.398Z
4242,43,src/http.zig,http.Client.io,transitive,940,m2-closure-0.1,2026-06-20T11:23:44.397Z
4242,43,src/http.zig,http.Client.opts,transitive,940,m2-closure-0.1,2026-06-20T11:23:44.395Z
4242,43,src/http.zig,http.Client.sendWithRetry,transitive,940,m2-closure-0.1,2026-06-20T11:23:44.404Z
4242,43,src/http.zig,http.ClientOpts,transitive,44,m2-closure-0.1,2026-06-20T11:23:44.394Z
4242,43,src/http.zig,http.Header,transitive,22,m2-closure-0.1,2026-06-20T11:23:44.396Z
4242,43,src/http.zig,http.Io,transitive,7,m2-closure-0.1,2026-06-20T11:23:44.396Z
4242,43,src/http.zig,http.Request,transitive,41,m2-closure-0.1,2026-06-20T11:23:44.395Z
4242,43,src/http.zig,http.Response,transitive,107,m2-closure-0.1,2026-06-20T11:23:44.408Z
4242,43,src/http.zig,http.TokenBucket,transitive,318,m2-closure-0.1,2026-06-20T11:23:44.403Z
4242,43,src/http.zig,http.TokenBucket.init,transitive,318,m2-closure-0.1,2026-06-20T11:23:44.407Z
4242,43,src/http.zig,http.retryAfterNs,transitive,51,m2-closure-0.1,2026-06-20T11:23:44.404Z
4242,43,src/http.zig,http.sleepNs,transitive,94,m2-closure-0.1,2026-06-20T11:23:44.403Z
4242,43,src/http.zig,http.std,transitive,8,m2-closure-0.1,2026-06-20T11:23:44.403Z
4242,43,src/log.zig,log.emitKvToStderr,transitive,145,m2-closure-0.1,2026-06-20T11:23:44.407Z
4242,43,src/log.zig,log.errKv,reference,28,m2-closure-0.1,2026-06-20T11:23:44.400Z
4242,43,src/log.zig,log.info,transitive,29,m2-closure-0.1,2026-06-20T11:23:44.399Z
4242,43,src/manifest.zig,manifest.FleetManifest,reference,40,m2-closure-0.1,2026-06-20T11:23:44.405Z
4242,43,src/manifest.zig,manifest.FleetMeta,transitive,22,m2-closure-0.1,2026-06-20T11:23:44.397Z
4242,43,src/manifest.zig,manifest.ParseResult,transitive,19,m2-closure-0.1,2026-06-20T11:23:44.405Z
4242,43,src/manifest.zig,manifest.Policies,transitive,20,m2-closure-0.1,2026-06-20T11:23:44.395Z
4242,43,src/manifest.zig,manifest.PolicyBundle,reference,19,m2-closure-0.1,2026-06-20T11:23:44.402Z
4242,43,src/manifest.zig,manifest.ProviderConfig,reference,27,m2-closure-0.1,2026-06-20T11:23:44.400Z
4242,43,src/manifest.zig,manifest.Repo,reference,95,m2-closure-0.1,2026-06-20T11:23:44.400Z
4242,43,src/manifest.zig,manifest.Template,reference,15,m2-closure-0.1,2026-06-20T11:23:44.409Z
4242,43,src/manifest.zig,manifest.Template,transitive,15,m2-closure-0.1,2026-06-20T11:23:44.408Z
4242,43,src/manifest.zig,manifest.parse,reference,106,m2-closure-0.1,2026-06-20T11:23:44.404Z
4242,43,src/manifest.zig,manifest.parseImpl,transitive,2522,m2-closure-0.1,2026-06-20T11:23:44.401Z
4242,43,src/manifest.zig,manifest.std,transitive,8,m2-closure-0.1,2026-06-20T11:23:44.401Z
4242,43,src/output.zig,output.Io,transitive,7,m2-closure-0.1,2026-06-20T11:23:44.406Z
4242,43,src/output.zig,output.printJson,reference,45,m2-closure-0.1,2026-06-20T11:23:44.395Z
4242,43,src/output.zig,output.std,transitive,8,m2-closure-0.1,2026-06-20T11:23:44.409Z
4242,43,src/planner.zig,planner.ActionKind,modify,15,m2-closure-0.1,2026-06-20T11:23:44.399Z
4242,43,src/planner.zig,planner.ActionKind,reference,15,m2-closure-0.1,2026-06-20T11:23:44.403Z
4242,43,src/planner.zig,planner.ActionKind,transitive,15,m2-closure-0.1,2026-06-20T11:23:44.395Z
4242,43,src/planner.zig,planner.ActionKind.create,reference,15,m2-closure-0.1,2026-06-20T11:23:44.397Z
4242,43,src/planner.zig,planner.ActionKind.delete,reference,15,m2-closure-0.1,2026-06-20T11:23:44.409Z
4242,43,src/planner.zig,planner.ActionKind.no_op,reference,15,m2-closure-0.1,2026-06-20T11:23:44.401Z
4242,43,src/planner.zig,planner.ActionKind.update,reference,15,m2-closure-0.1,2026-06-20T11:23:44.400Z
4242,43,src/planner.zig,planner.ExtensionOp,modify,46,m2-closure-0.1,2026-06-20T11:23:44.403Z
4242,43,src/planner.zig,planner.ExtensionOp,reference,46,m2-closure-0.1,2026-06-20T11:23:44.398Z
4242,43,src/planner.zig,planner.ExtensionOpKind,modify,33,m2-closure-0.1,2026-06-20T11:23:44.396Z
4242,43,src/planner.zig,planner.ExtensionOpKind,reference,33,m2-closure-0.1,2026-06-20T11:23:44.399Z
4242,43,src/planner.zig,planner.ExtensionOpKind,transitive,33,m2-closure-0.1,2026-06-20T11:23:44.398Z
4242,43,src/planner.zig,planner.JsonBranchProtection,modify,31,m2-closure-0.1,2026-06-20T11:23:44.407Z
4242,43,src/planner.zig,planner.JsonBranchProtection,reference,31,m2-closure-0.1,2026-06-20T11:23:44.401Z
4242,43,src/planner.zig,planner.JsonCI,modify,14,m2-closure-0.1,2026-06-20T11:23:44.406Z
4242,43,src/planner.zig,planner.JsonCI,reference,14,m2-closure-0.1,2026-06-20T11:23:44.404Z
4242,43,src/planner.zig,planner.JsonCollaborator,modify,21,m2-closure-0.1,2026-06-20T11:23:44.395Z
4242,43,src/planner.zig,planner.JsonCollaborator,reference,21,m2-closure-0.1,2026-06-20T11:23:44.407Z
4242,43,src/planner.zig,planner.JsonWebhookEntry,modify,57,m2-closure-0.1,2026-06-20T11:23:44.397Z
4242,43,src/planner.zig,planner.JsonWebhookEntry,reference,57,m2-closure-0.1,2026-06-20T11:23:44.403Z
4242,43,src/planner.zig,planner.ObservedExtensionSettings,modify,47,m2-closure-0.1,2026-06-20T11:23:44.405Z
4242,43,src/planner.zig,planner.ObservedExtensionSettings,reference,47,m2-closure-0.1,2026-06-20T11:23:44.401Z
4242,43,src/planner.zig,planner.ObservedExtensionSettings,transitive,47,m2-closure-0.1,2026-06-20T11:23:44.405Z
4242,43,src/planner.zig,planner.Plan,modify,46,m2-closure-0.1,2026-06-20T11:23:44.397Z
4242,43,src/planner.zig,planner.Plan,reference,46,m2-closure-0.1,2026-06-20T11:23:44.398Z
4242,43,src/planner.zig,planner.Plan,transitive,46,m2-closure-0.1,2026-06-20T11:23:44.401Z
4242,43,src/planner.zig,planner.PlanAction,modify,74,m2-closure-0.1,2026-06-20T11:23:44.404Z
4242,43,src/planner.zig,planner.PlanAction,reference,74,m2-closure-0.1,2026-06-20T11:23:44.399Z
4242,43,src/planner.zig,planner.PlanSummary,modify,28,m2-closure-0.1,2026-06-20T11:23:44.409Z
4242,43,src/planner.zig,planner.PlanSummary,reference,28,m2-closure-0.1,2026-06-20T11:23:44.401Z
4242,43,src/planner.zig,planner.cache_mod,modify,8,m2-closure-0.1,2026-06-20T11:23:44.403Z
4242,43,src/planner.zig,planner.cache_mod,reference,8,m2-closure-0.1,2026-06-20T11:23:44.408Z
4242,43,src/planner.zig,planner.cache_mod,transitive,8,m2-closure-0.1,2026-06-20T11:23:44.397Z
4242,43,src/planner.zig,planner.capabilityMatrixFor,modify,428,m2-closure-0.1,2026-06-20T11:23:44.400Z
4242,43,src/planner.zig,planner.capabilityMatrixFor,reference,428,m2-closure-0.1,2026-06-20T11:23:44.395Z
4242,43,src/planner.zig,planner.capabilityMatrixFor,transitive,428,m2-closure-0.1,2026-06-20T11:23:44.407Z
4242,43,src/planner.zig,planner.deriveOwner,modify,163,m2-closure-0.1,2026-06-20T11:23:44.397Z
4242,43,src/planner.zig,planner.deriveOwner,reference,163,m2-closure-0.1,2026-06-20T11:23:44.408Z
4242,43,src/planner.zig,planner.deriveOwner,transitive,163,m2-closure-0.1,2026-06-20T11:23:44.399Z
4242,43,src/planner.zig,planner.makeManifest,modify,333,m2-closure-0.1,2026-06-20T11:23:44.398Z
4242,43,src/planner.zig,planner.makeManifest,reference,333,m2-closure-0.1,2026-06-20T11:23:44.409Z
4242,43,src/planner.zig,planner.makeManifestWithExtensions,modify,399,m2-closure-0.1,2026-06-20T11:23:44.400Z
4242,43,src/planner.zig,planner.makeManifestWithExtensions,reference,399,m2-closure-0.1,2026-06-20T11:23:44.398Z
4242,43,src/planner.zig,planner.makeObserved,modify,192,m2-closure-0.1,2026-06-20T11:23:44.405Z
4242,43,src/planner.zig,planner.makeObserved,reference,192,m2-closure-0.1,2026-06-20T11:23:44.409Z
4242,43,src/planner.zig,planner.makeObservedExt,modify,179,m2-closure-0.1,2026-06-20T11:23:44.401Z
4242,43,src/planner.zig,planner.makeObservedExt,reference,179,m2-closure-0.1,2026-06-20T11:23:44.395Z
4242,43,src/planner.zig,planner.manifest,modify,8,m2-closure-0.1,2026-06-20T11:23:44.404Z
4242,43,src/planner.zig,planner.manifest,reference,8,m2-closure-0.1,2026-06-20T11:23:44.404Z
4242,43,src/planner.zig,planner.manifest,transitive,8,m2-closure-0.1,2026-06-20T11:23:44.400Z
4242,43,src/planner.zig,planner.op_kind_create,modify,11,m2-closure-0.1,2026-06-20T11:23:44.395Z
4242,43,src/planner.zig,planner.op_kind_create,reference,11,m2-closure-0.1,2026-06-20T11:23:44.403Z
4242,43,src/planner.zig,planner.op_kind_create,transitive,11,m2-closure-0.1,2026-06-20T11:23:44.394Z
4242,43,src/planner.zig,planner.op_kind_delete,modify,11,m2-closure-0.1,2026-06-20T11:23:44.404Z
4242,43,src/planner.zig,planner.op_kind_delete,reference,11,m2-closure-0.1,2026-06-20T11:23:44.408Z
4242,43,src/planner.zig,planner.op_kind_delete,transitive,11,m2-closure-0.1,2026-06-20T11:23:44.407Z
4242,43,src/planner.zig,planner.op_kind_no_op,modify,11,m2-closure-0.1,2026-06-20T11:23:44.406Z
4242,43,src/planner.zig,planner.op_kind_no_op,reference,11,m2-closure-0.1,2026-06-20T11:23:44.401Z
4242,43,src/planner.zig,planner.op_kind_no_op,transitive,11,m2-closure-0.1,2026-06-20T11:23:44.406Z
4242,43,src/planner.zig,planner.op_kind_update,modify,11,m2-closure-0.1,2026-06-20T11:23:44.395Z
4242,43,src/planner.zig,planner.op_kind_update,reference,11,m2-closure-0.1,2026-06-20T11:23:44.399Z
4242,43,src/planner.zig,planner.op_kind_update,transitive,11,m2-closure-0.1,2026-06-20T11:23:44.403Z
4242,43,src/planner.zig,planner.plan,modify,53,m2-closure-0.1,2026-06-20T11:23:44.398Z
4242,43,src/planner.zig,planner.plan,reference,53,m2-closure-0.1,2026-06-20T11:23:44.404Z
4242,43,src/planner.zig,planner.planBranchProtectionDrift,modify,1015,m2-closure-0.1,2026-06-20T11:23:44.401Z
4242,43,src/planner.zig,planner.planBranchProtectionDrift,reference,1015,m2-closure-0.1,2026-06-20T11:23:44.406Z
4242,43,src/planner.zig,planner.planCIDrift,modify,484,m2-closure-0.1,2026-06-20T11:23:44.401Z
4242,43,src/planner.zig,planner.planCIDrift,reference,484,m2-closure-0.1,2026-06-20T11:23:44.409Z
4242,43,src/planner.zig,planner.planCollaboratorsDrift,modify,402,m2-closure-0.1,2026-06-20T11:23:44.399Z
4242,43,src/planner.zig,planner.planCollaboratorsDrift,reference,402,m2-closure-0.1,2026-06-20T11:23:44.400Z
4242,43,src/planner.zig,planner.planExtensionField,modify,465,m2-closure-0.1,2026-06-20T11:23:44.398Z
4242,43,src/planner.zig,planner.planExtensionField,reference,465,m2-closure-0.1,2026-06-20T11:23:44.402Z
4242,43,src/planner.zig,planner.planExtensionField,transitive,465,m2-closure-0.1,2026-06-20T11:23:44.398Z
4242,43,src/planner.zig,planner.planWebhooksDrift,modify,407,m2-closure-0.1,2026-06-20T11:23:44.402Z
4242,43,src/planner.zig,planner.planWebhooksDrift,reference,407,m2-closure-0.1,2026-06-20T11:23:44.394Z
4242,43,src/planner.zig,planner.planWithExtensions,modify,1094,m2-closure-0.1,2026-06-20T11:23:44.401Z
4242,43,src/planner.zig,planner.planWithExtensions,reference,1094,m2-closure-0.1,2026-06-20T11:23:44.397Z
4242,43,src/planner.zig,planner.provider_mod,modify,8,m2-closure-0.1,2026-06-20T11:23:44.404Z
4242,43,src/planner.zig,planner.provider_mod,reference,8,m2-closure-0.1,2026-06-20T11:23:44.403Z
4242,43,src/planner.zig,planner.provider_mod,transitive,8,m2-closure-0.1,2026-06-20T11:23:44.400Z
4242,43,src/planner.zig,planner.std,modify,8,m2-closure-0.1,2026-06-20T11:23:44.406Z
4242,43,src/planner.zig,planner.std,reference,8,m2-closure-0.1,2026-06-20T11:23:44.403Z
4242,43,src/planner.zig,planner.std,transitive,8,m2-closure-0.1,2026-06-20T11:23:44.405Z
4242,43,src/planner.zig,planner.testing,modify,7,m2-closure-0.1,2026-06-20T11:23:44.397Z
4242,43,src/planner.zig,planner.testing,reference,7,m2-closure-0.1,2026-06-20T11:23:44.398Z
4242,43,src/provider.zig,provider.AddCollaboratorParams,modify,29,m2-closure-0.1,2026-06-20T11:23:44.395Z
4242,43,src/provider.zig,provider.AddCollaboratorParams,reference,29,m2-closure-0.1,2026-06-20T11:23:44.399Z
4242,43,src/provider.zig,provider.BranchProtectionRule,modify,57,m2-closure-0.1,2026-06-20T11:23:44.402Z
4242,43,src/provider.zig,provider.BranchProtectionRule,reference,57,m2-closure-0.1,2026-06-20T11:23:44.405Z
4242,43,src/provider.zig,provider.BranchProtectionRule,transitive,57,m2-closure-0.1,2026-06-20T11:23:44.400Z
4242,43,src/provider.zig,provider.BranchProtectionVTable,modify,63,m2-closure-0.1,2026-06-20T11:23:44.409Z
4242,43,src/provider.zig,provider.BranchProtectionVTable,reference,63,m2-closure-0.1,2026-06-20T11:23:44.405Z
4242,43,src/provider.zig,provider.BranchRestrictions,modify,36,m2-closure-0.1,2026-06-20T11:23:44.398Z
4242,43,src/provider.zig,provider.BranchRestrictions,reference,36,m2-closure-0.1,2026-06-20T11:23:44.395Z
4242,43,src/provider.zig,provider.CIVTable,modify,63,m2-closure-0.1,2026-06-20T11:23:44.406Z
4242,43,src/provider.zig,provider.CIVTable,reference,63,m2-closure-0.1,2026-06-20T11:23:44.408Z
4242,43,src/provider.zig,provider.CapabilityKey,modify,50,m2-closure-0.1,2026-06-20T11:23:44.395Z
4242,43,src/provider.zig,provider.CapabilityKey,reference,50,m2-closure-0.1,2026-06-20T11:23:44.402Z
4242,43,src/provider.zig,provider.CapabilityMatrix.archive_repo,reference,379,m2-closure-0.1,2026-06-20T11:23:44.405Z
4242,43,src/provider.zig,provider.CapabilityMatrix.branch_protection_enforce_admins,reference,379,m2-closure-0.1,2026-06-20T11:23:44.397Z
4242,43,src/provider.zig,provider.CapabilityMatrix.branch_protection_required_reviews,reference,379,m2-closure-0.1,2026-06-20T11:23:44.403Z
4242,43,src/provider.zig,provider.CapabilityMatrix.branch_protection_required_status_checks,reference,379,m2-closure-0.1,2026-06-20T11:23:44.406Z
4242,43,src/provider.zig,provider.CapabilityMatrix.branch_protection_restrictions,reference,379,m2-closure-0.1,2026-06-20T11:23:44.408Z
4242,43,src/provider.zig,provider.CapabilityMatrix.ci_get_enabled,reference,379,m2-closure-0.1,2026-06-20T11:23:44.400Z
4242,43,src/provider.zig,provider.CapabilityMatrix.ci_set_enabled,reference,379,m2-closure-0.1,2026-06-20T11:23:44.402Z
4242,43,src/provider.zig,provider.CapabilityMatrix.collaborators_add,reference,379,m2-closure-0.1,2026-06-20T11:23:44.396Z
4242,43,src/provider.zig,provider.CapabilityMatrix.collaborators_list,reference,379,m2-closure-0.1,2026-06-20T11:23:44.398Z
4242,43,src/provider.zig,provider.CapabilityMatrix.collaborators_remove,reference,379,m2-closure-0.1,2026-06-20T11:23:44.398Z
4242,43,src/provider.zig,provider.CapabilityMatrix.create_repo,reference,379,m2-closure-0.1,2026-06-20T11:23:44.404Z
4242,43,src/provider.zig,provider.CapabilityMatrix.delete_repo,reference,379,m2-closure-0.1,2026-06-20T11:23:44.394Z
4242,43,src/provider.zig,provider.CapabilityMatrix.entries,reference,379,m2-closure-0.1,2026-06-20T11:23:44.401Z
4242,43,src/provider.zig,provider.CapabilityMatrix.field_count,reference,379,m2-closure-0.1,2026-06-20T11:23:44.406Z
4242,43,src/provider.zig,provider.CapabilityMatrix.get,reference,379,m2-closure-0.1,2026-06-20T11:23:44.396Z
4242,43,src/provider.zig,provider.CapabilityMatrix.host_mgmt,reference,379,m2-closure-0.1,2026-06-20T11:23:44.395Z
4242,43,src/provider.zig,provider.CapabilityMatrix.list_repos,reference,379,m2-closure-0.1,2026-06-20T11:23:44.401Z
4242,43,src/provider.zig,provider.CapabilityMatrix.push_initial_commit,reference,379,m2-closure-0.1,2026-06-20T11:23:44.395Z
4242,43,src/provider.zig,provider.CapabilityMatrix.set_default_branch,reference,379,m2-closure-0.1,2026-06-20T11:23:44.405Z
4242,43,src/provider.zig,provider.CapabilityMatrix.webhooks_create,reference,379,m2-closure-0.1,2026-06-20T11:23:44.396Z
4242,43,src/provider.zig,provider.CapabilityMatrix.webhooks_delete,reference,379,m2-closure-0.1,2026-06-20T11:23:44.399Z
4242,43,src/provider.zig,provider.CapabilityMatrix.webhooks_list,reference,379,m2-closure-0.1,2026-06-20T11:23:44.395Z
4242,43,src/provider.zig,provider.CapabilityMatrix.webhooks_update,reference,379,m2-closure-0.1,2026-06-20T11:23:44.394Z
4242,43,src/provider.zig,provider.CollaboratorRole,modify,23,m2-closure-0.1,2026-06-20T11:23:44.409Z
4242,43,src/provider.zig,provider.CollaboratorRole,reference,23,m2-closure-0.1,2026-06-20T11:23:44.396Z
4242,43,src/provider.zig,provider.CollaboratorVTable,modify,91,m2-closure-0.1,2026-06-20T11:23:44.399Z
4242,43,src/provider.zig,provider.CollaboratorVTable,reference,91,m2-closure-0.1,2026-06-20T11:23:44.405Z
4242,43,src/provider.zig,provider.CreateWebhookParams,modify,63,m2-closure-0.1,2026-06-20T11:23:44.399Z
4242,43,src/provider.zig,provider.CreateWebhookParams,reference,63,m2-closure-0.1,2026-06-20T11:23:44.402Z
4242,43,src/provider.zig,provider.DeleteWebhookParams,modify,24,m2-closure-0.1,2026-06-20T11:23:44.405Z
4242,43,src/provider.zig,provider.DeleteWebhookParams,reference,24,m2-closure-0.1,2026-06-20T11:23:44.396Z
4242,43,src/provider.zig,provider.GetBranchProtectionParams,modify,24,m2-closure-0.1,2026-06-20T11:23:44.399Z
4242,43,src/provider.zig,provider.GetBranchProtectionParams,reference,24,m2-closure-0.1,2026-06-20T11:23:44.400Z
4242,43,src/provider.zig,provider.GetCIEnabledParams,modify,16,m2-closure-0.1,2026-06-20T11:23:44.395Z
4242,43,src/provider.zig,provider.GetCIEnabledParams,reference,16,m2-closure-0.1,2026-06-20T11:23:44.403Z
4242,43,src/provider.zig,provider.HostMgmtVTable,modify,83,m2-closure-0.1,2026-06-20T11:23:44.404Z
4242,43,src/provider.zig,provider.HostMgmtVTable,reference,83,m2-closure-0.1,2026-06-20T11:23:44.402Z
4242,43,src/provider.zig,provider.KernelOp,modify,20,m2-closure-0.1,2026-06-20T11:23:44.394Z
4242,43,src/provider.zig,provider.KernelOp,reference,20,m2-closure-0.1,2026-06-20T11:23:44.394Z
4242,43,src/provider.zig,provider.ListCollaboratorsParams,modify,16,m2-closure-0.1,2026-06-20T11:23:44.395Z
4242,43,src/provider.zig,provider.ListCollaboratorsParams,reference,16,m2-closure-0.1,2026-06-20T11:23:44.400Z
4242,43,src/provider.zig,provider.ListWebhooksParams,modify,16,m2-closure-0.1,2026-06-20T11:23:44.404Z
4242,43,src/provider.zig,provider.ListWebhooksParams,reference,16,m2-closure-0.1,2026-06-20T11:23:44.396Z
4242,43,src/provider.zig,provider.ObservedCollaborator,modify,21,m2-closure-0.1,2026-06-20T11:23:44.402Z
4242,43,src/provider.zig,provider.ObservedWebhook,modify,51,m2-closure-0.1,2026-06-20T11:23:44.406Z
4242,43,src/provider.zig,provider.OpErrorKind.api_error,reference,27,m2-closure-0.1,2026-06-20T11:23:44.401Z
4242,43,src/provider.zig,provider.OpErrorKind.not_found,reference,27,m2-closure-0.1,2026-06-20T11:23:44.398Z
4242,43,src/provider.zig,provider.OpErrorKind.other,reference,27,m2-closure-0.1,2026-06-20T11:23:44.396Z
4242,43,src/provider.zig,provider.OpErrorKind.unsupported,reference,27,m2-closure-0.1,2026-06-20T11:23:44.405Z
4242,43,src/provider.zig,provider.OpKind.irreversible,reference,12,m2-closure-0.1,2026-06-20T11:23:44.399Z
4242,43,src/provider.zig,provider.OpKind.reversible,reference,12,m2-closure-0.1,2026-06-20T11:23:44.408Z
4242,43,src/provider.zig,provider.OpKinds.archive_repo,reference,80,m2-closure-0.1,2026-06-20T11:23:44.406Z
4242,43,src/provider.zig,provider.OpKinds.archive_repo,transitive,80,m2-closure-0.1,2026-06-20T11:23:44.407Z
4242,43,src/provider.zig,provider.OpKinds.create_repo,reference,80,m2-closure-0.1,2026-06-20T11:23:44.402Z
4242,43,src/provider.zig,provider.OpKinds.create_repo,transitive,80,m2-closure-0.1,2026-06-20T11:23:44.408Z
4242,43,src/provider.zig,provider.OpKinds.delete_repo,reference,80,m2-closure-0.1,2026-06-20T11:23:44.403Z
4242,43,src/provider.zig,provider.OpKinds.delete_repo,transitive,80,m2-closure-0.1,2026-06-20T11:23:44.397Z
4242,43,src/provider.zig,provider.OpKinds.list_repos,reference,80,m2-closure-0.1,2026-06-20T11:23:44.397Z
4242,43,src/provider.zig,provider.OpKinds.list_repos,transitive,80,m2-closure-0.1,2026-06-20T11:23:44.404Z
4242,43,src/provider.zig,provider.OpKinds.push_initial_commit,reference,80,m2-closure-0.1,2026-06-20T11:23:44.396Z
4242,43,src/provider.zig,provider.OpKinds.push_initial_commit,transitive,80,m2-closure-0.1,2026-06-20T11:23:44.395Z
4242,43,src/provider.zig,provider.OpKinds.set_default_branch,reference,80,m2-closure-0.1,2026-06-20T11:23:44.402Z
4242,43,src/provider.zig,provider.OpKinds.set_default_branch,transitive,80,m2-closure-0.1,2026-06-20T11:23:44.409Z
4242,43,src/provider.zig,provider.Provider.ctx,reference,244,m2-closure-0.1,2026-06-20T11:23:44.396Z
4242,43,src/provider.zig,provider.Provider.matrix,reference,244,m2-closure-0.1,2026-06-20T11:23:44.394Z
4242,43,src/provider.zig,provider.Provider.pushInitialCommit,reference,244,m2-closure-0.1,2026-06-20T11:23:44.407Z
4242,43,src/provider.zig,provider.Provider.vtable,reference,244,m2-closure-0.1,2026-06-20T11:23:44.399Z
4242,43,src/provider.zig,provider.PushInitialCommitParams,modify,41,m2-closure-0.1,2026-06-20T11:23:44.404Z
4242,43,src/provider.zig,provider.PushInitialCommitParams,reference,41,m2-closure-0.1,2026-06-20T11:23:44.395Z
4242,43,src/provider.zig,provider.RemoveCollaboratorParams,modify,24,m2-closure-0.1,2026-06-20T11:23:44.400Z
4242,43,src/provider.zig,provider.RemoveCollaboratorParams,reference,24,m2-closure-0.1,2026-06-20T11:23:44.402Z
4242,43,src/provider.zig,provider.SetBranchProtectionParams,modify,23,m2-closure-0.1,2026-06-20T11:23:44.401Z
4242,43,src/provider.zig,provider.SetBranchProtectionParams,reference,23,m2-closure-0.1,2026-06-20T11:23:44.400Z
4242,43,src/provider.zig,provider.SetCIEnabledParams,modify,21,m2-closure-0.1,2026-06-20T11:23:44.410Z
4242,43,src/provider.zig,provider.SetCIEnabledParams,reference,21,m2-closure-0.1,2026-06-20T11:23:44.403Z
4242,43,src/provider.zig,provider.SupportLevel.supported,reference,20,m2-closure-0.1,2026-06-20T11:23:44.404Z
4242,43,src/provider.zig,provider.SupportLevel.unsupported,reference,20,m2-closure-0.1,2026-06-20T11:23:44.395Z
4242,43,src/provider.zig,provider.UpdateWebhookParams,modify,68,m2-closure-0.1,2026-06-20T11:23:44.407Z
4242,43,src/provider.zig,provider.UpdateWebhookParams,reference,68,m2-closure-0.1,2026-06-20T11:23:44.400Z
4242,43,src/provider.zig,provider.WebhookVTable,modify,119,m2-closure-0.1,2026-06-20T11:23:44.395Z
4242,43,src/provider.zig,provider.WebhookVTable,reference,119,m2-closure-0.1,2026-06-20T11:23:44.402Z
4242,43,src/provider/fake.zig,fake.CallEntry,modify,12,m2-closure-0.1,2026-06-20T11:23:44.406Z
4242,43,src/provider/fake.zig,fake.CallEntry,reference,12,m2-closure-0.1,2026-06-20T11:23:44.396Z
4242,43,src/provider/fake.zig,fake.CallEntry,transitive,12,m2-closure-0.1,2026-06-20T11:23:44.399Z
4242,43,src/provider/fake.zig,fake.CapabilityMatrix,modify,7,m2-closure-0.1,2026-06-20T11:23:44.403Z
4242,43,src/provider/fake.zig,fake.CapabilityMatrix,reference,7,m2-closure-0.1,2026-06-20T11:23:44.400Z
4242,43,src/provider/fake.zig,fake.CapabilityMatrix,transitive,7,m2-closure-0.1,2026-06-20T11:23:44.405Z
4242,43,src/provider/fake.zig,fake.FailConfig,modify,44,m2-closure-0.1,2026-06-20T11:23:44.405Z
4242,43,src/provider/fake.zig,fake.FailConfig,reference,44,m2-closure-0.1,2026-06-20T11:23:44.402Z
4242,43,src/provider/fake.zig,fake.FailConfig,transitive,44,m2-closure-0.1,2026-06-20T11:23:44.406Z
4242,43,src/provider/fake.zig,fake.FakeProvider,modify,783,m2-closure-0.1,2026-06-20T11:23:44.406Z
4242,43,src/provider/fake.zig,fake.FakeProvider,reference,783,m2-closure-0.1,2026-06-20T11:23:44.399Z
4242,43,src/provider/fake.zig,fake.FakeProvider.allocator,reference,783,m2-closure-0.1,2026-06-20T11:23:44.404Z
4242,43,src/provider/fake.zig,fake.FakeProvider.allocator,transitive,783,m2-closure-0.1,2026-06-20T11:23:44.404Z
4242,43,src/provider/fake.zig,fake.FakeProvider.call_log,reference,783,m2-closure-0.1,2026-06-20T11:23:44.407Z
4242,43,src/provider/fake.zig,fake.FakeProvider.call_log,transitive,783,m2-closure-0.1,2026-06-20T11:23:44.396Z
4242,43,src/provider/fake.zig,fake.FakeProvider.fail_config,reference,783,m2-closure-0.1,2026-06-20T11:23:44.398Z
4242,43,src/provider/fake.zig,fake.FakeProvider.fail_config,transitive,783,m2-closure-0.1,2026-06-20T11:23:44.396Z
4242,43,src/provider/fake.zig,fake.FakeProvider.fleet_toml_repos,reference,783,m2-closure-0.1,2026-06-20T11:23:44.397Z
4242,43,src/provider/fake.zig,fake.FakeProvider.fleet_toml_repos,transitive,783,m2-closure-0.1,2026-06-20T11:23:44.397Z
4242,43,src/provider/fake.zig,fake.FakeProvider.init,reference,783,m2-closure-0.1,2026-06-20T11:23:44.395Z
4242,43,src/provider/fake.zig,fake.FakeProvider.matrix,reference,783,m2-closure-0.1,2026-06-20T11:23:44.398Z
4242,43,src/provider/fake.zig,fake.FakeProvider.matrix,transitive,783,m2-closure-0.1,2026-06-20T11:23:44.406Z
4242,43,src/provider/fake.zig,fake.KernelOp,modify,20,m2-closure-0.1,2026-06-20T11:23:44.401Z
4242,43,src/provider/fake.zig,fake.KernelOp,reference,20,m2-closure-0.1,2026-06-20T11:23:44.409Z
4242,43,src/provider/fake.zig,fake.KernelOp,transitive,20,m2-closure-0.1,2026-06-20T11:23:44.407Z
4242,43,src/provider/fake.zig,fake.OpError,modify,7,m2-closure-0.1,2026-06-20T11:23:44.395Z
4242,43,src/provider/fake.zig,fake.OpErrorKind,modify,7,m2-closure-0.1,2026-06-20T11:23:44.408Z
4242,43,src/provider/fake.zig,fake.OpErrorKind,reference,7,m2-closure-0.1,2026-06-20T11:23:44.409Z
4242,43,src/provider/fake.zig,fake.OpKind,modify,7,m2-closure-0.1,2026-06-20T11:23:44.409Z
4242,43,src/provider/fake.zig,fake.OpKind,reference,7,m2-closure-0.1,2026-06-20T11:23:44.409Z
4242,43,src/provider/fake.zig,fake.OpKind,transitive,7,m2-closure-0.1,2026-06-20T11:23:44.398Z
4242,43,src/provider/fake.zig,fake.OpOutcome,modify,7,m2-closure-0.1,2026-06-20T11:23:44.397Z
4242,43,src/provider/fake.zig,fake.OpOutcome,reference,7,m2-closure-0.1,2026-06-20T11:23:44.396Z
4242,43,src/provider/fake.zig,fake.OpOutcome,transitive,7,m2-closure-0.1,2026-06-20T11:23:44.400Z
4242,43,src/provider/fake.zig,fake.Provider,modify,7,m2-closure-0.1,2026-06-20T11:23:44.409Z
4242,43,src/provider/fake.zig,fake.Provider,reference,7,m2-closure-0.1,2026-06-20T11:23:44.402Z
4242,43,src/provider/fake.zig,fake.Provider,transitive,7,m2-closure-0.1,2026-06-20T11:23:44.395Z
4242,43,src/provider/fake.zig,fake.VTable,modify,7,m2-closure-0.1,2026-06-20T11:23:44.403Z
4242,43,src/provider/fake.zig,fake.VTable,reference,7,m2-closure-0.1,2026-06-20T11:23:44.408Z
4242,43,src/provider/fake.zig,fake.VTable,transitive,7,m2-closure-0.1,2026-06-20T11:23:44.396Z
4242,43,src/provider/fake.zig,fake.kernel_only_matrix,modify,130,m2-closure-0.1,2026-06-20T11:23:44.402Z
4242,43,src/provider/fake.zig,fake.kernel_only_matrix,reference,130,m2-closure-0.1,2026-06-20T11:23:44.400Z
4242,43,src/provider/fake.zig,fake.opKind,modify,7,m2-closure-0.1,2026-06-20T11:23:44.406Z
4242,43,src/provider/fake.zig,fake.opKind,reference,7,m2-closure-0.1,2026-06-20T11:23:44.403Z
4242,43,src/provider/fake.zig,fake.opKind,transitive,7,m2-closure-0.1,2026-06-20T11:23:44.403Z
4242,43,src/provider/fake.zig,fake.provider,modify,8,m2-closure-0.1,2026-06-20T11:23:44.395Z
4242,43,src/provider/fake.zig,fake.provider,reference,8,m2-closure-0.1,2026-06-20T11:23:44.401Z
4242,43,src/provider/fake.zig,fake.std,modify,8,m2-closure-0.1,2026-06-20T11:23:44.400Z
4242,43,src/provider/fake.zig,fake.std,reference,8,m2-closure-0.1,2026-06-20T11:23:44.405Z
4242,43,src/provider/fake.zig,fake.std,transitive,8,m2-closure-0.1,2026-06-20T11:23:44.403Z
4242,43,src/rotate_webhooks.zig,rotate_webhooks.Allocator,modify,9,m2-closure-0.1,2026-06-20T11:23:44.405Z
4242,43,src/rotate_webhooks.zig,rotate_webhooks.Allocator,reference,9,m2-closure-0.1,2026-06-20T11:23:44.403Z
4242,43,src/rotate_webhooks.zig,rotate_webhooks.FakeWebhookCtx,modify,997,m2-closure-0.1,2026-06-20T11:23:44.398Z
4242,43,src/rotate_webhooks.zig,rotate_webhooks.FakeWebhookCtx,reference,997,m2-closure-0.1,2026-06-20T11:23:44.396Z
4242,43,src/rotate_webhooks.zig,rotate_webhooks.FakeWebhookCtx.allocator,reference,997,m2-closure-0.1,2026-06-20T11:23:44.404Z
4242,43,src/rotate_webhooks.zig,rotate_webhooks.FakeWebhookCtx.fail_list,reference,997,m2-closure-0.1,2026-06-20T11:23:44.398Z
4242,43,src/rotate_webhooks.zig,rotate_webhooks.FakeWebhookCtx.fail_update,reference,997,m2-closure-0.1,2026-06-20T11:23:44.406Z
4242,43,src/rotate_webhooks.zig,rotate_webhooks.FakeWebhookCtx.init,reference,997,m2-closure-0.1,2026-06-20T11:23:44.406Z
4242,43,src/rotate_webhooks.zig,rotate_webhooks.FakeWebhookCtx.last_list_repo_id,reference,997,m2-closure-0.1,2026-06-20T11:23:44.402Z
4242,43,src/rotate_webhooks.zig,rotate_webhooks.FakeWebhookCtx.last_list_repo_id_len,reference,997,m2-closure-0.1,2026-06-20T11:23:44.395Z
4242,43,src/rotate_webhooks.zig,rotate_webhooks.FakeWebhookCtx.last_update_repo_id,reference,997,m2-closure-0.1,2026-06-20T11:23:44.405Z
4242,43,src/rotate_webhooks.zig,rotate_webhooks.FakeWebhookCtx.last_update_repo_id_len,reference,997,m2-closure-0.1,2026-06-20T11:23:44.407Z
4242,43,src/rotate_webhooks.zig,rotate_webhooks.FakeWebhookCtx.list_payloads,reference,997,m2-closure-0.1,2026-06-20T11:23:44.407Z
4242,43,src/rotate_webhooks.zig,rotate_webhooks.FakeWebhookCtx.update_calls,reference,997,m2-closure-0.1,2026-06-20T11:23:44.404Z
4242,43,src/rotate_webhooks.zig,rotate_webhooks.FakeWebhookCtx.vtable,reference,997,m2-closure-0.1,2026-06-20T11:23:44.405Z
4242,43,src/rotate_webhooks.zig,rotate_webhooks.FakeWebhookCtx.webhook_ids,reference,997,m2-closure-0.1,2026-06-20T11:23:44.399Z
4242,43,src/rotate_webhooks.zig,rotate_webhooks.Io,modify,7,m2-closure-0.1,2026-06-20T11:23:44.396Z
4242,43,src/rotate_webhooks.zig,rotate_webhooks.Io,reference,7,m2-closure-0.1,2026-06-20T11:23:44.398Z
4242,43,src/rotate_webhooks.zig,rotate_webhooks.RepoRotateOutcome,modify,37,m2-closure-0.1,2026-06-20T11:23:44.402Z
4242,43,src/rotate_webhooks.zig,rotate_webhooks.RepoRotateOutcome,reference,37,m2-closure-0.1,2026-06-20T11:23:44.403Z
4242,43,src/rotate_webhooks.zig,rotate_webhooks.RepoRotateStatus,modify,16,m2-closure-0.1,2026-06-20T11:23:44.397Z
4242,43,src/rotate_webhooks.zig,rotate_webhooks.RepoRotateStatus,reference,16,m2-closure-0.1,2026-06-20T11:23:44.407Z
4242,43,src/rotate_webhooks.zig,rotate_webhooks.RepoRotateStatus.dry_run,reference,16,m2-closure-0.1,2026-06-20T11:23:44.398Z
4242,43,src/rotate_webhooks.zig,rotate_webhooks.RepoRotateStatus.ok,reference,16,m2-closure-0.1,2026-06-20T11:23:44.398Z
4242,43,src/rotate_webhooks.zig,rotate_webhooks.RepoRotateStatus.skipped_unsupported,reference,16,m2-closure-0.1,2026-06-20T11:23:44.399Z
4242,43,src/rotate_webhooks.zig,rotate_webhooks.RotateResult,modify,26,m2-closure-0.1,2026-06-20T11:23:44.405Z
4242,43,src/rotate_webhooks.zig,rotate_webhooks.RotateResult,reference,26,m2-closure-0.1,2026-06-20T11:23:44.400Z
4242,43,src/rotate_webhooks.zig,rotate_webhooks.RotateResult.invalid_filter,reference,26,m2-closure-0.1,2026-06-20T11:23:44.409Z
4242,43,src/rotate_webhooks.zig,rotate_webhooks.RotateResult.missing_to_url,reference,26,m2-closure-0.1,2026-06-20T11:23:44.404Z
4242,43,src/rotate_webhooks.zig,rotate_webhooks.RotateResult.no_match,reference,26,m2-closure-0.1,2026-06-20T11:23:44.398Z
4242,43,src/rotate_webhooks.zig,rotate_webhooks.RotateResult.ok,reference,26,m2-closure-0.1,2026-06-20T11:23:44.402Z
4242,43,src/rotate_webhooks.zig,rotate_webhooks.RotateStubCtx,modify,62,m2-closure-0.1,2026-06-20T11:23:44.409Z
4242,43,src/rotate_webhooks.zig,rotate_webhooks.RotateStubCtx,reference,62,m2-closure-0.1,2026-06-20T11:23:44.407Z
4242,43,src/rotate_webhooks.zig,rotate_webhooks.RotateWebhooksArgs,modify,54,m2-closure-0.1,2026-06-20T11:23:44.401Z
4242,43,src/rotate_webhooks.zig,rotate_webhooks.RotateWebhooksArgs,reference,54,m2-closure-0.1,2026-06-20T11:23:44.395Z
4242,43,src/rotate_webhooks.zig,rotate_webhooks.RotateWebhooksOutput,modify,42,m2-closure-0.1,2026-06-20T11:23:44.399Z
4242,43,src/rotate_webhooks.zig,rotate_webhooks.RotateWebhooksOutput,reference,42,m2-closure-0.1,2026-06-20T11:23:44.407Z
4242,43,src/rotate_webhooks.zig,rotate_webhooks.buildProviderAndRotate,modify,689,m2-closure-0.1,2026-06-20T11:23:44.406Z
4242,43,src/rotate_webhooks.zig,rotate_webhooks.buildProviderAndRotate,reference,689,m2-closure-0.1,2026-06-20T11:23:44.399Z
4242,43,src/rotate_webhooks.zig,rotate_webhooks.c,modify,10,m2-closure-0.1,2026-06-20T11:23:44.398Z
4242,43,src/rotate_webhooks.zig,rotate_webhooks.c,reference,10,m2-closure-0.1,2026-06-20T11:23:44.400Z
4242,43,src/rotate_webhooks.zig,rotate_webhooks.cache_mod,modify,8,m2-closure-0.1,2026-06-20T11:23:44.402Z
4242,43,src/rotate_webhooks.zig,rotate_webhooks.cache_mod,reference,8,m2-closure-0.1,2026-06-20T11:23:44.405Z
4242,43,src/rotate_webhooks.zig,rotate_webhooks.capMatrixForKind,modify,296,m2-closure-0.1,2026-06-20T11:23:44.407Z
4242,43,src/rotate_webhooks.zig,rotate_webhooks.capMatrixForKind,reference,296,m2-closure-0.1,2026-06-20T11:23:44.409Z
4242,43,src/rotate_webhooks.zig,rotate_webhooks.countWebhooksFromAuditPayload,modify,110,m2-closure-0.1,2026-06-20T11:23:44.409Z
4242,43,src/rotate_webhooks.zig,rotate_webhooks.countWebhooksFromAuditPayload,reference,110,m2-closure-0.1,2026-06-20T11:23:44.398Z
4242,43,src/rotate_webhooks.zig,rotate_webhooks.credentials_mod,modify,8,m2-closure-0.1,2026-06-20T11:23:44.398Z
4242,43,src/rotate_webhooks.zig,rotate_webhooks.filter_mod,modify,8,m2-closure-0.1,2026-06-20T11:23:44.401Z
4242,43,src/rotate_webhooks.zig,rotate_webhooks.filter_mod,reference,8,m2-closure-0.1,2026-06-20T11:23:44.409Z
4242,43,src/rotate_webhooks.zig,rotate_webhooks.github_provider_mod,modify,8,m2-closure-0.1,2026-06-20T11:23:44.404Z
4242,43,src/rotate_webhooks.zig,rotate_webhooks.github_provider_mod,reference,8,m2-closure-0.1,2026-06-20T11:23:44.396Z
4242,43,src/rotate_webhooks.zig,rotate_webhooks.gitlab_mod,modify,8,m2-closure-0.1,2026-06-20T11:23:44.402Z
4242,43,src/rotate_webhooks.zig,rotate_webhooks.gitlab_mod,reference,8,m2-closure-0.1,2026-06-20T11:23:44.397Z
4242,43,src/rotate_webhooks.zig,rotate_webhooks.gitlab_provider_mod,modify,8,m2-closure-0.1,2026-06-20T11:23:44.409Z
4242,43,src/rotate_webhooks.zig,rotate_webhooks.gitlab_provider_mod,reference,8,m2-closure-0.1,2026-06-20T11:23:44.405Z
4242,43,src/rotate_webhooks.zig,rotate_webhooks.log,modify,8,m2-closure-0.1,2026-06-20T11:23:44.408Z
4242,43,src/rotate_webhooks.zig,rotate_webhooks.log,reference,8,m2-closure-0.1,2026-06-20T11:23:44.400Z
4242,43,src/rotate_webhooks.zig,rotate_webhooks.makeFakeWebhookProvider,modify,50,m2-closure-0.1,2026-06-20T11:23:44.395Z
4242,43,src/rotate_webhooks.zig,rotate_webhooks.makeFakeWebhookProvider,reference,50,m2-closure-0.1,2026-06-20T11:23:44.399Z
4242,43,src/rotate_webhooks.zig,rotate_webhooks.makeSshBareProvider,modify,44,m2-closure-0.1,2026-06-20T11:23:44.399Z
4242,43,src/rotate_webhooks.zig,rotate_webhooks.makeSshBareProvider,reference,44,m2-closure-0.1,2026-06-20T11:23:44.406Z
4242,43,src/rotate_webhooks.zig,rotate_webhooks.output_mod,modify,8,m2-closure-0.1,2026-06-20T11:23:44.405Z
4242,43,src/rotate_webhooks.zig,rotate_webhooks.output_mod,reference,8,m2-closure-0.1,2026-06-20T11:23:44.398Z
4242,43,src/rotate_webhooks.zig,rotate_webhooks.parseWebhookIdsFromPayload,modify,255,m2-closure-0.1,2026-06-20T11:23:44.403Z
4242,43,src/rotate_webhooks.zig,rotate_webhooks.parseWebhookIdsFromPayload,reference,255,m2-closure-0.1,2026-06-20T11:23:44.405Z
4242,43,src/rotate_webhooks.zig,rotate_webhooks.planner_mod,modify,8,m2-closure-0.1,2026-06-20T11:23:44.397Z
4242,43,src/rotate_webhooks.zig,rotate_webhooks.planner_mod,reference,8,m2-closure-0.1,2026-06-20T11:23:44.394Z
4242,43,src/rotate_webhooks.zig,rotate_webhooks.printJson,modify,28,m2-closure-0.1,2026-06-20T11:23:44.399Z
4242,43,src/rotate_webhooks.zig,rotate_webhooks.printJson,reference,28,m2-closure-0.1,2026-06-20T11:23:44.399Z
4242,43,src/rotate_webhooks.zig,rotate_webhooks.provider_mod,modify,8,m2-closure-0.1,2026-06-20T11:23:44.405Z
4242,43,src/rotate_webhooks.zig,rotate_webhooks.provider_mod,reference,8,m2-closure-0.1,2026-06-20T11:23:44.397Z
4242,43,src/rotate_webhooks.zig,rotate_webhooks.rotateMultiShotServer,modify,485,m2-closure-0.1,2026-06-20T11:23:44.399Z
4242,43,src/rotate_webhooks.zig,rotate_webhooks.rotateMultiShotServer,reference,485,m2-closure-0.1,2026-06-20T11:23:44.410Z
4242,43,src/rotate_webhooks.zig,rotate_webhooks.rotateSleepNs,modify,89,m2-closure-0.1,2026-06-20T11:23:44.402Z
4242,43,src/rotate_webhooks.zig,rotate_webhooks.rotateSleepNs,reference,89,m2-closure-0.1,2026-06-20T11:23:44.402Z
4242,43,src/rotate_webhooks.zig,rotate_webhooks.rotateWithProvider,modify,728,m2-closure-0.1,2026-06-20T11:23:44.407Z
4242,43,src/rotate_webhooks.zig,rotate_webhooks.rotateWithProvider,reference,728,m2-closure-0.1,2026-06-20T11:23:44.405Z
4242,43,src/rotate_webhooks.zig,rotate_webhooks.runRotateWebhooks,modify,261,m2-closure-0.1,2026-06-20T11:23:44.402Z
4242,43,src/rotate_webhooks.zig,rotate_webhooks.runRotateWebhooksWithCache,modify,987,m2-closure-0.1,2026-06-20T11:23:44.410Z
4242,43,src/rotate_webhooks.zig,rotate_webhooks.runRotateWebhooksWithCache,reference,987,m2-closure-0.1,2026-06-20T11:23:44.403Z
4242,43,src/rotate_webhooks.zig,rotate_webhooks.setenv,modify,31,m2-closure-0.1,2026-06-20T11:23:44.407Z
4242,43,src/rotate_webhooks.zig,rotate_webhooks.setenv,reference,31,m2-closure-0.1,2026-06-20T11:23:44.407Z
4242,43,src/rotate_webhooks.zig,rotate_webhooks.sshbare_provider_mod,modify,8,m2-closure-0.1,2026-06-20T11:23:44.396Z
4242,43,src/rotate_webhooks.zig,rotate_webhooks.sshbare_provider_mod,reference,8,m2-closure-0.1,2026-06-20T11:23:44.405Z
4242,43,src/rotate_webhooks.zig,rotate_webhooks.std,modify,8,m2-closure-0.1,2026-06-20T11:23:44.398Z
4242,43,src/rotate_webhooks.zig,rotate_webhooks.std,reference,8,m2-closure-0.1,2026-06-20T11:23:44.409Z
4242,43,src/rotate_webhooks.zig,rotate_webhooks.stubKernelOp,modify,29,m2-closure-0.1,2026-06-20T11:23:44.404Z
4242,43,src/rotate_webhooks.zig,rotate_webhooks.stubKernelOp,reference,29,m2-closure-0.1,2026-06-20T11:23:44.394Z
4242,43,src/rotate_webhooks.zig,rotate_webhooks.stubKernelOpPush,modify,35,m2-closure-0.1,2026-06-20T11:23:44.394Z
4242,43,src/rotate_webhooks.zig,rotate_webhooks.stubKernelOpPush,reference,35,m2-closure-0.1,2026-06-20T11:23:44.398Z
4242,43,src/rotate_webhooks.zig,rotate_webhooks.stub_ctx,modify,7,m2-closure-0.1,2026-06-20T11:23:44.404Z
4242,43,src/rotate_webhooks.zig,rotate_webhooks.stub_ctx,reference,7,m2-closure-0.1,2026-06-20T11:23:44.406Z
4242,43,src/rotate_webhooks.zig,rotate_webhooks.stub_kernel_vtable,modify,41,m2-closure-0.1,2026-06-20T11:23:44.395Z
4242,43,src/rotate_webhooks.zig,rotate_webhooks.stub_kernel_vtable,reference,41,m2-closure-0.1,2026-06-20T11:23:44.397Z
4242,43,src/rotate_webhooks.zig,rotate_webhooks.unsetenv,modify,17,m2-closure-0.1,2026-06-20T11:23:44.399Z
4242,43,src/rotate_webhooks.zig,rotate_webhooks.unsetenv,reference,17,m2-closure-0.1,2026-06-20T11:23:44.403Z
4242,43,src/rotate_webhooks.zig,rotate_webhooks.writeExtensionSkipAuditLog,modify,78,m2-closure-0.1,2026-06-20T11:23:44.396Z
4242,43,src/rotate_webhooks.zig,rotate_webhooks.writeExtensionSkipAuditLog,reference,78,m2-closure-0.1,2026-06-20T11:23:44.409Z
4242,43,src/rotate_webhooks.zig,rotate_webhooks.writeRotateAuditLog,modify,91,m2-closure-0.1,2026-06-20T11:23:44.409Z
4242,43,src/rotate_webhooks.zig,rotate_webhooks.writeRotateAuditLog,reference,91,m2-closure-0.1,2026-06-20T11:23:44.399Z
4242,43,src/ssh_credentials.zig,ssh_credentials.SshCredentialOpts,reference,48,m2-closure-0.1,2026-06-20T11:23:44.394Z
4242,43,src/ssh_credentials.zig,ssh_credentials.SshCredentialOpts.agent_socket,transitive,48,m2-closure-0.1,2026-06-20T11:23:44.403Z
4242,43,src/ssh_credentials.zig,ssh_credentials.SshCredentialOpts.allowed_types,transitive,48,m2-closure-0.1,2026-06-20T11:23:44.401Z
4242,43,src/ssh_credentials.zig,ssh_credentials.SshCredentialOpts.keyfile_path,transitive,48,m2-closure-0.1,2026-06-20T11:23:44.406Z
4242,43,src/ssh_credentials.zig,ssh_credentials.SshCredentialSource,transitive,20,m2-closure-0.1,2026-06-20T11:23:44.402Z
4242,43,src/ssh_credentials.zig,ssh_credentials.c,transitive,10,m2-closure-0.1,2026-06-20T11:23:44.397Z
4242,43,src/ssh_credentials.zig,ssh_credentials.credentialCallback,reference,417,m2-closure-0.1,2026-06-20T11:23:44.396Z
4242,43,src/ssh_credentials.zig,ssh_credentials.resolveUsername,transitive,125,m2-closure-0.1,2026-06-20T11:23:44.398Z
4242,43,src/ssh_credentials.zig,ssh_credentials.selectSource,reference,236,m2-closure-0.1,2026-06-20T11:23:44.402Z
4242,43,src/ssh_credentials.zig,ssh_credentials.std,transitive,8,m2-closure-0.1,2026-06-20T11:23:44.398Z
4242,43,src/sshbare/provider.zig,provider.AF_INET,modify,7,m2-closure-0.1,2026-06-20T11:23:44.408Z
4242,43,src/sshbare/provider.zig,provider.AddrInfo,modify,50,m2-closure-0.1,2026-06-20T11:23:44.397Z
4242,43,src/sshbare/provider.zig,provider.AddrInfo,reference,50,m2-closure-0.1,2026-06-20T11:23:44.396Z
4242,43,src/sshbare/provider.zig,provider.IPPROTO_TCP,modify,7,m2-closure-0.1,2026-06-20T11:23:44.396Z
4242,43,src/sshbare/provider.zig,provider.SOCK_STREAM,modify,7,m2-closure-0.1,2026-06-20T11:23:44.406Z
4242,43,src/sshbare/provider.zig,provider.SshBareProvider,modify,891,m2-closure-0.1,2026-06-20T11:23:44.397Z
4242,43,src/sshbare/provider.zig,provider.SshBareProvider,reference,891,m2-closure-0.1,2026-06-20T11:23:44.395Z
4242,43,src/sshbare/provider.zig,provider.SshBareProvider.cred_opts,reference,891,m2-closure-0.1,2026-06-20T11:23:44.409Z
4242,43,src/sshbare/provider.zig,provider.SshBareProvider.pending_branch,reference,891,m2-closure-0.1,2026-06-20T11:23:44.395Z
4242,43,src/sshbare/provider.zig,provider.SshBareProvider.pending_sdb_url,reference,891,m2-closure-0.1,2026-06-20T11:23:44.396Z
4242,43,src/sshbare/provider.zig,provider.SshBareProviderOpts,modify,24,m2-closure-0.1,2026-06-20T11:23:44.408Z
4242,43,src/sshbare/provider.zig,provider.SshBareProviderOpts,reference,24,m2-closure-0.1,2026-06-20T11:23:44.405Z
4242,43,src/sshbare/provider.zig,provider.SshUrl,modify,35,m2-closure-0.1,2026-06-20T11:23:44.396Z
4242,43,src/sshbare/provider.zig,provider.SshUrl,reference,35,m2-closure-0.1,2026-06-20T11:23:44.396Z
4242,43,src/sshbare/provider.zig,provider.authenticateLibssh2,modify,454,m2-closure-0.1,2026-06-20T11:23:44.397Z
4242,43,src/sshbare/provider.zig,provider.authenticateLibssh2,reference,454,m2-closure-0.1,2026-06-20T11:23:44.399Z
4242,43,src/sshbare/provider.zig,provider.close,modify,11,m2-closure-0.1,2026-06-20T11:23:44.409Z
4242,43,src/sshbare/provider.zig,provider.close,reference,11,m2-closure-0.1,2026-06-20T11:23:44.402Z
4242,43,src/sshbare/provider.zig,provider.closeSock,modify,17,m2-closure-0.1,2026-06-20T11:23:44.396Z
4242,43,src/sshbare/provider.zig,provider.closeSock,reference,17,m2-closure-0.1,2026-06-20T11:23:44.396Z
4242,43,src/sshbare/provider.zig,provider.connect,modify,21,m2-closure-0.1,2026-06-20T11:23:44.399Z
4242,43,src/sshbare/provider.zig,provider.connect,reference,21,m2-closure-0.1,2026-06-20T11:23:44.396Z
4242,43,src/sshbare/provider.zig,provider.execPushInitialCommit,modify,677,m2-closure-0.1,2026-06-20T11:23:44.407Z
4242,43,src/sshbare/provider.zig,provider.execPushInitialCommit,reference,677,m2-closure-0.1,2026-06-20T11:23:44.409Z
4242,43,src/sshbare/provider.zig,provider.execSetDefaultBranch,modify,1019,m2-closure-0.1,2026-06-20T11:23:44.410Z
4242,43,src/sshbare/provider.zig,provider.execSetDefaultBranch,reference,1019,m2-closure-0.1,2026-06-20T11:23:44.406Z
4242,43,src/sshbare/provider.zig,provider.freeaddrinfo,modify,13,m2-closure-0.1,2026-06-20T11:23:44.400Z
4242,43,src/sshbare/provider.zig,provider.freeaddrinfo,reference,13,m2-closure-0.1,2026-06-20T11:23:44.397Z
4242,43,src/sshbare/provider.zig,provider.gai_strerror,modify,17,m2-closure-0.1,2026-06-20T11:23:44.402Z
4242,43,src/sshbare/provider.zig,provider.getaddrinfo,modify,43,m2-closure-0.1,2026-06-20T11:23:44.404Z
4242,43,src/sshbare/provider.zig,provider.getaddrinfo,reference,43,m2-closure-0.1,2026-06-20T11:23:44.409Z
4242,43,src/sshbare/provider.zig,provider.openTcpSocket,modify,242,m2-closure-0.1,2026-06-20T11:23:44.404Z
4242,43,src/sshbare/provider.zig,provider.openTcpSocket,reference,242,m2-closure-0.1,2026-06-20T11:23:44.408Z
4242,43,src/sshbare/provider.zig,provider.parseSshUrl,modify,290,m2-closure-0.1,2026-06-20T11:23:44.407Z
4242,43,src/sshbare/provider.zig,provider.parseSshUrl,reference,290,m2-closure-0.1,2026-06-20T11:23:44.400Z
4242,43,src/sshbare/provider.zig,provider.shellQuoteSingle,modify,193,m2-closure-0.1,2026-06-20T11:23:44.409Z
4242,43,src/sshbare/provider.zig,provider.shellQuoteSingle,reference,193,m2-closure-0.1,2026-06-20T11:23:44.396Z
4242,43,src/sshbare/provider.zig,provider.socket,modify,19,m2-closure-0.1,2026-06-20T11:23:44.410Z
4242,43,src/sshbare/provider.zig,provider.socket,reference,19,m2-closure-0.1,2026-06-20T11:23:44.403Z
4242,43,src/sshbare/provider.zig,provider.sshBareRegistryFactory,modify,63,m2-closure-0.1,2026-06-20T11:23:44.401Z
4242,43,src/sshbare/provider.zig,provider.sshBareRegistryFactory,reference,63,m2-closure-0.1,2026-06-20T11:23:44.409Z
4242,43,src/sshbare/provider.zig,provider.ssh_bare_matrix,modify,130,m2-closure-0.1,2026-06-20T11:23:44.400Z
4242,43,src/sshbare/provider.zig,provider.ssh_bare_matrix,reference,130,m2-closure-0.1,2026-06-20T11:23:44.398Z
4242,43,src/sshbare/provider.zig,provider.ssh_cred,modify,8,m2-closure-0.1,2026-06-20T11:23:44.404Z
4242,43,src/sshbare/provider.zig,provider.ssh_cred,reference,8,m2-closure-0.1,2026-06-20T11:23:44.397Z
4242,43,src/template.zig,template.Allocator,transitive,9,m2-closure-0.1,2026-06-20T11:23:44.395Z
4242,43,src/template.zig,template.CredCallbackPayload,transitive,17,m2-closure-0.1,2026-06-20T11:23:44.405Z
4242,43,src/template.zig,template.Io,transitive,7,m2-closure-0.1,2026-06-20T11:23:44.410Z
4242,43,src/template.zig,template.RenderOpts,transitive,74,m2-closure-0.1,2026-06-20T11:23:44.404Z
4242,43,src/template.zig,template.RenderResult,transitive,101,m2-closure-0.1,2026-06-20T11:23:44.397Z
4242,43,src/template.zig,template.RenderStats,transitive,25,m2-closure-0.1,2026-06-20T11:23:44.401Z
4242,43,src/template.zig,template.TemplateError,transitive,16,m2-closure-0.1,2026-06-20T11:23:44.410Z
4242,43,src/template.zig,template.TemplateRenderer,reference,439,m2-closure-0.1,2026-06-20T11:23:44.401Z
4242,43,src/template.zig,template.TemplateRenderer.allocator,transitive,439,m2-closure-0.1,2026-06-20T11:23:44.406Z
4242,43,src/template.zig,template.TemplateRenderer.libgit2_initialized,transitive,439,m2-closure-0.1,2026-06-20T11:23:44.406Z
4242,43,src/template.zig,template.buildTreeFromGitTree,transitive,203,m2-closure-0.1,2026-06-20T11:23:44.405Z
4242,43,src/template.zig,template.c,transitive,10,m2-closure-0.1,2026-06-20T11:23:44.402Z
4242,43,src/template.zig,template.makeTempDir,transitive,70,m2-closure-0.1,2026-06-20T11:23:44.403Z
4242,43,src/template.zig,template.std,transitive,8,m2-closure-0.1,2026-06-20T11:23:44.409Z
4242,43,vendor/etc-cli/src/cli/cmd.zig,cmd.Cmd,transitive,180,m2-closure-0.1,2026-06-20T11:23:44.403Z
4242,43,vendor/etc-cli/src/cli/validate.zig,validate.cmd_mod,transitive,8,m2-closure-0.1,2026-06-20T11:23:44.408Z
4242,43,vendor/etc-cli/src/cli/validate.zig,validate.validate,reference,32,m2-closure-0.1,2026-06-20T11:23:44.398Z
4242,43,vendor/etc-cli/src/cli/validate.zig,validate.validateNode,transitive,1084,m2-closure-0.1,2026-06-20T11:23:44.408Z
4277,43,main,"main.test:FTS5 absent: fts5 virtual table returns error",modify,0,m2-closure-0.1,2026-06-20T14:33:57.157Z
4277,43,main,"main.test:help text: root help lists all M7 verbs",modify,0,m2-closure-0.1,2026-06-20T14:33:57.157Z
4277,43,main,"main.test:libgit2 SSH feature bit is set",modify,0,m2-closure-0.1,2026-06-20T14:33:57.158Z
4277,43,main,"main.test:libgit2 in-memory SSH credentials are enabled",modify,0,m2-closure-0.1,2026-06-20T14:33:57.156Z
4277,43,main,"main.test:libgit2 version is callable and non-zero",modify,0,m2-closure-0.1,2026-06-20T14:33:57.157Z
4277,43,main,"main.test:libssh2 version string is non-empty",modify,0,m2-closure-0.1,2026-06-20T14:33:57.157Z
4277,43,main,"main.test:parse: --help yields a help result",modify,0,m2-closure-0.1,2026-06-20T14:33:57.156Z
4277,43,main,"main.test:parse: -v short flag enables verbose",modify,0,m2-closure-0.1,2026-06-20T14:33:57.157Z
4277,43,main,"main.test:parse: apply --dry-run --manifest --json all set",modify,0,m2-closure-0.1,2026-06-20T14:33:57.158Z
4277,43,main,"main.test:parse: apply --dry-run sets dry_run",modify,0,m2-closure-0.1,2026-06-20T14:33:57.157Z
4277,43,main,"main.test:parse: apply --help yields help for the apply path",modify,0,m2-closure-0.1,2026-06-20T14:33:57.158Z
4277,43,main,"main.test:parse: apply --manifest <path> sets manifest",modify,0,m2-closure-0.1,2026-06-20T14:33:57.157Z
4277,43,main,"main.test:parse: apply --resume --json sets both",modify,0,m2-closure-0.1,2026-06-20T14:33:57.158Z
4277,43,main,"main.test:parse: apply sets defaults (no dry-run, fleet.toml manifest)",modify,0,m2-closure-0.1,2026-06-20T14:33:57.157Z
4277,43,main,"main.test:parse: apply-policy --dry-run --json all set",modify,0,m2-closure-0.1,2026-06-20T14:33:57.157Z
4277,43,main,"main.test:parse: apply-policy --filter sets filter",modify,0,m2-closure-0.1,2026-06-20T14:33:57.157Z
4277,43,main,"main.test:parse: apply-policy positional captured",modify,0,m2-closure-0.1,2026-06-20T14:33:57.158Z
4277,43,main,"main.test:parse: apply-policy with no positional is a required-positional error",modify,0,m2-closure-0.1,2026-06-20T14:33:57.156Z
4277,43,main,"main.test:parse: archive --dry-run sets dry_run",modify,0,m2-closure-0.1,2026-06-20T14:33:57.157Z
4277,43,main,"main.test:parse: archive --filter sets filter",modify,0,m2-closure-0.1,2026-06-20T14:33:57.157Z
4277,43,main,"main.test:parse: archive --json sets json",modify,0,m2-closure-0.1,2026-06-20T14:33:57.157Z
4277,43,main,"main.test:parse: capabilities <kind> --json sets json",modify,0,m2-closure-0.1,2026-06-20T14:33:57.156Z
4277,43,main,"main.test:parse: capabilities <kind> captures positional",modify,0,m2-closure-0.1,2026-06-20T14:33:57.157Z
4277,43,main,"main.test:parse: capabilities with no kind is a required-positional error",modify,0,m2-closure-0.1,2026-06-20T14:33:57.158Z
4277,43,main,"main.test:parse: completion <shell> captures the choice",modify,0,m2-closure-0.1,2026-06-20T14:33:57.157Z
4277,43,main,"main.test:parse: completion with no shell is a required-positional error",modify,0,m2-closure-0.1,2026-06-20T14:33:57.157Z
4277,43,main,"main.test:parse: discover --org --project sets both",modify,0,m2-closure-0.1,2026-06-20T14:33:57.157Z
4277,43,main,"main.test:parse: discover --org sets org, leaves others null",modify,0,m2-closure-0.1,2026-06-20T14:33:57.158Z
4277,43,main,"main.test:parse: discover --ssh-dir sets ssh_dir",modify,0,m2-closure-0.1,2026-06-20T14:33:57.158Z
4277,43,main,"main.test:parse: discover --user sets user",modify,0,m2-closure-0.1,2026-06-20T14:33:57.156Z
4277,43,main,"main.test:parse: mv --dry-run sets dry_run",modify,0,m2-closure-0.1,2026-06-20T14:33:57.158Z
4277,43,main,"main.test:parse: mv --json sets json",modify,0,m2-closure-0.1,2026-06-20T14:33:57.157Z
4277,43,main,"main.test:parse: mv positionals captured",modify,0,m2-closure-0.1,2026-06-20T14:33:57.158Z
4277,43,main,"main.test:parse: mv with no positionals is a required-positional error",modify,0,m2-closure-0.1,2026-06-20T14:33:57.158Z
4277,43,main,"main.test:parse: plan --json sets json",modify,0,m2-closure-0.1,2026-06-20T14:33:57.158Z
4277,43,main,"main.test:parse: plan defaults to fleet.toml",modify,0,m2-closure-0.1,2026-06-20T14:33:57.157Z
4277,43,main,"main.test:parse: query --json sets json",modify,0,m2-closure-0.1,2026-06-20T14:33:57.155Z
4277,43,main,"main.test:parse: query --sql hidden flag parses",modify,0,m2-closure-0.1,2026-06-20T14:33:57.157Z
4277,43,main,"main.test:parse: query --sql hidden: absent from non-hidden help text",modify,0,m2-closure-0.1,2026-06-20T14:33:57.158Z
4277,43,main,"main.test:parse: query with expr positional",modify,0,m2-closure-0.1,2026-06-20T14:33:57.158Z
4277,43,main,"main.test:parse: query with no positional uses default empty string",modify,0,m2-closure-0.1,2026-06-20T14:33:57.157Z
4277,43,main,"main.test:parse: refresh --manifest sets manifest",modify,0,m2-closure-0.1,2026-06-20T14:33:57.158Z
4277,43,main,"main.test:parse: rotate-webhooks --dry-run sets dry_run",modify,0,m2-closure-0.1,2026-06-20T14:33:57.157Z
4277,43,main,"main.test:parse: rotate-webhooks --filter sets filter",modify,0,m2-closure-0.1,2026-06-20T14:33:57.158Z
4277,43,main,"main.test:parse: rotate-webhooks --to required flag parses",modify,0,m2-closure-0.1,2026-06-20T14:33:57.157Z
4277,43,main,"main.test:parse: rotate-webhooks --to required: missing is an error",modify,0,m2-closure-0.1,2026-06-20T14:33:57.158Z
4277,43,main,"main.test:parse: schema matches the schema command",modify,0,m2-closure-0.1,2026-06-20T14:33:57.157Z
4277,43,main,"main.test:parse: status --json sets json",modify,0,m2-closure-0.1,2026-06-20T14:33:57.159Z
4277,43,main,"main.test:parse: status --manifest sets manifest",modify,0,m2-closure-0.1,2026-06-20T14:33:57.158Z
4277,43,main,"main.test:parse: unknown flag errors",modify,0,m2-closure-0.1,2026-06-20T14:33:57.157Z
4277,43,main,"main.test:parse: unknown subcommand errors",modify,0,m2-closure-0.1,2026-06-20T14:33:57.158Z
4277,43,main,"main.test:schema command emits non-empty JSON naming every verb",modify,0,m2-closure-0.1,2026-06-20T14:33:57.157Z
4277,43,main,"main.test:version string has expected prefix",modify,0,m2-closure-0.1,2026-06-20T14:33:57.157Z
4277,43,main,"main.test:version string is non-empty",modify,0,m2-closure-0.1,2026-06-20T14:33:57.157Z
4277,43,src/apply.zig,apply.Allocator,transitive,9,m2-closure-0.1,2026-06-20T14:33:57.157Z
4277,43,src/apply.zig,apply.ApplyArgs,transitive,40,m2-closure-0.1,2026-06-20T14:33:57.156Z
4277,43,src/apply.zig,apply.ApplyResult,transitive,16,m2-closure-0.1,2026-06-20T14:33:57.157Z
4277,43,src/apply.zig,apply.Io,transitive,7,m2-closure-0.1,2026-06-20T14:33:57.157Z
4277,43,src/apply.zig,apply.cache_mod,transitive,8,m2-closure-0.1,2026-06-20T14:33:57.156Z
4277,43,src/apply.zig,apply.runApply,reference,226,m2-closure-0.1,2026-06-20T14:33:57.157Z
4277,43,src/apply.zig,apply.runApplyWithCache,transitive,497,m2-closure-0.1,2026-06-20T14:33:57.156Z
4277,43,src/apply.zig,apply.std,transitive,8,m2-closure-0.1,2026-06-20T14:33:57.156Z
4277,43,src/apply_policy.zig,apply_policy.Allocator,transitive,9,m2-closure-0.1,2026-06-20T14:33:57.156Z
4277,43,src/apply_policy.zig,apply_policy.ApplyPolicyArgs,transitive,50,m2-closure-0.1,2026-06-20T14:33:57.158Z
4277,43,src/apply_policy.zig,apply_policy.ApplyPolicyResult,transitive,26,m2-closure-0.1,2026-06-20T14:33:57.158Z
4277,43,src/apply_policy.zig,apply_policy.Io,transitive,7,m2-closure-0.1,2026-06-20T14:33:57.157Z
4277,43,src/apply_policy.zig,apply_policy.cache_mod,transitive,8,m2-closure-0.1,2026-06-20T14:33:57.157Z
4277,43,src/apply_policy.zig,apply_policy.runApplyPolicy,reference,226,m2-closure-0.1,2026-06-20T14:33:57.157Z
4277,43,src/apply_policy.zig,apply_policy.runApplyPolicyWithCache,transitive,2046,m2-closure-0.1,2026-06-20T14:33:57.156Z
4277,43,src/apply_policy.zig,apply_policy.std,transitive,8,m2-closure-0.1,2026-06-20T14:33:57.157Z
4277,43,src/archive.zig,archive.Allocator,transitive,9,m2-closure-0.1,2026-06-20T14:33:57.156Z
4277,43,src/archive.zig,archive.ArchiveArgs,transitive,43,m2-closure-0.1,2026-06-20T14:33:57.158Z
4277,43,src/archive.zig,archive.ArchiveResult,transitive,26,m2-closure-0.1,2026-06-20T14:33:57.158Z
4277,43,src/archive.zig,archive.Io,transitive,7,m2-closure-0.1,2026-06-20T14:33:57.156Z
4277,43,src/archive.zig,archive.cache_mod,transitive,8,m2-closure-0.1,2026-06-20T14:33:57.157Z
4277,43,src/archive.zig,archive.runArchive,reference,262,m2-closure-0.1,2026-06-20T14:33:57.158Z
4277,43,src/archive.zig,archive.runArchiveWithCache,transitive,679,m2-closure-0.1,2026-06-20T14:33:57.157Z
4277,43,src/archive.zig,archive.std,transitive,8,m2-closure-0.1,2026-06-20T14:33:57.158Z
4277,43,src/cache.zig,cache.Cache,transitive,4255,m2-closure-0.1,2026-06-20T14:33:57.158Z
4277,43,src/cache.zig,cache.c,transitive,10,m2-closure-0.1,2026-06-20T14:33:57.158Z
4277,43,src/cache.zig,cache.sqliteVersion,reference,27,m2-closure-0.1,2026-06-20T14:33:57.158Z
4277,43,src/cache.zig,cache.std,transitive,8,m2-closure-0.1,2026-06-20T14:33:57.157Z
4277,43,src/capabilities.zig,capabilities.CapabilitiesResult,transitive,15,m2-closure-0.1,2026-06-20T14:33:57.157Z
4277,43,src/capabilities.zig,capabilities.Io,transitive,7,m2-closure-0.1,2026-06-20T14:33:57.157Z
4277,43,src/capabilities.zig,capabilities.PROVIDER_KINDS,transitive,93,m2-closure-0.1,2026-06-20T14:33:57.158Z
4277,43,src/capabilities.zig,capabilities.availableKindNames,transitive,82,m2-closure-0.1,2026-06-20T14:33:57.158Z
4277,43,src/capabilities.zig,capabilities.buildCapabilitiesOutput,transitive,270,m2-closure-0.1,2026-06-20T14:33:57.157Z
4277,43,src/capabilities.zig,capabilities.log,transitive,8,m2-closure-0.1,2026-06-20T14:33:57.158Z
4277,43,src/capabilities.zig,capabilities.lookupProviderKind,transitive,59,m2-closure-0.1,2026-06-20T14:33:57.157Z
4277,43,src/capabilities.zig,capabilities.printCapabilitiesErrorJson,transitive,65,m2-closure-0.1,2026-06-20T14:33:57.157Z
4277,43,src/capabilities.zig,capabilities.printCapabilitiesHuman,transitive,376,m2-closure-0.1,2026-06-20T14:33:57.158Z
4277,43,src/capabilities.zig,capabilities.printCapabilitiesJson,transitive,29,m2-closure-0.1,2026-06-20T14:33:57.157Z
4277,43,src/capabilities.zig,capabilities.runCapabilities,reference,255,m2-closure-0.1,2026-06-20T14:33:57.156Z
4277,43,src/capabilities.zig,capabilities.std,transitive,8,m2-closure-0.1,2026-06-20T14:33:57.157Z
4277,43,src/discovery.zig,discovery.DiscoverArgs,transitive,52,m2-closure-0.1,2026-06-20T14:33:57.157Z
4277,43,src/discovery.zig,discovery.DiscoverResult,transitive,16,m2-closure-0.1,2026-06-20T14:33:57.158Z
4277,43,src/discovery.zig,discovery.DiscoveryResult,transitive,18,m2-closure-0.1,2026-06-20T14:33:57.157Z
4277,43,src/discovery.zig,discovery.DiscoverySource,transitive,14,m2-closure-0.1,2026-06-20T14:33:57.157Z
4277,43,src/discovery.zig,discovery.FakeProvider,transitive,7,m2-closure-0.1,2026-06-20T14:33:57.157Z
4277,43,src/discovery.zig,discovery.Io,transitive,7,m2-closure-0.1,2026-06-20T14:33:57.156Z
4277,43,src/discovery.zig,discovery.buildDiscoveryOutput,transitive,148,m2-closure-0.1,2026-06-20T14:33:57.156Z
4277,43,src/discovery.zig,discovery.discoverFromOrg,transitive,160,m2-closure-0.1,2026-06-20T14:33:57.158Z
4277,43,src/discovery.zig,discovery.fake_mod,transitive,8,m2-closure-0.1,2026-06-20T14:33:57.158Z
4277,43,src/discovery.zig,discovery.log,transitive,8,m2-closure-0.1,2026-06-20T14:33:57.157Z
4277,43,src/discovery.zig,discovery.parseOrgQuery,transitive,101,m2-closure-0.1,2026-06-20T14:33:57.157Z
4277,43,src/discovery.zig,discovery.parseSshDirQuery,transitive,161,m2-closure-0.1,2026-06-20T14:33:57.157Z
4277,43,src/discovery.zig,discovery.printDiscoveryHuman,transitive,136,m2-closure-0.1,2026-06-20T14:33:57.158Z
4277,43,src/discovery.zig,discovery.printDiscoveryJson,transitive,29,m2-closure-0.1,2026-06-20T14:33:57.157Z
4277,43,src/discovery.zig,discovery.runDiscover,reference,536,m2-closure-0.1,2026-06-20T14:33:57.157Z
4277,43,src/discovery.zig,discovery.std,transitive,8,m2-closure-0.1,2026-06-20T14:33:57.157Z
4277,43,src/log.zig,log.Verbosity,transitive,26,m2-closure-0.1,2026-06-20T14:33:57.157Z
4277,43,src/log.zig,log.current_verbosity,transitive,31,m2-closure-0.1,2026-06-20T14:33:57.158Z
4277,43,src/log.zig,log.errKv,transitive,28,m2-closure-0.1,2026-06-20T14:33:57.157Z
4277,43,src/log.zig,log.setVerbosity,reference,24,m2-closure-0.1,2026-06-20T14:33:57.157Z
4277,43,src/main.zig,main.BINARY_NAME,modify,5,m2-closure-0.1,2026-06-20T14:33:57.158Z
4277,43,src/main.zig,main.BINARY_NAME,reference,5,m2-closure-0.1,2026-06-20T14:33:57.158Z
4277,43,src/main.zig,main.BINARY_VERSION,modify,5,m2-closure-0.1,2026-06-20T14:33:57.157Z
4277,43,src/main.zig,main.BINARY_VERSION,reference,5,m2-closure-0.1,2026-06-20T14:33:57.157Z
4277,43,src/main.zig,main.Io,modify,7,m2-closure-0.1,2026-06-20T14:33:57.158Z
4277,43,src/main.zig,main.Io,reference,7,m2-closure-0.1,2026-06-20T14:33:57.158Z
4277,43,src/main.zig,main.apply,modify,8,m2-closure-0.1,2026-06-20T14:33:57.158Z
4277,43,src/main.zig,main.apply,reference,8,m2-closure-0.1,2026-06-20T14:33:57.157Z
4277,43,src/main.zig,main.applyVerbosity,modify,25,m2-closure-0.1,2026-06-20T14:33:57.158Z
4277,43,src/main.zig,main.applyVerbosity,reference,25,m2-closure-0.1,2026-06-20T14:33:57.158Z
4277,43,src/main.zig,main.apply_policy,modify,8,m2-closure-0.1,2026-06-20T14:33:57.159Z
4277,43,src/main.zig,main.apply_policy,reference,8,m2-closure-0.1,2026-06-20T14:33:57.157Z
4277,43,src/main.zig,main.archive,modify,8,m2-closure-0.1,2026-06-20T14:33:57.158Z
4277,43,src/main.zig,main.archive,reference,8,m2-closure-0.1,2026-06-20T14:33:57.158Z
4277,43,src/main.zig,main.buildVersionOutput,modify,152,m2-closure-0.1,2026-06-20T14:33:57.157Z
4277,43,src/main.zig,main.buildVersionOutput,reference,152,m2-closure-0.1,2026-06-20T14:33:57.158Z
4277,43,src/main.zig,main.c,modify,10,m2-closure-0.1,2026-06-20T14:33:57.158Z
4277,43,src/main.zig,main.c,reference,10,m2-closure-0.1,2026-06-20T14:33:57.158Z
4277,43,src/main.zig,main.cache,modify,8,m2-closure-0.1,2026-06-20T14:33:57.158Z
4277,43,src/main.zig,main.cache,reference,8,m2-closure-0.1,2026-06-20T14:33:57.157Z
4277,43,src/main.zig,main.capabilities,modify,8,m2-closure-0.1,2026-06-20T14:33:57.157Z
4277,43,src/main.zig,main.capabilities,reference,8,m2-closure-0.1,2026-06-20T14:33:57.158Z
4277,43,src/main.zig,main.cli,modify,8,m2-closure-0.1,2026-06-20T14:33:57.156Z
4277,43,src/main.zig,main.cli,reference,8,m2-closure-0.1,2026-06-20T14:33:57.156Z
4277,43,src/main.zig,main.discovery,modify,8,m2-closure-0.1,2026-06-20T14:33:57.158Z
4277,43,src/main.zig,main.discovery,reference,8,m2-closure-0.1,2026-06-20T14:33:57.158Z
4277,43,src/main.zig,main.features_h,modify,5,m2-closure-0.1,2026-06-20T14:33:57.158Z
4277,43,src/main.zig,main.features_h,reference,5,m2-closure-0.1,2026-06-20T14:33:57.157Z
4277,43,src/main.zig,main.global_flags,modify,79,m2-closure-0.1,2026-06-20T14:33:57.157Z
4277,43,src/main.zig,main.global_flags,reference,79,m2-closure-0.1,2026-06-20T14:33:57.157Z
4277,43,src/main.zig,main.log,modify,8,m2-closure-0.1,2026-06-20T14:33:57.156Z
4277,43,src/main.zig,main.log,reference,8,m2-closure-0.1,2026-06-20T14:33:57.159Z
4277,43,src/main.zig,main.main,modify,1768,m2-closure-0.1,2026-06-20T14:33:57.159Z
4277,43,src/main.zig,main.manifest_flag,modify,41,m2-closure-0.1,2026-06-20T14:33:57.157Z
4277,43,src/main.zig,main.manifest_flag,reference,41,m2-closure-0.1,2026-06-20T14:33:57.157Z
4277,43,src/main.zig,main.mv,modify,8,m2-closure-0.1,2026-06-20T14:33:57.158Z
4277,43,src/main.zig,main.mv,reference,8,m2-closure-0.1,2026-06-20T14:33:57.158Z
4277,43,src/main.zig,main.output,modify,8,m2-closure-0.1,2026-06-20T14:33:57.156Z
4277,43,src/main.zig,main.output,reference,8,m2-closure-0.1,2026-06-20T14:33:57.158Z
4277,43,src/main.zig,main.pathsEqual,modify,72,m2-closure-0.1,2026-06-20T14:33:57.158Z
4277,43,src/main.zig,main.pathsEqual,reference,72,m2-closure-0.1,2026-06-20T14:33:57.158Z
4277,43,src/main.zig,main.printHelp,modify,138,m2-closure-0.1,2026-06-20T14:33:57.159Z
4277,43,src/main.zig,main.printHelp,reference,138,m2-closure-0.1,2026-06-20T14:33:57.158Z
4277,43,src/main.zig,main.query,modify,8,m2-closure-0.1,2026-06-20T14:33:57.156Z
4277,43,src/main.zig,main.query,reference,8,m2-closure-0.1,2026-06-20T14:33:57.156Z
4277,43,src/main.zig,main.refresh,modify,8,m2-closure-0.1,2026-06-20T14:33:57.157Z
4277,43,src/main.zig,main.refresh,reference,8,m2-closure-0.1,2026-06-20T14:33:57.159Z
4277,43,src/main.zig,main.root,modify,980,m2-closure-0.1,2026-06-20T14:33:57.158Z
4277,43,src/main.zig,main.root,reference,980,m2-closure-0.1,2026-06-20T14:33:57.157Z
4277,43,src/main.zig,main.rotate_webhooks,modify,8,m2-closure-0.1,2026-06-20T14:33:57.157Z
4277,43,src/main.zig,main.rotate_webhooks,reference,8,m2-closure-0.1,2026-06-20T14:33:57.157Z
4277,43,src/main.zig,main.sqlite_c,modify,5,m2-closure-0.1,2026-06-20T14:33:57.156Z
4277,43,src/main.zig,main.sqlite_c,reference,5,m2-closure-0.1,2026-06-20T14:33:57.158Z
4277,43,src/main.zig,main.status,modify,8,m2-closure-0.1,2026-06-20T14:33:57.158Z
4277,43,src/main.zig,main.status,reference,8,m2-closure-0.1,2026-06-20T14:33:57.157Z
4277,43,src/main.zig,main.std,modify,8,m2-closure-0.1,2026-06-20T14:33:57.156Z
4277,43,src/main.zig,main.std,reference,8,m2-closure-0.1,2026-06-20T14:33:57.158Z
4277,43,src/main.zig,main.version,modify,9,m2-closure-0.1,2026-06-20T14:33:57.158Z
4277,43,src/main.zig,main.version,reference,9,m2-closure-0.1,2026-06-20T14:33:57.156Z
4277,43,src/mv.zig,mv.Allocator,transitive,9,m2-closure-0.1,2026-06-20T14:33:57.157Z
4277,43,src/mv.zig,mv.Io,transitive,7,m2-closure-0.1,2026-06-20T14:33:57.156Z
4277,43,src/mv.zig,mv.MvArgs,transitive,60,m2-closure-0.1,2026-06-20T14:33:57.157Z
4277,43,src/mv.zig,mv.MvResult,transitive,26,m2-closure-0.1,2026-06-20T14:33:57.158Z
4277,43,src/mv.zig,mv.cache_mod,transitive,8,m2-closure-0.1,2026-06-20T14:33:57.158Z
4277,43,src/mv.zig,mv.runMv,reference,313,m2-closure-0.1,2026-06-20T14:33:57.157Z
4277,43,src/mv.zig,mv.runMvWithCache,transitive,920,m2-closure-0.1,2026-06-20T14:33:57.159Z
4277,43,src/mv.zig,mv.std,transitive,8,m2-closure-0.1,2026-06-20T14:33:57.158Z
4277,43,src/output.zig,output.Io,transitive,7,m2-closure-0.1,2026-06-20T14:33:57.157Z
4277,43,src/output.zig,output.VersionOutput,reference,43,m2-closure-0.1,2026-06-20T14:33:57.157Z
4277,43,src/output.zig,output.printJson,transitive,45,m2-closure-0.1,2026-06-20T14:33:57.158Z
4277,43,src/output.zig,output.printVersionHuman,reference,51,m2-closure-0.1,2026-06-20T14:33:57.158Z
4277,43,src/output.zig,output.printVersionJson,reference,27,m2-closure-0.1,2026-06-20T14:33:57.157Z
4277,43,src/provider/fake.zig,fake.kernel_only_matrix,transitive,130,m2-closure-0.1,2026-06-20T14:33:57.158Z
4277,43,src/query.zig,query.Allocator,transitive,9,m2-closure-0.1,2026-06-20T14:33:57.157Z
4277,43,src/query.zig,query.Io,transitive,7,m2-closure-0.1,2026-06-20T14:33:57.158Z
4277,43,src/query.zig,query.QueryArgs,transitive,52,m2-closure-0.1,2026-06-20T14:33:57.158Z
4277,43,src/query.zig,query.QueryResult,transitive,14,m2-closure-0.1,2026-06-20T14:33:57.158Z
4277,43,src/query.zig,query.cache_mod,transitive,8,m2-closure-0.1,2026-06-20T14:33:57.158Z
4277,43,src/query.zig,query.runQuery,reference,226,m2-closure-0.1,2026-06-20T14:33:57.158Z
4277,43,src/query.zig,query.runQueryWithCache,transitive,882,m2-closure-0.1,2026-06-20T14:33:57.158Z
4277,43,src/query.zig,query.std,transitive,8,m2-closure-0.1,2026-06-20T14:33:57.157Z
4277,43,src/refresh.zig,refresh.Allocator,transitive,9,m2-closure-0.1,2026-06-20T14:33:57.157Z
4277,43,src/refresh.zig,refresh.Io,transitive,7,m2-closure-0.1,2026-06-20T14:33:57.157Z
4277,43,src/refresh.zig,refresh.RefreshArgs,transitive,23,m2-closure-0.1,2026-06-20T14:33:57.157Z
4277,43,src/refresh.zig,refresh.RefreshResult,transitive,14,m2-closure-0.1,2026-06-20T14:33:57.157Z
4277,43,src/refresh.zig,refresh.cache_mod,transitive,8,m2-closure-0.1,2026-06-20T14:33:57.158Z
4277,43,src/refresh.zig,refresh.runRefresh,reference,226,m2-closure-0.1,2026-06-20T14:33:57.157Z
4277,43,src/refresh.zig,refresh.runRefreshWithCache,transitive,1001,m2-closure-0.1,2026-06-20T14:33:57.158Z
4277,43,src/refresh.zig,refresh.std,transitive,8,m2-closure-0.1,2026-06-20T14:33:57.158Z
4277,43,src/rotate_webhooks.zig,rotate_webhooks.Allocator,transitive,9,m2-closure-0.1,2026-06-20T14:33:57.157Z
4277,43,src/rotate_webhooks.zig,rotate_webhooks.Io,transitive,7,m2-closure-0.1,2026-06-20T14:33:57.157Z
4277,43,src/rotate_webhooks.zig,rotate_webhooks.RotateResult,transitive,26,m2-closure-0.1,2026-06-20T14:33:57.158Z
4277,43,src/rotate_webhooks.zig,rotate_webhooks.RotateWebhooksArgs,transitive,54,m2-closure-0.1,2026-06-20T14:33:57.158Z
4277,43,src/rotate_webhooks.zig,rotate_webhooks.cache_mod,transitive,8,m2-closure-0.1,2026-06-20T14:33:57.158Z
4277,43,src/rotate_webhooks.zig,rotate_webhooks.runRotateWebhooks,reference,261,m2-closure-0.1,2026-06-20T14:33:57.156Z
4277,43,src/rotate_webhooks.zig,rotate_webhooks.runRotateWebhooksWithCache,transitive,987,m2-closure-0.1,2026-06-20T14:33:57.158Z
4277,43,src/rotate_webhooks.zig,rotate_webhooks.std,transitive,8,m2-closure-0.1,2026-06-20T14:33:57.157Z
4277,43,src/status.zig,status.Allocator,transitive,9,m2-closure-0.1,2026-06-20T14:33:57.157Z
4277,43,src/status.zig,status.Io,transitive,7,m2-closure-0.1,2026-06-20T14:33:57.157Z
4277,43,src/status.zig,status.StatusArgs,transitive,23,m2-closure-0.1,2026-06-20T14:33:57.157Z
4277,43,src/status.zig,status.StatusResult,transitive,16,m2-closure-0.1,2026-06-20T14:33:57.158Z
4277,43,src/status.zig,status.cache_mod,transitive,8,m2-closure-0.1,2026-06-20T14:33:57.156Z
4277,43,src/status.zig,status.runStatus,reference,226,m2-closure-0.1,2026-06-20T14:33:57.158Z
4277,43,src/status.zig,status.runStatusWithCache,transitive,724,m2-closure-0.1,2026-06-20T14:33:57.158Z
4277,43,src/status.zig,status.std,transitive,8,m2-closure-0.1,2026-06-20T14:33:57.157Z
4278,43,planner_proptest,"planner_proptest.test:proptest-ext: ext-inv1 round-trip (mixed mode, 100 iterations)",modify,0,m2-closure-0.1,2026-06-20T14:33:57.989Z
4278,43,planner_proptest,"planner_proptest.test:proptest-ext: ext-inv2 no-op stability (all_present mode, 100 iterations)",modify,0,m2-closure-0.1,2026-06-20T14:33:57.990Z
4278,43,planner_proptest,"planner_proptest.test:proptest-ext: ext-inv3 capability-respect (mixed mode, 100 iterations)",modify,0,m2-closure-0.1,2026-06-20T14:33:57.989Z
4278,43,planner_proptest,"planner_proptest.test:proptest-ext: ext-inv4 drift-detection (all_absent mode, 100 iterations)",modify,0,m2-closure-0.1,2026-06-20T14:33:57.989Z
4278,43,planner_proptest,"planner_proptest.test:proptest-ext: extension shrinker finds minimal counterexample",modify,0,m2-closure-0.1,2026-06-20T14:33:57.990Z
4278,43,planner_proptest,"planner_proptest.test:proptest-ext: gitlab branch_protection.required_reviews never drifts (100 iterations)",modify,0,m2-closure-0.1,2026-06-20T14:33:57.990Z
4278,43,planner_proptest,"planner_proptest.test:proptest-ext: malformed payloads trigger drift on all 4 extension kinds",modify,0,m2-closure-0.1,2026-06-20T14:33:57.988Z
4278,43,planner_proptest,"planner_proptest.test:proptest-ext: ssh-bare capability-respect — all extensions unsupported (100 iterations)",modify,0,m2-closure-0.1,2026-06-20T14:33:57.990Z
4278,43,planner_proptest,"planner_proptest.test:proptest: invariant 1 — plan-of-plan is empty (100 iterations)",modify,0,m2-closure-0.1,2026-06-20T14:33:57.988Z
4278,43,planner_proptest,"planner_proptest.test:proptest: invariant 2 — commutative across repos (100 iterations)",modify,0,m2-closure-0.1,2026-06-20T14:33:57.988Z
4278,43,planner_proptest,"planner_proptest.test:proptest: invariant 3 — no spurious ops (100 iterations)",modify,0,m2-closure-0.1,2026-06-20T14:33:57.990Z
4278,43,planner_proptest,"planner_proptest.test:proptest: invariant 4 — capability matrix honored (100 iterations)",modify,0,m2-closure-0.1,2026-06-20T14:33:57.989Z
4278,43,planner_proptest,"planner_proptest.test:proptest: shrinker finds minimal counterexample (negative test)",modify,0,m2-closure-0.1,2026-06-20T14:33:57.988Z
4278,43,src/cache.zig,cache.Cache,reference,4255,m2-closure-0.1,2026-06-20T14:33:57.989Z
4278,43,src/cache.zig,cache.Cache.applyMigration,transitive,4255,m2-closure-0.1,2026-06-20T14:33:57.990Z
4278,43,src/cache.zig,cache.Cache.db,transitive,4255,m2-closure-0.1,2026-06-20T14:33:57.989Z
4278,43,src/cache.zig,cache.Cache.runMigrations,transitive,4255,m2-closure-0.1,2026-06-20T14:33:57.989Z
4278,43,src/cache.zig,cache.Cache.schemaVersion,transitive,4255,m2-closure-0.1,2026-06-20T14:33:57.990Z
4278,43,src/cache.zig,cache.CacheError,transitive,26,m2-closure-0.1,2026-06-20T14:33:57.989Z
4278,43,src/cache.zig,cache.Migration,transitive,18,m2-closure-0.1,2026-06-20T14:33:57.990Z
4278,43,src/cache.zig,cache.c,transitive,10,m2-closure-0.1,2026-06-20T14:33:57.988Z
4278,43,src/cache.zig,cache.migrations,transitive,101,m2-closure-0.1,2026-06-20T14:33:57.989Z
4278,43,src/cache.zig,cache.std,transitive,8,m2-closure-0.1,2026-06-20T14:33:57.989Z
4278,43,src/cache.zig,cache.translateRc,transitive,80,m2-closure-0.1,2026-06-20T14:33:57.988Z
4278,43,src/manifest.zig,manifest.FleetManifest,reference,40,m2-closure-0.1,2026-06-20T14:33:57.990Z
4278,43,src/manifest.zig,manifest.FleetMeta,transitive,22,m2-closure-0.1,2026-06-20T14:33:57.989Z
4278,43,src/manifest.zig,manifest.Policies,transitive,20,m2-closure-0.1,2026-06-20T14:33:57.989Z
4278,43,src/manifest.zig,manifest.ProviderConfig,reference,27,m2-closure-0.1,2026-06-20T14:33:57.990Z
4278,43,src/manifest.zig,manifest.Repo,reference,95,m2-closure-0.1,2026-06-20T14:33:57.990Z
4278,43,src/manifest.zig,manifest.Template,reference,15,m2-closure-0.1,2026-06-20T14:33:57.989Z
4278,43,src/manifest.zig,manifest.std,transitive,8,m2-closure-0.1,2026-06-20T14:33:57.989Z
4278,43,src/planner.zig,planner.ExtensionOp,transitive,46,m2-closure-0.1,2026-06-20T14:33:57.989Z
4278,43,src/planner.zig,planner.ObservedExtensionSettings,reference,47,m2-closure-0.1,2026-06-20T14:33:57.990Z
4278,43,src/planner.zig,planner.Plan,transitive,46,m2-closure-0.1,2026-06-20T14:33:57.989Z
4278,43,src/planner.zig,planner.PlanAction,transitive,74,m2-closure-0.1,2026-06-20T14:33:57.989Z
4278,43,src/planner.zig,planner.cache_mod,transitive,8,m2-closure-0.1,2026-06-20T14:33:57.989Z
4278,43,src/planner.zig,planner.capabilityMatrixFor,transitive,428,m2-closure-0.1,2026-06-20T14:33:57.990Z
4278,43,src/planner.zig,planner.deriveOwner,transitive,163,m2-closure-0.1,2026-06-20T14:33:57.989Z
4278,43,src/planner.zig,planner.manifest,transitive,8,m2-closure-0.1,2026-06-20T14:33:57.989Z
4278,43,src/planner.zig,planner.op_kind_create,transitive,11,m2-closure-0.1,2026-06-20T14:33:57.988Z
4278,43,src/planner.zig,planner.op_kind_delete,transitive,11,m2-closure-0.1,2026-06-20T14:33:57.990Z
4278,43,src/planner.zig,planner.op_kind_no_op,transitive,11,m2-closure-0.1,2026-06-20T14:33:57.989Z
4278,43,src/planner.zig,planner.op_kind_update,transitive,11,m2-closure-0.1,2026-06-20T14:33:57.989Z
4278,43,src/planner.zig,planner.plan,reference,53,m2-closure-0.1,2026-06-20T14:33:57.990Z
4278,43,src/planner.zig,planner.planExtensionField,transitive,465,m2-closure-0.1,2026-06-20T14:33:57.988Z
4278,43,src/planner.zig,planner.planWithExtensions,reference,1094,m2-closure-0.1,2026-06-20T14:33:57.989Z
4278,43,src/planner.zig,planner.std,transitive,8,m2-closure-0.1,2026-06-20T14:33:57.990Z
4278,43,src/planner_proptest.zig,planner_proptest.ExtGenMode,modify,12,m2-closure-0.1,2026-06-20T14:33:57.989Z
4278,43,src/planner_proptest.zig,planner_proptest.ExtGenMode,reference,12,m2-closure-0.1,2026-06-20T14:33:57.989Z
4278,43,src/planner_proptest.zig,planner_proptest.ExtShrinkResult,modify,32,m2-closure-0.1,2026-06-20T14:33:57.989Z
4278,43,src/planner_proptest.zig,planner_proptest.ExtShrinkResult,reference,32,m2-closure-0.1,2026-06-20T14:33:57.989Z
4278,43,src/planner_proptest.zig,planner_proptest.ExtensionInput,modify,32,m2-closure-0.1,2026-06-20T14:33:57.989Z
4278,43,src/planner_proptest.zig,planner_proptest.ExtensionInput,reference,32,m2-closure-0.1,2026-06-20T14:33:57.989Z
4278,43,src/planner_proptest.zig,planner_proptest.ProviderShape,modify,21,m2-closure-0.1,2026-06-20T14:33:57.988Z
4278,43,src/planner_proptest.zig,planner_proptest.ProviderShape,reference,21,m2-closure-0.1,2026-06-20T14:33:57.989Z
4278,43,src/planner_proptest.zig,planner_proptest.ShrinkResult,modify,24,m2-closure-0.1,2026-06-20T14:33:57.989Z
4278,43,src/planner_proptest.zig,planner_proptest.ShrinkResult,reference,24,m2-closure-0.1,2026-06-20T14:33:57.988Z
4278,43,src/planner_proptest.zig,planner_proptest.cache_mod,modify,8,m2-closure-0.1,2026-06-20T14:33:57.989Z
4278,43,src/planner_proptest.zig,planner_proptest.cache_mod,reference,8,m2-closure-0.1,2026-06-20T14:33:57.989Z
4278,43,src/planner_proptest.zig,planner_proptest.clearRepoDefaultBranch,modify,69,m2-closure-0.1,2026-06-20T14:33:57.989Z
4278,43,src/planner_proptest.zig,planner_proptest.clearRepoDefaultBranch,reference,69,m2-closure-0.1,2026-06-20T14:33:57.988Z
4278,43,src/planner_proptest.zig,planner_proptest.clearRepoExtensionKeys,modify,72,m2-closure-0.1,2026-06-20T14:33:57.989Z
4278,43,src/planner_proptest.zig,planner_proptest.clearRepoExtensionKeys,reference,72,m2-closure-0.1,2026-06-20T14:33:57.989Z
4278,43,src/planner_proptest.zig,planner_proptest.clearRepoPrivate,modify,69,m2-closure-0.1,2026-06-20T14:33:57.988Z
4278,43,src/planner_proptest.zig,planner_proptest.clearRepoPrivate,reference,69,m2-closure-0.1,2026-06-20T14:33:57.989Z
4278,43,src/planner_proptest.zig,planner_proptest.cloneFleet,modify,405,m2-closure-0.1,2026-06-20T14:33:57.989Z
4278,43,src/planner_proptest.zig,planner_proptest.cloneFleet,reference,405,m2-closure-0.1,2026-06-20T14:33:57.988Z
4278,43,src/planner_proptest.zig,planner_proptest.cloneObserved,modify,86,m2-closure-0.1,2026-06-20T14:33:57.988Z
4278,43,src/planner_proptest.zig,planner_proptest.cloneObserved,reference,86,m2-closure-0.1,2026-06-20T14:33:57.989Z
4278,43,src/planner_proptest.zig,planner_proptest.cloneObservedExt,modify,151,m2-closure-0.1,2026-06-20T14:33:57.990Z
4278,43,src/planner_proptest.zig,planner_proptest.cloneObservedExt,reference,151,m2-closure-0.1,2026-06-20T14:33:57.990Z
4278,43,src/planner_proptest.zig,planner_proptest.cloneObservedRow,modify,122,m2-closure-0.1,2026-06-20T14:33:57.989Z
4278,43,src/planner_proptest.zig,planner_proptest.cloneObservedRow,reference,122,m2-closure-0.1,2026-06-20T14:33:57.988Z
4278,43,src/planner_proptest.zig,planner_proptest.compareActionMultisets,modify,293,m2-closure-0.1,2026-06-20T14:33:57.990Z
4278,43,src/planner_proptest.zig,planner_proptest.compareActionMultisets,reference,293,m2-closure-0.1,2026-06-20T14:33:57.988Z
4278,43,src/planner_proptest.zig,planner_proptest.deriveOwnerFromConfig,modify,163,m2-closure-0.1,2026-06-20T14:33:57.989Z
4278,43,src/planner_proptest.zig,planner_proptest.deriveOwnerFromConfig,reference,163,m2-closure-0.1,2026-06-20T14:33:57.988Z
4278,43,src/planner_proptest.zig,planner_proptest.extFailsInvariant1,modify,58,m2-closure-0.1,2026-06-20T14:33:57.989Z
4278,43,src/planner_proptest.zig,planner_proptest.extFailsInvariant1,reference,58,m2-closure-0.1,2026-06-20T14:33:57.989Z
4278,43,src/planner_proptest.zig,planner_proptest.extFailsInvariant2,modify,58,m2-closure-0.1,2026-06-20T14:33:57.990Z
4278,43,src/planner_proptest.zig,planner_proptest.extFailsInvariant2,reference,58,m2-closure-0.1,2026-06-20T14:33:57.989Z
4278,43,src/planner_proptest.zig,planner_proptest.extFailsInvariant3,modify,58,m2-closure-0.1,2026-06-20T14:33:57.989Z
4278,43,src/planner_proptest.zig,planner_proptest.extFailsInvariant3,reference,58,m2-closure-0.1,2026-06-20T14:33:57.989Z
4278,43,src/planner_proptest.zig,planner_proptest.extFailsInvariant4,modify,58,m2-closure-0.1,2026-06-20T14:33:57.990Z
4278,43,src/planner_proptest.zig,planner_proptest.extFailsInvariant4,reference,58,m2-closure-0.1,2026-06-20T14:33:57.989Z
4278,43,src/planner_proptest.zig,planner_proptest.extInvariantCapabilityRespect,modify,438,m2-closure-0.1,2026-06-20T14:33:57.990Z
4278,43,src/planner_proptest.zig,planner_proptest.extInvariantCapabilityRespect,reference,438,m2-closure-0.1,2026-06-20T14:33:57.989Z
4278,43,src/planner_proptest.zig,planner_proptest.extInvariantDriftDetection,modify,437,m2-closure-0.1,2026-06-20T14:33:57.989Z
4278,43,src/planner_proptest.zig,planner_proptest.extInvariantDriftDetection,reference,437,m2-closure-0.1,2026-06-20T14:33:57.988Z
4278,43,src/planner_proptest.zig,planner_proptest.extInvariantNoOpStability,modify,119,m2-closure-0.1,2026-06-20T14:33:57.988Z
4278,43,src/planner_proptest.zig,planner_proptest.extInvariantNoOpStability,reference,119,m2-closure-0.1,2026-06-20T14:33:57.989Z
4278,43,src/planner_proptest.zig,planner_proptest.extInvariantRoundTrip,modify,1150,m2-closure-0.1,2026-06-20T14:33:57.990Z
4278,43,src/planner_proptest.zig,planner_proptest.extInvariantRoundTrip,reference,1150,m2-closure-0.1,2026-06-20T14:33:57.989Z
4278,43,src/planner_proptest.zig,planner_proptest.extension_key_sets,modify,116,m2-closure-0.1,2026-06-20T14:33:57.989Z
4278,43,src/planner_proptest.zig,planner_proptest.extension_key_sets,reference,116,m2-closure-0.1,2026-06-20T14:33:57.990Z
4278,43,src/planner_proptest.zig,planner_proptest.failsInvariant1,modify,47,m2-closure-0.1,2026-06-20T14:33:57.989Z
4278,43,src/planner_proptest.zig,planner_proptest.failsInvariant1,reference,47,m2-closure-0.1,2026-06-20T14:33:57.989Z
4278,43,src/planner_proptest.zig,planner_proptest.failsInvariant2,modify,47,m2-closure-0.1,2026-06-20T14:33:57.989Z
4278,43,src/planner_proptest.zig,planner_proptest.failsInvariant2,reference,47,m2-closure-0.1,2026-06-20T14:33:57.990Z
4278,43,src/planner_proptest.zig,planner_proptest.failsInvariant3,modify,47,m2-closure-0.1,2026-06-20T14:33:57.989Z
4278,43,src/planner_proptest.zig,planner_proptest.failsInvariant3,reference,47,m2-closure-0.1,2026-06-20T14:33:57.989Z
4278,43,src/planner_proptest.zig,planner_proptest.failsInvariant4,modify,47,m2-closure-0.1,2026-06-20T14:33:57.988Z
4278,43,src/planner_proptest.zig,planner_proptest.failsInvariant4,reference,47,m2-closure-0.1,2026-06-20T14:33:57.989Z
4278,43,src/planner_proptest.zig,planner_proptest.findManifestRepo,modify,56,m2-closure-0.1,2026-06-20T14:33:57.988Z
4278,43,src/planner_proptest.zig,planner_proptest.findManifestRepo,reference,56,m2-closure-0.1,2026-06-20T14:33:57.989Z
4278,43,src/planner_proptest.zig,planner_proptest.findObserved,modify,108,m2-closure-0.1,2026-06-20T14:33:57.990Z
4278,43,src/planner_proptest.zig,planner_proptest.findObserved,reference,108,m2-closure-0.1,2026-06-20T14:33:57.989Z
4278,43,src/planner_proptest.zig,planner_proptest.generateCIPayloadDisabled,modify,33,m2-closure-0.1,2026-06-20T14:33:57.988Z
4278,43,src/planner_proptest.zig,planner_proptest.generateCIPayloadDisabled,reference,33,m2-closure-0.1,2026-06-20T14:33:57.989Z
4278,43,src/planner_proptest.zig,planner_proptest.generateCIPayloadEnabled,modify,33,m2-closure-0.1,2026-06-20T14:33:57.990Z
4278,43,src/planner_proptest.zig,planner_proptest.generateCIPayloadEnabled,reference,33,m2-closure-0.1,2026-06-20T14:33:57.990Z
4278,43,src/planner_proptest.zig,planner_proptest.generateCollaboratorsPayload,modify,181,m2-closure-0.1,2026-06-20T14:33:57.989Z
4278,43,src/planner_proptest.zig,planner_proptest.generateCollaboratorsPayload,reference,181,m2-closure-0.1,2026-06-20T14:33:57.989Z
4278,43,src/planner_proptest.zig,planner_proptest.generateExtPayload,modify,242,m2-closure-0.1,2026-06-20T14:33:57.989Z
4278,43,src/planner_proptest.zig,planner_proptest.generateExtPayload,reference,242,m2-closure-0.1,2026-06-20T14:33:57.989Z
4278,43,src/planner_proptest.zig,planner_proptest.generateExtensionInput,modify,772,m2-closure-0.1,2026-06-20T14:33:57.989Z
4278,43,src/planner_proptest.zig,planner_proptest.generateExtensionInput,reference,772,m2-closure-0.1,2026-06-20T14:33:57.989Z
4278,43,src/planner_proptest.zig,planner_proptest.generateFleet,modify,631,m2-closure-0.1,2026-06-20T14:33:57.990Z
4278,43,src/planner_proptest.zig,planner_proptest.generateFleet,reference,631,m2-closure-0.1,2026-06-20T14:33:57.989Z
4278,43,src/planner_proptest.zig,planner_proptest.generateGithubBranchProtectionPayload,modify,102,m2-closure-0.1,2026-06-20T14:33:57.990Z
4278,43,src/planner_proptest.zig,planner_proptest.generateGithubBranchProtectionPayload,reference,102,m2-closure-0.1,2026-06-20T14:33:57.988Z
4278,43,src/planner_proptest.zig,planner_proptest.generateGithubWebhooksPayload,modify,202,m2-closure-0.1,2026-06-20T14:33:57.990Z
4278,43,src/planner_proptest.zig,planner_proptest.generateGithubWebhooksPayload,reference,202,m2-closure-0.1,2026-06-20T14:33:57.989Z
4278,43,src/planner_proptest.zig,planner_proptest.generateGitlabBranchProtectionPayload,modify,84,m2-closure-0.1,2026-06-20T14:33:57.988Z
4278,43,src/planner_proptest.zig,planner_proptest.generateGitlabBranchProtectionPayload,reference,84,m2-closure-0.1,2026-06-20T14:33:57.988Z
4278,43,src/planner_proptest.zig,planner_proptest.generateGitlabWebhooksPayload,modify,307,m2-closure-0.1,2026-06-20T14:33:57.989Z
4278,43,src/planner_proptest.zig,planner_proptest.generateGitlabWebhooksPayload,reference,307,m2-closure-0.1,2026-06-20T14:33:57.989Z
4278,43,src/planner_proptest.zig,planner_proptest.generateObservedState,modify,619,m2-closure-0.1,2026-06-20T14:33:57.989Z
4278,43,src/planner_proptest.zig,planner_proptest.generateObservedState,reference,619,m2-closure-0.1,2026-06-20T14:33:57.989Z
4278,43,src/planner_proptest.zig,planner_proptest.invariantCapabilityMatrixHonored,modify,126,m2-closure-0.1,2026-06-20T14:33:57.989Z
4278,43,src/planner_proptest.zig,planner_proptest.invariantCapabilityMatrixHonored,reference,126,m2-closure-0.1,2026-06-20T14:33:57.990Z
4278,43,src/planner_proptest.zig,planner_proptest.invariantCommutativeAcrossRepos,modify,261,m2-closure-0.1,2026-06-20T14:33:57.990Z
4278,43,src/planner_proptest.zig,planner_proptest.invariantCommutativeAcrossRepos,reference,261,m2-closure-0.1,2026-06-20T14:33:57.990Z
4278,43,src/planner_proptest.zig,planner_proptest.invariantNoSpuriousOps,modify,254,m2-closure-0.1,2026-06-20T14:33:57.990Z
4278,43,src/planner_proptest.zig,planner_proptest.invariantNoSpuriousOps,reference,254,m2-closure-0.1,2026-06-20T14:33:57.990Z
4278,43,src/planner_proptest.zig,planner_proptest.invariantPlanOfPlanIsEmpty,modify,508,m2-closure-0.1,2026-06-20T14:33:57.990Z
4278,43,src/planner_proptest.zig,planner_proptest.invariantPlanOfPlanIsEmpty,reference,508,m2-closure-0.1,2026-06-20T14:33:57.989Z
4278,43,src/planner_proptest.zig,planner_proptest.manifest,modify,8,m2-closure-0.1,2026-06-20T14:33:57.988Z
4278,43,src/planner_proptest.zig,planner_proptest.manifest,reference,8,m2-closure-0.1,2026-06-20T14:33:57.990Z
4278,43,src/planner_proptest.zig,planner_proptest.planner,modify,8,m2-closure-0.1,2026-06-20T14:33:57.989Z
4278,43,src/planner_proptest.zig,planner_proptest.planner,reference,8,m2-closure-0.1,2026-06-20T14:33:57.989Z
4278,43,src/planner_proptest.zig,planner_proptest.printCounterexample,modify,161,m2-closure-0.1,2026-06-20T14:33:57.989Z
4278,43,src/planner_proptest.zig,planner_proptest.printCounterexample,reference,161,m2-closure-0.1,2026-06-20T14:33:57.988Z
4278,43,src/planner_proptest.zig,planner_proptest.printExtCounterexample,modify,186,m2-closure-0.1,2026-06-20T14:33:57.990Z
4278,43,src/planner_proptest.zig,planner_proptest.printExtCounterexample,reference,186,m2-closure-0.1,2026-06-20T14:33:57.990Z
4278,43,src/planner_proptest.zig,planner_proptest.provider_shapes,modify,49,m2-closure-0.1,2026-06-20T14:33:57.989Z
4278,43,src/planner_proptest.zig,planner_proptest.provider_shapes,reference,49,m2-closure-0.1,2026-06-20T14:33:57.988Z
4278,43,src/planner_proptest.zig,planner_proptest.removeExtAt,modify,169,m2-closure-0.1,2026-06-20T14:33:57.989Z
4278,43,src/planner_proptest.zig,planner_proptest.removeExtAt,reference,169,m2-closure-0.1,2026-06-20T14:33:57.989Z
4278,43,src/planner_proptest.zig,planner_proptest.removeExtForRepo,modify,224,m2-closure-0.1,2026-06-20T14:33:57.990Z
4278,43,src/planner_proptest.zig,planner_proptest.removeExtForRepo,reference,224,m2-closure-0.1,2026-06-20T14:33:57.989Z
4278,43,src/planner_proptest.zig,planner_proptest.removeFleetRepo,modify,128,m2-closure-0.1,2026-06-20T14:33:57.989Z
4278,43,src/planner_proptest.zig,planner_proptest.removeFleetRepo,reference,128,m2-closure-0.1,2026-06-20T14:33:57.989Z
4278,43,src/planner_proptest.zig,planner_proptest.removeObservedAt,modify,104,m2-closure-0.1,2026-06-20T14:33:57.990Z
4278,43,src/planner_proptest.zig,planner_proptest.removeObservedAt,reference,104,m2-closure-0.1,2026-06-20T14:33:57.990Z
4278,43,src/planner_proptest.zig,planner_proptest.removeObservedRepo,modify,159,m2-closure-0.1,2026-06-20T14:33:57.989Z
4278,43,src/planner_proptest.zig,planner_proptest.removeObservedRepo,reference,159,m2-closure-0.1,2026-06-20T14:33:57.988Z
4278,43,src/planner_proptest.zig,planner_proptest.runProperty,modify,386,m2-closure-0.1,2026-06-20T14:33:57.990Z
4278,43,src/planner_proptest.zig,planner_proptest.runProperty,reference,386,m2-closure-0.1,2026-06-20T14:33:57.989Z
4278,43,src/planner_proptest.zig,planner_proptest.runPropertyWithExtensions,modify,455,m2-closure-0.1,2026-06-20T14:33:57.990Z
4278,43,src/planner_proptest.zig,planner_proptest.runPropertyWithExtensions,reference,455,m2-closure-0.1,2026-06-20T14:33:57.989Z
4278,43,src/planner_proptest.zig,planner_proptest.sample_branch_patterns,modify,20,m2-closure-0.1,2026-06-20T14:33:57.988Z
4278,43,src/planner_proptest.zig,planner_proptest.sample_branch_patterns,reference,20,m2-closure-0.1,2026-06-20T14:33:57.989Z
4278,43,src/planner_proptest.zig,planner_proptest.sample_branches,modify,23,m2-closure-0.1,2026-06-20T14:33:57.989Z
4278,43,src/planner_proptest.zig,planner_proptest.sample_branches,reference,23,m2-closure-0.1,2026-06-20T14:33:57.990Z
4278,43,src/planner_proptest.zig,planner_proptest.sample_content_types,modify,16,m2-closure-0.1,2026-06-20T14:33:57.990Z
4278,43,src/planner_proptest.zig,planner_proptest.sample_content_types,reference,16,m2-closure-0.1,2026-06-20T14:33:57.990Z
4278,43,src/planner_proptest.zig,planner_proptest.sample_handles,modify,22,m2-closure-0.1,2026-06-20T14:33:57.989Z
4278,43,src/planner_proptest.zig,planner_proptest.sample_handles,reference,22,m2-closure-0.1,2026-06-20T14:33:57.989Z
4278,43,src/planner_proptest.zig,planner_proptest.sample_roles,modify,22,m2-closure-0.1,2026-06-20T14:33:57.989Z
4278,43,src/planner_proptest.zig,planner_proptest.sample_roles,reference,22,m2-closure-0.1,2026-06-20T14:33:57.988Z
4278,43,src/planner_proptest.zig,planner_proptest.sample_urls,modify,19,m2-closure-0.1,2026-06-20T14:33:57.989Z
4278,43,src/planner_proptest.zig,planner_proptest.sample_urls,reference,19,m2-closure-0.1,2026-06-20T14:33:57.989Z
4278,43,src/planner_proptest.zig,planner_proptest.sample_webhook_events_gitlab,modify,20,m2-closure-0.1,2026-06-20T14:33:57.989Z
4278,43,src/planner_proptest.zig,planner_proptest.sample_webhook_events_gitlab,reference,20,m2-closure-0.1,2026-06-20T14:33:57.990Z
4278,43,src/planner_proptest.zig,planner_proptest.shrink,modify,487,m2-closure-0.1,2026-06-20T14:33:57.990Z
4278,43,src/planner_proptest.zig,planner_proptest.shrink,reference,487,m2-closure-0.1,2026-06-20T14:33:57.990Z
4278,43,src/planner_proptest.zig,planner_proptest.shrinkWithExtensions,modify,660,m2-closure-0.1,2026-06-20T14:33:57.988Z
4278,43,src/planner_proptest.zig,planner_proptest.shrinkWithExtensions,reference,660,m2-closure-0.1,2026-06-20T14:33:57.989Z
4278,43,src/planner_proptest.zig,planner_proptest.std,modify,8,m2-closure-0.1,2026-06-20T14:33:57.989Z
4278,43,src/planner_proptest.zig,planner_proptest.std,reference,8,m2-closure-0.1,2026-06-20T14:33:57.988Z
4278,43,src/planner_proptest.zig,planner_proptest.testing,modify,7,m2-closure-0.1,2026-06-20T14:33:57.989Z
4278,43,src/planner_proptest.zig,planner_proptest.testing,reference,7,m2-closure-0.1,2026-06-20T14:33:57.990Z
4279,43,apply,"apply.test:--json output schema: typed parse into ApplyOutput round-trips plan/outcomes/summary",modify,0,m2-closure-0.1,2026-06-20T14:33:59.793Z
4279,43,apply,"apply.test:--json: dry-run output parses as JSON with expected schema",modify,0,m2-closure-0.1,2026-06-20T14:33:59.794Z
4279,43,apply,"apply.test:--resume classification: 2 done + 1 retried after first apply with 1 failure",modify,0,m2-closure-0.1,2026-06-20T14:33:59.795Z
4279,43,apply,"apply.test:--resume flag: output includes resume summary (2 skipped done / 1 retried / 0 fresh)",modify,0,m2-closure-0.1,2026-06-20T14:33:59.794Z
4279,43,apply,"apply.test:--resume on fresh cache: all 3 repos classified fresh",modify,0,m2-closure-0.1,2026-06-20T14:33:59.796Z
4279,43,apply,"apply.test:S-E1 --json: empty manifest produces valid JSON nothing-to-do",modify,0,m2-closure-0.1,2026-06-20T14:33:59.791Z
4279,43,apply,"apply.test:S-E1: empty [[repos]] → nothing to do, zero audit rows",modify,0,m2-closure-0.1,2026-06-20T14:33:59.792Z
4279,43,apply,"apply.test:S-G1: branch_protection on ssh-bare → UnsupportedField warning, audit_log extension_skip, exit 0",modify,0,m2-closure-0.1,2026-06-20T14:33:59.793Z
4279,43,apply,"apply.test:S-H1: 3-repo manifest + stub REST + bare push target → all 3 succeed, 3 audit rows",modify,0,m2-closure-0.1,2026-06-20T14:33:59.791Z
4279,43,apply,"apply.test:S-H2: mixed-provider fleet apply — 2 GitHub + 2 GitLab, all 4 succeed",modify,0,m2-closure-0.1,2026-06-20T14:33:59.794Z
4279,43,apply,"apply.test:audit_log quoting safety: extension_skip repo+field with quotes and backslashes survives JSON round-trip",modify,0,m2-closure-0.1,2026-06-20T14:33:59.796Z
4279,43,apply,"apply.test:audit_log quoting safety: repo name with quotes and backslashes survives JSON round-trip",modify,0,m2-closure-0.1,2026-06-20T14:33:59.793Z
4279,43,apply,"apply.test:cross-provider isolation: gitlab 422 does not prevent github repo from succeeding",modify,0,m2-closure-0.1,2026-06-20T14:33:59.791Z
4279,43,apply,"apply.test:dispatchExtensionOps: branch_protection_set calls BranchProtectionVTable.set",modify,0,m2-closure-0.1,2026-06-20T14:33:59.793Z
4279,43,apply,"apply.test:dispatchExtensionOps: gitlab — branch_protection_set receives owner%2Fname repo_id (task 3558)",modify,0,m2-closure-0.1,2026-06-20T14:33:59.791Z
4279,43,apply,"apply.test:dry-run: prints plan, exits 0, zero API calls, zero audit rows",modify,0,m2-closure-0.1,2026-06-20T14:33:59.794Z
4279,43,apply,"apply.test:extension on github warns: capability-driven, not provider-hardcoded",modify,0,m2-closure-0.1,2026-06-20T14:33:59.793Z
4279,43,apply,"apply.test:findCompletedScaffold: true when matching row exists, false otherwise",modify,0,m2-closure-0.1,2026-06-20T14:33:59.791Z
4279,43,apply,"apply.test:idempotency: second apply skips repos with prior successful push_initial_commit",modify,0,m2-closure-0.1,2026-06-20T14:33:59.791Z
4279,43,apply,"apply.test:no-extensions ssh-bare: scaffold succeeds, zero extension_skip rows",modify,0,m2-closure-0.1,2026-06-20T14:33:59.795Z
4279,43,apply,"apply.test:op_kind: backward-compat NULL row is readable after migration 0003",modify,0,m2-closure-0.1,2026-06-20T14:33:59.794Z
4279,43,apply,"apply.test:op_kind: writeAuditLog writes and reads back op_kind correctly",modify,0,m2-closure-0.1,2026-06-20T14:33:59.795Z
4279,43,apply,"apply.test:op_kind: writeAuditLogForScaffold derives op_kind via @tagName(opKind(op))",modify,0,m2-closure-0.1,2026-06-20T14:33:59.793Z
4279,43,apply,"apply.test:per-repo best-effort: stub returns 422 → all repos fail, exit non-zero, 3 failure rows",modify,0,m2-closure-0.1,2026-06-20T14:33:59.793Z
4279,43,apply,"apply.test:per-repo isolation: 201/422/201 sequence → 2 succeeded, 1 failed, all 3 in stdout",modify,0,m2-closure-0.1,2026-06-20T14:33:59.796Z
4279,43,apply,"apply.test:scenario 386 apply arm: already-scaffolded repo with BP drift → PUT reaches production path",modify,0,m2-closure-0.1,2026-06-20T14:33:59.795Z
4279,43,apply,"apply.test:task 3269: already-scaffolded repo with default_branch drift → PATCH reaches production path",modify,0,m2-closure-0.1,2026-06-20T14:33:59.796Z
4279,43,apply,"apply.test:writeAuditLog: inserts rows with correct fields",modify,0,m2-closure-0.1,2026-06-20T14:33:59.796Z
4279,43,main,"main.test:FTS5 absent: fts5 virtual table returns error",modify,0,m2-closure-0.1,2026-06-20T14:33:59.794Z
4279,43,main,"main.test:help text: root help lists all M7 verbs",modify,0,m2-closure-0.1,2026-06-20T14:33:59.795Z
4279,43,main,"main.test:libgit2 SSH feature bit is set",modify,0,m2-closure-0.1,2026-06-20T14:33:59.793Z
4279,43,main,"main.test:libgit2 in-memory SSH credentials are enabled",modify,0,m2-closure-0.1,2026-06-20T14:33:59.791Z
4279,43,main,"main.test:libgit2 version is callable and non-zero",modify,0,m2-closure-0.1,2026-06-20T14:33:59.791Z
4279,43,main,"main.test:libssh2 version string is non-empty",modify,0,m2-closure-0.1,2026-06-20T14:33:59.791Z
4279,43,main,"main.test:parse: --help yields a help result",modify,0,m2-closure-0.1,2026-06-20T14:33:59.794Z
4279,43,main,"main.test:parse: -v short flag enables verbose",modify,0,m2-closure-0.1,2026-06-20T14:33:59.792Z
4279,43,main,"main.test:parse: apply --dry-run --manifest --json all set",modify,0,m2-closure-0.1,2026-06-20T14:33:59.793Z
4279,43,main,"main.test:parse: apply --dry-run sets dry_run",modify,0,m2-closure-0.1,2026-06-20T14:33:59.792Z
4279,43,main,"main.test:parse: apply --help yields help for the apply path",modify,0,m2-closure-0.1,2026-06-20T14:33:59.796Z
4279,43,main,"main.test:parse: apply --manifest <path> sets manifest",modify,0,m2-closure-0.1,2026-06-20T14:33:59.792Z
4279,43,main,"main.test:parse: apply --resume --json sets both",modify,0,m2-closure-0.1,2026-06-20T14:33:59.796Z
4279,43,main,"main.test:parse: apply sets defaults (no dry-run, fleet.toml manifest)",modify,0,m2-closure-0.1,2026-06-20T14:33:59.794Z
4279,43,main,"main.test:parse: apply-policy --dry-run --json all set",modify,0,m2-closure-0.1,2026-06-20T14:33:59.795Z
4279,43,main,"main.test:parse: apply-policy --filter sets filter",modify,0,m2-closure-0.1,2026-06-20T14:33:59.792Z
4279,43,main,"main.test:parse: apply-policy positional captured",modify,0,m2-closure-0.1,2026-06-20T14:33:59.792Z
4279,43,main,"main.test:parse: apply-policy with no positional is a required-positional error",modify,0,m2-closure-0.1,2026-06-20T14:33:59.794Z
4279,43,main,"main.test:parse: archive --dry-run sets dry_run",modify,0,m2-closure-0.1,2026-06-20T14:33:59.791Z
4279,43,main,"main.test:parse: archive --filter sets filter",modify,0,m2-closure-0.1,2026-06-20T14:33:59.791Z
4279,43,main,"main.test:parse: archive --json sets json",modify,0,m2-closure-0.1,2026-06-20T14:33:59.795Z
4279,43,main,"main.test:parse: capabilities <kind> --json sets json",modify,0,m2-closure-0.1,2026-06-20T14:33:59.791Z
4279,43,main,"main.test:parse: capabilities <kind> captures positional",modify,0,m2-closure-0.1,2026-06-20T14:33:59.794Z
4279,43,main,"main.test:parse: capabilities with no kind is a required-positional error",modify,0,m2-closure-0.1,2026-06-20T14:33:59.796Z
4279,43,main,"main.test:parse: completion <shell> captures the choice",modify,0,m2-closure-0.1,2026-06-20T14:33:59.794Z
4279,43,main,"main.test:parse: completion with no shell is a required-positional error",modify,0,m2-closure-0.1,2026-06-20T14:33:59.792Z
4279,43,main,"main.test:parse: discover --org --project sets both",modify,0,m2-closure-0.1,2026-06-20T14:33:59.791Z
4279,43,main,"main.test:parse: discover --org sets org, leaves others null",modify,0,m2-closure-0.1,2026-06-20T14:33:59.792Z
4279,43,main,"main.test:parse: discover --ssh-dir sets ssh_dir",modify,0,m2-closure-0.1,2026-06-20T14:33:59.793Z
4279,43,main,"main.test:parse: discover --user sets user",modify,0,m2-closure-0.1,2026-06-20T14:33:59.794Z
4279,43,main,"main.test:parse: mv --dry-run sets dry_run",modify,0,m2-closure-0.1,2026-06-20T14:33:59.793Z
4279,43,main,"main.test:parse: mv --json sets json",modify,0,m2-closure-0.1,2026-06-20T14:33:59.795Z
4279,43,main,"main.test:parse: mv positionals captured",modify,0,m2-closure-0.1,2026-06-20T14:33:59.795Z
4279,43,main,"main.test:parse: mv with no positionals is a required-positional error",modify,0,m2-closure-0.1,2026-06-20T14:33:59.796Z
4279,43,main,"main.test:parse: plan --json sets json",modify,0,m2-closure-0.1,2026-06-20T14:33:59.793Z
4279,43,main,"main.test:parse: plan defaults to fleet.toml",modify,0,m2-closure-0.1,2026-06-20T14:33:59.792Z
4279,43,main,"main.test:parse: query --json sets json",modify,0,m2-closure-0.1,2026-06-20T14:33:59.793Z
4279,43,main,"main.test:parse: query --sql hidden flag parses",modify,0,m2-closure-0.1,2026-06-20T14:33:59.794Z
4279,43,main,"main.test:parse: query --sql hidden: absent from non-hidden help text",modify,0,m2-closure-0.1,2026-06-20T14:33:59.795Z
4279,43,main,"main.test:parse: query with expr positional",modify,0,m2-closure-0.1,2026-06-20T14:33:59.792Z
4279,43,main,"main.test:parse: query with no positional uses default empty string",modify,0,m2-closure-0.1,2026-06-20T14:33:59.791Z
4279,43,main,"main.test:parse: refresh --manifest sets manifest",modify,0,m2-closure-0.1,2026-06-20T14:33:59.792Z
4279,43,main,"main.test:parse: rotate-webhooks --dry-run sets dry_run",modify,0,m2-closure-0.1,2026-06-20T14:33:59.792Z
4279,43,main,"main.test:parse: rotate-webhooks --filter sets filter",modify,0,m2-closure-0.1,2026-06-20T14:33:59.792Z
4279,43,main,"main.test:parse: rotate-webhooks --to required flag parses",modify,0,m2-closure-0.1,2026-06-20T14:33:59.795Z
4279,43,main,"main.test:parse: rotate-webhooks --to required: missing is an error",modify,0,m2-closure-0.1,2026-06-20T14:33:59.793Z
4279,43,main,"main.test:parse: schema matches the schema command",modify,0,m2-closure-0.1,2026-06-20T14:33:59.792Z
4279,43,main,"main.test:parse: status --json sets json",modify,0,m2-closure-0.1,2026-06-20T14:33:59.793Z
4279,43,main,"main.test:parse: status --manifest sets manifest",modify,0,m2-closure-0.1,2026-06-20T14:33:59.796Z
4279,43,main,"main.test:parse: unknown flag errors",modify,0,m2-closure-0.1,2026-06-20T14:33:59.791Z
4279,43,main,"main.test:parse: unknown subcommand errors",modify,0,m2-closure-0.1,2026-06-20T14:33:59.796Z
4279,43,main,"main.test:schema command emits non-empty JSON naming every verb",modify,0,m2-closure-0.1,2026-06-20T14:33:59.792Z
4279,43,main,"main.test:version string has expected prefix",modify,0,m2-closure-0.1,2026-06-20T14:33:59.794Z
4279,43,main,"main.test:version string is non-empty",modify,0,m2-closure-0.1,2026-06-20T14:33:59.792Z
4279,43,src/apply.zig,apply.Allocator,modify,9,m2-closure-0.1,2026-06-20T14:33:59.794Z
4279,43,src/apply.zig,apply.Allocator,reference,9,m2-closure-0.1,2026-06-20T14:33:59.796Z
4279,43,src/apply.zig,apply.Allocator,transitive,9,m2-closure-0.1,2026-06-20T14:33:59.791Z
4279,43,src/apply.zig,apply.ApplyArgs,modify,40,m2-closure-0.1,2026-06-20T14:33:59.793Z
4279,43,src/apply.zig,apply.ApplyArgs,reference,40,m2-closure-0.1,2026-06-20T14:33:59.791Z
4279,43,src/apply.zig,apply.ApplyArgs,transitive,40,m2-closure-0.1,2026-06-20T14:33:59.793Z
4279,43,src/apply.zig,apply.ApplyOutput,modify,26,m2-closure-0.1,2026-06-20T14:33:59.792Z
4279,43,src/apply.zig,apply.ApplyOutput,reference,26,m2-closure-0.1,2026-06-20T14:33:59.793Z
4279,43,src/apply.zig,apply.ApplyOutputWithResume,modify,29,m2-closure-0.1,2026-06-20T14:33:59.792Z
4279,43,src/apply.zig,apply.ApplyOutputWithResume,reference,29,m2-closure-0.1,2026-06-20T14:33:59.796Z
4279,43,src/apply.zig,apply.ApplyResult,modify,16,m2-closure-0.1,2026-06-20T14:33:59.793Z
4279,43,src/apply.zig,apply.ApplyResult,reference,16,m2-closure-0.1,2026-06-20T14:33:59.794Z
4279,43,src/apply.zig,apply.ApplyResult,transitive,16,m2-closure-0.1,2026-06-20T14:33:59.795Z
4279,43,src/apply.zig,apply.ApplyResult.nothing_to_do,reference,16,m2-closure-0.1,2026-06-20T14:33:59.793Z
4279,43,src/apply.zig,apply.ApplyResult.ok,reference,16,m2-closure-0.1,2026-06-20T14:33:59.791Z
4279,43,src/apply.zig,apply.ApplyResult.some_failed,reference,16,m2-closure-0.1,2026-06-20T14:33:59.795Z
4279,43,src/apply.zig,apply.ApplySummary,modify,24,m2-closure-0.1,2026-06-20T14:33:59.792Z
4279,43,src/apply.zig,apply.ApplySummary,reference,24,m2-closure-0.1,2026-06-20T14:33:59.791Z
4279,43,src/apply.zig,apply.AuditDetails,modify,28,m2-closure-0.1,2026-06-20T14:33:59.796Z
4279,43,src/apply.zig,apply.AuditDetails,reference,28,m2-closure-0.1,2026-06-20T14:33:59.792Z
4279,43,src/apply.zig,apply.CollaboratorPayload,modify,20,m2-closure-0.1,2026-06-20T14:33:59.792Z
4279,43,src/apply.zig,apply.CollaboratorPayload,reference,20,m2-closure-0.1,2026-06-20T14:33:59.794Z
4279,43,src/apply.zig,apply.ExtensionSkipDetails,modify,28,m2-closure-0.1,2026-06-20T14:33:59.791Z
4279,43,src/apply.zig,apply.ExtensionSkipDetails,reference,28,m2-closure-0.1,2026-06-20T14:33:59.796Z
4279,43,src/apply.zig,apply.Io,modify,7,m2-closure-0.1,2026-06-20T14:33:59.792Z
4279,43,src/apply.zig,apply.Io,reference,7,m2-closure-0.1,2026-06-20T14:33:59.795Z
4279,43,src/apply.zig,apply.Io,transitive,7,m2-closure-0.1,2026-06-20T14:33:59.791Z
4279,43,src/apply.zig,apply.MultiSeqStubCtx,modify,57,m2-closure-0.1,2026-06-20T14:33:59.792Z
4279,43,src/apply.zig,apply.MultiSeqStubCtx,reference,57,m2-closure-0.1,2026-06-20T14:33:59.791Z
4279,43,src/apply.zig,apply.PlanEntry,modify,29,m2-closure-0.1,2026-06-20T14:33:59.791Z
4279,43,src/apply.zig,apply.PlanEntry,reference,29,m2-closure-0.1,2026-06-20T14:33:59.793Z
4279,43,src/apply.zig,apply.RepoOutcome,modify,33,m2-closure-0.1,2026-06-20T14:33:59.795Z
4279,43,src/apply.zig,apply.RepoOutcome,reference,33,m2-closure-0.1,2026-06-20T14:33:59.793Z
4279,43,src/apply.zig,apply.RepoStatus,modify,13,m2-closure-0.1,2026-06-20T14:33:59.792Z
4279,43,src/apply.zig,apply.RepoStatus,reference,13,m2-closure-0.1,2026-06-20T14:33:59.795Z
4279,43,src/apply.zig,apply.ResumeClass,modify,13,m2-closure-0.1,2026-06-20T14:33:59.791Z
4279,43,src/apply.zig,apply.ResumeClass,reference,13,m2-closure-0.1,2026-06-20T14:33:59.792Z
4279,43,src/apply.zig,apply.ResumeClass.done,reference,13,m2-closure-0.1,2026-06-20T14:33:59.792Z
4279,43,src/apply.zig,apply.ResumeClass.fresh,reference,13,m2-closure-0.1,2026-06-20T14:33:59.794Z
4279,43,src/apply.zig,apply.ResumeClass.retried,reference,13,m2-closure-0.1,2026-06-20T14:33:59.794Z
4279,43,src/apply.zig,apply.ResumeSummary,modify,20,m2-closure-0.1,2026-06-20T14:33:59.796Z
4279,43,src/apply.zig,apply.ResumeSummary,reference,20,m2-closure-0.1,2026-06-20T14:33:59.796Z
4279,43,src/apply.zig,apply.StubCtx,modify,62,m2-closure-0.1,2026-06-20T14:33:59.795Z
4279,43,src/apply.zig,apply.StubCtx,reference,62,m2-closure-0.1,2026-06-20T14:33:59.793Z
4279,43,src/apply.zig,apply.buildScaffoldExtensionAction,modify,538,m2-closure-0.1,2026-06-20T14:33:59.795Z
4279,43,src/apply.zig,apply.buildScaffoldExtensionAction,reference,538,m2-closure-0.1,2026-06-20T14:33:59.793Z
4279,43,src/apply.zig,apply.c,modify,10,m2-closure-0.1,2026-06-20T14:33:59.795Z
4279,43,src/apply.zig,apply.c,reference,10,m2-closure-0.1,2026-06-20T14:33:59.793Z
4279,43,src/apply.zig,apply.cache_mod,modify,8,m2-closure-0.1,2026-06-20T14:33:59.791Z
4279,43,src/apply.zig,apply.cache_mod,reference,8,m2-closure-0.1,2026-06-20T14:33:59.791Z
4279,43,src/apply.zig,apply.cache_mod,transitive,8,m2-closure-0.1,2026-06-20T14:33:59.791Z
4279,43,src/apply.zig,apply.classifyForResume,modify,63,m2-closure-0.1,2026-06-20T14:33:59.794Z
4279,43,src/apply.zig,apply.classifyForResume,reference,63,m2-closure-0.1,2026-06-20T14:33:59.794Z
4279,43,src/apply.zig,apply.countAuditRows,modify,105,m2-closure-0.1,2026-06-20T14:33:59.795Z
4279,43,src/apply.zig,apply.countAuditRows,reference,105,m2-closure-0.1,2026-06-20T14:33:59.793Z
4279,43,src/apply.zig,apply.countAuditRowsByDetails,modify,256,m2-closure-0.1,2026-06-20T14:33:59.791Z
4279,43,src/apply.zig,apply.countAuditRowsByDetails,reference,256,m2-closure-0.1,2026-06-20T14:33:59.792Z
4279,43,src/apply.zig,apply.countAuditRowsByProvider,modify,291,m2-closure-0.1,2026-06-20T14:33:59.792Z
4279,43,src/apply.zig,apply.countAuditRowsByProvider,reference,291,m2-closure-0.1,2026-06-20T14:33:59.791Z
4279,43,src/apply.zig,apply.countAuditRowsWhere,modify,208,m2-closure-0.1,2026-06-20T14:33:59.796Z
4279,43,src/apply.zig,apply.countAuditRowsWhere,reference,208,m2-closure-0.1,2026-06-20T14:33:59.793Z
4279,43,src/apply.zig,apply.credentials_mod,modify,8,m2-closure-0.1,2026-06-20T14:33:59.793Z
4279,43,src/apply.zig,apply.credentials_mod,reference,8,m2-closure-0.1,2026-06-20T14:33:59.796Z
4279,43,src/apply.zig,apply.dispatchDriftExtensionsForRepo,modify,1093,m2-closure-0.1,2026-06-20T14:33:59.793Z
4279,43,src/apply.zig,apply.dispatchDriftExtensionsForRepo,reference,1093,m2-closure-0.1,2026-06-20T14:33:59.792Z
4279,43,src/apply.zig,apply.dispatchDriftKernelForRepo,modify,1305,m2-closure-0.1,2026-06-20T14:33:59.796Z
4279,43,src/apply.zig,apply.dispatchDriftKernelForRepo,reference,1305,m2-closure-0.1,2026-06-20T14:33:59.793Z
4279,43,src/apply.zig,apply.dispatchExtensionOps,modify,1407,m2-closure-0.1,2026-06-20T14:33:59.794Z
4279,43,src/apply.zig,apply.dispatchExtensionOps,reference,1407,m2-closure-0.1,2026-06-20T14:33:59.792Z
4279,43,src/apply.zig,apply.emitExtensionWarnings,modify,288,m2-closure-0.1,2026-06-20T14:33:59.795Z
4279,43,src/apply.zig,apply.emitExtensionWarnings,reference,288,m2-closure-0.1,2026-06-20T14:33:59.791Z
4279,43,src/apply.zig,apply.executeDryRun,modify,251,m2-closure-0.1,2026-06-20T14:33:59.794Z
4279,43,src/apply.zig,apply.executeDryRun,reference,251,m2-closure-0.1,2026-06-20T14:33:59.795Z
4279,43,src/apply.zig,apply.executeLive,modify,1531,m2-closure-0.1,2026-06-20T14:33:59.796Z
4279,43,src/apply.zig,apply.executeLive,reference,1531,m2-closure-0.1,2026-06-20T14:33:59.791Z
4279,43,src/apply.zig,apply.findAnyScaffoldAttempt,modify,270,m2-closure-0.1,2026-06-20T14:33:59.792Z
4279,43,src/apply.zig,apply.findAnyScaffoldAttempt,reference,270,m2-closure-0.1,2026-06-20T14:33:59.794Z
4279,43,src/apply.zig,apply.findCompletedScaffold,modify,271,m2-closure-0.1,2026-06-20T14:33:59.795Z
4279,43,src/apply.zig,apply.findCompletedScaffold,reference,271,m2-closure-0.1,2026-06-20T14:33:59.791Z
4279,43,src/apply.zig,apply.github_provider_mod,modify,8,m2-closure-0.1,2026-06-20T14:33:59.794Z
4279,43,src/apply.zig,apply.github_provider_mod,reference,8,m2-closure-0.1,2026-06-20T14:33:59.794Z
4279,43,src/apply.zig,apply.gitlab_mod,modify,8,m2-closure-0.1,2026-06-20T14:33:59.795Z
4279,43,src/apply.zig,apply.gitlab_mod,reference,8,m2-closure-0.1,2026-06-20T14:33:59.794Z
4279,43,src/apply.zig,apply.gitlab_provider_mod,modify,8,m2-closure-0.1,2026-06-20T14:33:59.792Z
4279,43,src/apply.zig,apply.gitlab_provider_mod,reference,8,m2-closure-0.1,2026-06-20T14:33:59.795Z
4279,43,src/apply.zig,apply.log,modify,8,m2-closure-0.1,2026-06-20T14:33:59.795Z
4279,43,src/apply.zig,apply.log,reference,8,m2-closure-0.1,2026-06-20T14:33:59.791Z
4279,43,src/apply.zig,apply.makeBareRepo,modify,256,m2-closure-0.1,2026-06-20T14:33:59.791Z
4279,43,src/apply.zig,apply.makeTempDir,modify,170,m2-closure-0.1,2026-06-20T14:33:59.791Z
4279,43,src/apply.zig,apply.makeTempDir,reference,170,m2-closure-0.1,2026-06-20T14:33:59.791Z
4279,43,src/apply.zig,apply.makeTestManifestSource,modify,148,m2-closure-0.1,2026-06-20T14:33:59.796Z
4279,43,src/apply.zig,apply.makeTestManifestSource,reference,148,m2-closure-0.1,2026-06-20T14:33:59.796Z
4279,43,src/apply.zig,apply.makeTestManifestSourceWithDefaultBranch,modify,124,m2-closure-0.1,2026-06-20T14:33:59.794Z
4279,43,src/apply.zig,apply.makeTestManifestSourceWithDefaultBranch,reference,124,m2-closure-0.1,2026-06-20T14:33:59.792Z
4279,43,src/apply.zig,apply.makeTestManifestSourceWithExtension,modify,115,m2-closure-0.1,2026-06-20T14:33:59.794Z
4279,43,src/apply.zig,apply.makeTestManifestSourceWithExtension,reference,115,m2-closure-0.1,2026-06-20T14:33:59.792Z
4279,43,src/apply.zig,apply.manifest_mod,modify,8,m2-closure-0.1,2026-06-20T14:33:59.795Z
4279,43,src/apply.zig,apply.manifest_mod,reference,8,m2-closure-0.1,2026-06-20T14:33:59.793Z
4279,43,src/apply.zig,apply.mkdir,modify,21,m2-closure-0.1,2026-06-20T14:33:59.794Z
4279,43,src/apply.zig,apply.mkdir,reference,21,m2-closure-0.1,2026-06-20T14:33:59.792Z
4279,43,src/apply.zig,apply.multiSeqServer,modify,475,m2-closure-0.1,2026-06-20T14:33:59.792Z
4279,43,src/apply.zig,apply.multiSeqServer,reference,475,m2-closure-0.1,2026-06-20T14:33:59.796Z
4279,43,src/apply.zig,apply.multiShotServer,modify,485,m2-closure-0.1,2026-06-20T14:33:59.796Z
4279,43,src/apply.zig,apply.multiShotServer,reference,485,m2-closure-0.1,2026-06-20T14:33:59.792Z
4279,43,src/apply.zig,apply.output_mod,modify,8,m2-closure-0.1,2026-06-20T14:33:59.794Z
4279,43,src/apply.zig,apply.output_mod,reference,8,m2-closure-0.1,2026-06-20T14:33:59.795Z
4279,43,src/apply.zig,apply.parseBranchProtectionPayload,modify,126,m2-closure-0.1,2026-06-20T14:33:59.794Z
4279,43,src/apply.zig,apply.parseBranchProtectionPayload,reference,126,m2-closure-0.1,2026-06-20T14:33:59.793Z
4279,43,src/apply.zig,apply.parseCollaboratorPayload,modify,226,m2-closure-0.1,2026-06-20T14:33:59.791Z
4279,43,src/apply.zig,apply.parseCollaboratorPayload,reference,226,m2-closure-0.1,2026-06-20T14:33:59.793Z
4279,43,src/apply.zig,apply.planner_mod,modify,8,m2-closure-0.1,2026-06-20T14:33:59.795Z
4279,43,src/apply.zig,apply.planner_mod,reference,8,m2-closure-0.1,2026-06-20T14:33:59.794Z
4279,43,src/apply.zig,apply.printApplyJson,modify,72,m2-closure-0.1,2026-06-20T14:33:59.795Z
4279,43,src/apply.zig,apply.printApplyJson,reference,72,m2-closure-0.1,2026-06-20T14:33:59.793Z
4279,43,src/apply.zig,apply.printApplyJsonWithResume,modify,82,m2-closure-0.1,2026-06-20T14:33:59.794Z
4279,43,src/apply.zig,apply.printApplyJsonWithResume,reference,82,m2-closure-0.1,2026-06-20T14:33:59.794Z
4279,43,src/apply.zig,apply.provider_mod,modify,8,m2-closure-0.1,2026-06-20T14:33:59.793Z
4279,43,src/apply.zig,apply.provider_mod,reference,8,m2-closure-0.1,2026-06-20T14:33:59.796Z
4279,43,src/apply.zig,apply.readOpKind,modify,261,m2-closure-0.1,2026-06-20T14:33:59.793Z
4279,43,src/apply.zig,apply.readOpKind,reference,261,m2-closure-0.1,2026-06-20T14:33:59.795Z
4279,43,src/apply.zig,apply.runApply,modify,226,m2-closure-0.1,2026-06-20T14:33:59.792Z
4279,43,src/apply.zig,apply.runApply,reference,226,m2-closure-0.1,2026-06-20T14:33:59.795Z
4279,43,src/apply.zig,apply.runApplyWithCache,modify,497,m2-closure-0.1,2026-06-20T14:33:59.792Z
4279,43,src/apply.zig,apply.runApplyWithCache,reference,497,m2-closure-0.1,2026-06-20T14:33:59.791Z
4279,43,src/apply.zig,apply.runApplyWithCache,transitive,497,m2-closure-0.1,2026-06-20T14:33:59.791Z
4279,43,src/apply.zig,apply.scaffoldOneRepo,modify,2441,m2-closure-0.1,2026-06-20T14:33:59.795Z
4279,43,src/apply.zig,apply.scaffoldOneRepo,reference,2441,m2-closure-0.1,2026-06-20T14:33:59.796Z
4279,43,src/apply.zig,apply.scaffoldSshBareRepo,modify,1400,m2-closure-0.1,2026-06-20T14:33:59.791Z
4279,43,src/apply.zig,apply.scaffoldSshBareRepo,reference,1400,m2-closure-0.1,2026-06-20T14:33:59.793Z
4279,43,src/apply.zig,apply.setenv,modify,31,m2-closure-0.1,2026-06-20T14:33:59.795Z
4279,43,src/apply.zig,apply.setenv,reference,31,m2-closure-0.1,2026-06-20T14:33:59.795Z
4279,43,src/apply.zig,apply.sshbare_provider_mod,modify,8,m2-closure-0.1,2026-06-20T14:33:59.792Z
4279,43,src/apply.zig,apply.sshbare_provider_mod,reference,8,m2-closure-0.1,2026-06-20T14:33:59.794Z
4279,43,src/apply.zig,apply.std,modify,8,m2-closure-0.1,2026-06-20T14:33:59.791Z
4279,43,src/apply.zig,apply.std,reference,8,m2-closure-0.1,2026-06-20T14:33:59.796Z
4279,43,src/apply.zig,apply.std,transitive,8,m2-closure-0.1,2026-06-20T14:33:59.791Z
4279,43,src/apply.zig,apply.stubSleepNs,modify,89,m2-closure-0.1,2026-06-20T14:33:59.794Z
4279,43,src/apply.zig,apply.stubSleepNs,reference,89,m2-closure-0.1,2026-06-20T14:33:59.792Z
4279,43,src/apply.zig,apply.template_mod,modify,8,m2-closure-0.1,2026-06-20T14:33:59.793Z
4279,43,src/apply.zig,apply.template_mod,reference,8,m2-closure-0.1,2026-06-20T14:33:59.794Z
4279,43,src/apply.zig,apply.unsetenv,modify,17,m2-closure-0.1,2026-06-20T14:33:59.794Z
4279,43,src/apply.zig,apply.unsetenv,reference,17,m2-closure-0.1,2026-06-20T14:33:59.795Z
4279,43,src/apply.zig,apply.validate_mod,modify,8,m2-closure-0.1,2026-06-20T14:33:59.792Z
4279,43,src/apply.zig,apply.validate_mod,reference,8,m2-closure-0.1,2026-06-20T14:33:59.793Z
4279,43,src/apply.zig,apply.writeAuditLog,modify,290,m2-closure-0.1,2026-06-20T14:33:59.794Z
4279,43,src/apply.zig,apply.writeAuditLog,reference,290,m2-closure-0.1,2026-06-20T14:33:59.796Z
4279,43,src/apply.zig,apply.writeAuditLogForScaffold,modify,139,m2-closure-0.1,2026-06-20T14:33:59.794Z
4279,43,src/apply.zig,apply.writeAuditLogForScaffold,reference,139,m2-closure-0.1,2026-06-20T14:33:59.793Z
4279,43,src/apply.zig,apply.writeAuditLogForScaffoldApply,modify,111,m2-closure-0.1,2026-06-20T14:33:59.795Z
4279,43,src/apply.zig,apply.writeAuditLogForScaffoldApply,reference,111,m2-closure-0.1,2026-06-20T14:33:59.794Z
4279,43,src/apply.zig,apply.writeExtensionAuditLog,modify,118,m2-closure-0.1,2026-06-20T14:33:59.793Z
4279,43,src/apply.zig,apply.writeExtensionAuditLog,reference,118,m2-closure-0.1,2026-06-20T14:33:59.794Z
4279,43,src/apply.zig,apply.writeManifestToTmpDir,modify,127,m2-closure-0.1,2026-06-20T14:33:59.792Z
4279,43,src/apply.zig,apply.writeManifestToTmpDir,reference,127,m2-closure-0.1,2026-06-20T14:33:59.795Z
4279,43,src/apply_policy.zig,apply_policy.Allocator,transitive,9,m2-closure-0.1,2026-06-20T14:33:59.791Z
4279,43,src/apply_policy.zig,apply_policy.ApplyPolicyArgs,transitive,50,m2-closure-0.1,2026-06-20T14:33:59.795Z
4279,43,src/apply_policy.zig,apply_policy.ApplyPolicyResult,transitive,26,m2-closure-0.1,2026-06-20T14:33:59.793Z
4279,43,src/apply_policy.zig,apply_policy.Io,transitive,7,m2-closure-0.1,2026-06-20T14:33:59.794Z
4279,43,src/apply_policy.zig,apply_policy.cache_mod,transitive,8,m2-closure-0.1,2026-06-20T14:33:59.794Z
4279,43,src/apply_policy.zig,apply_policy.runApplyPolicy,reference,226,m2-closure-0.1,2026-06-20T14:33:59.791Z
4279,43,src/apply_policy.zig,apply_policy.runApplyPolicyWithCache,transitive,2046,m2-closure-0.1,2026-06-20T14:33:59.793Z
4279,43,src/apply_policy.zig,apply_policy.std,transitive,8,m2-closure-0.1,2026-06-20T14:33:59.791Z
4279,43,src/archive.zig,archive.Allocator,transitive,9,m2-closure-0.1,2026-06-20T14:33:59.793Z
4279,43,src/archive.zig,archive.ArchiveArgs,transitive,43,m2-closure-0.1,2026-06-20T14:33:59.795Z
4279,43,src/archive.zig,archive.ArchiveResult,transitive,26,m2-closure-0.1,2026-06-20T14:33:59.792Z
4279,43,src/archive.zig,archive.Io,transitive,7,m2-closure-0.1,2026-06-20T14:33:59.793Z
4279,43,src/archive.zig,archive.cache_mod,transitive,8,m2-closure-0.1,2026-06-20T14:33:59.794Z
4279,43,src/archive.zig,archive.runArchive,reference,262,m2-closure-0.1,2026-06-20T14:33:59.796Z
4279,43,src/archive.zig,archive.runArchiveWithCache,transitive,679,m2-closure-0.1,2026-06-20T14:33:59.795Z
4279,43,src/archive.zig,archive.std,transitive,8,m2-closure-0.1,2026-06-20T14:33:59.793Z
4279,43,src/cache.zig,cache.Cache,reference,4255,m2-closure-0.1,2026-06-20T14:33:59.794Z
4279,43,src/cache.zig,cache.Cache,transitive,4255,m2-closure-0.1,2026-06-20T14:33:59.792Z
4279,43,src/cache.zig,cache.Cache.applyMigration,transitive,4255,m2-closure-0.1,2026-06-20T14:33:59.792Z
4279,43,src/cache.zig,cache.Cache.db,transitive,4255,m2-closure-0.1,2026-06-20T14:33:59.791Z
4279,43,src/cache.zig,cache.Cache.runMigrations,transitive,4255,m2-closure-0.1,2026-06-20T14:33:59.793Z
4279,43,src/cache.zig,cache.Cache.schemaVersion,transitive,4255,m2-closure-0.1,2026-06-20T14:33:59.796Z
4279,43,src/cache.zig,cache.CacheError,transitive,26,m2-closure-0.1,2026-06-20T14:33:59.791Z
4279,43,src/cache.zig,cache.Migration,transitive,18,m2-closure-0.1,2026-06-20T14:33:59.791Z
4279,43,src/cache.zig,cache.c,transitive,10,m2-closure-0.1,2026-06-20T14:33:59.792Z
4279,43,src/cache.zig,cache.migrations,transitive,101,m2-closure-0.1,2026-06-20T14:33:59.794Z
4279,43,src/cache.zig,cache.sqliteVersion,reference,27,m2-closure-0.1,2026-06-20T14:33:59.796Z
4279,43,src/cache.zig,cache.std,transitive,8,m2-closure-0.1,2026-06-20T14:33:59.791Z
4279,43,src/cache.zig,cache.translateRc,transitive,80,m2-closure-0.1,2026-06-20T14:33:59.792Z
4279,43,src/capabilities.zig,capabilities.CapabilitiesResult,transitive,15,m2-closure-0.1,2026-06-20T14:33:59.791Z
4279,43,src/capabilities.zig,capabilities.Io,transitive,7,m2-closure-0.1,2026-06-20T14:33:59.794Z
4279,43,src/capabilities.zig,capabilities.PROVIDER_KINDS,transitive,93,m2-closure-0.1,2026-06-20T14:33:59.795Z
4279,43,src/capabilities.zig,capabilities.availableKindNames,transitive,82,m2-closure-0.1,2026-06-20T14:33:59.792Z
4279,43,src/capabilities.zig,capabilities.buildCapabilitiesOutput,transitive,270,m2-closure-0.1,2026-06-20T14:33:59.795Z
4279,43,src/capabilities.zig,capabilities.log,transitive,8,m2-closure-0.1,2026-06-20T14:33:59.793Z
4279,43,src/capabilities.zig,capabilities.lookupProviderKind,transitive,59,m2-closure-0.1,2026-06-20T14:33:59.794Z
4279,43,src/capabilities.zig,capabilities.printCapabilitiesErrorJson,transitive,65,m2-closure-0.1,2026-06-20T14:33:59.791Z
4279,43,src/capabilities.zig,capabilities.printCapabilitiesHuman,transitive,376,m2-closure-0.1,2026-06-20T14:33:59.796Z
4279,43,src/capabilities.zig,capabilities.printCapabilitiesJson,transitive,29,m2-closure-0.1,2026-06-20T14:33:59.791Z
4279,43,src/capabilities.zig,capabilities.runCapabilities,reference,255,m2-closure-0.1,2026-06-20T14:33:59.791Z
4279,43,src/capabilities.zig,capabilities.std,transitive,8,m2-closure-0.1,2026-06-20T14:33:59.792Z
4279,43,src/credentials.zig,credentials.Allocator,transitive,9,m2-closure-0.1,2026-06-20T14:33:59.796Z
4279,43,src/credentials.zig,credentials.CredentialError,transitive,17,m2-closure-0.1,2026-06-20T14:33:59.794Z
4279,43,src/credentials.zig,credentials.CredentialResolver,reference,1012,m2-closure-0.1,2026-06-20T14:33:59.791Z
4279,43,src/credentials.zig,credentials.CredentialResolver.allocator,transitive,1012,m2-closure-0.1,2026-06-20T14:33:59.795Z
4279,43,src/credentials.zig,credentials.GitLabResolverOpts,transitive,19,m2-closure-0.1,2026-06-20T14:33:59.791Z
4279,43,src/credentials.zig,credentials.Io,transitive,7,m2-closure-0.1,2026-06-20T14:33:59.794Z
4279,43,src/credentials.zig,credentials.ResolutionAttempt,transitive,40,m2-closure-0.1,2026-06-20T14:33:59.794Z
4279,43,src/credentials.zig,credentials.ResolvedToken,transitive,31,m2-closure-0.1,2026-06-20T14:33:59.793Z
4279,43,src/credentials.zig,credentials.ResolverOpts,transitive,44,m2-closure-0.1,2026-06-20T14:33:59.792Z
4279,43,src/credentials.zig,credentials.log,transitive,8,m2-closure-0.1,2026-06-20T14:33:59.796Z
4279,43,src/credentials.zig,credentials.resolveGitLab,reference,358,m2-closure-0.1,2026-06-20T14:33:59.796Z
4279,43,src/credentials.zig,credentials.std,transitive,8,m2-closure-0.1,2026-06-20T14:33:59.792Z
4279,43,src/discovery.zig,discovery.DiscoverArgs,transitive,52,m2-closure-0.1,2026-06-20T14:33:59.791Z
4279,43,src/discovery.zig,discovery.DiscoverResult,transitive,16,m2-closure-0.1,2026-06-20T14:33:59.793Z
4279,43,src/discovery.zig,discovery.DiscoveryResult,transitive,18,m2-closure-0.1,2026-06-20T14:33:59.791Z
4279,43,src/discovery.zig,discovery.DiscoverySource,transitive,14,m2-closure-0.1,2026-06-20T14:33:59.794Z
4279,43,src/discovery.zig,discovery.FakeProvider,transitive,7,m2-closure-0.1,2026-06-20T14:33:59.791Z
4279,43,src/discovery.zig,discovery.Io,transitive,7,m2-closure-0.1,2026-06-20T14:33:59.791Z
4279,43,src/discovery.zig,discovery.buildDiscoveryOutput,transitive,148,m2-closure-0.1,2026-06-20T14:33:59.794Z
4279,43,src/discovery.zig,discovery.discoverFromOrg,transitive,160,m2-closure-0.1,2026-06-20T14:33:59.793Z
4279,43,src/discovery.zig,discovery.fake_mod,transitive,8,m2-closure-0.1,2026-06-20T14:33:59.796Z
4279,43,src/discovery.zig,discovery.log,transitive,8,m2-closure-0.1,2026-06-20T14:33:59.795Z
4279,43,src/discovery.zig,discovery.parseOrgQuery,transitive,101,m2-closure-0.1,2026-06-20T14:33:59.791Z
4279,43,src/discovery.zig,discovery.parseSshDirQuery,transitive,161,m2-closure-0.1,2026-06-20T14:33:59.792Z
4279,43,src/discovery.zig,discovery.printDiscoveryHuman,transitive,136,m2-closure-0.1,2026-06-20T14:33:59.795Z
4279,43,src/discovery.zig,discovery.printDiscoveryJson,transitive,29,m2-closure-0.1,2026-06-20T14:33:59.794Z
4279,43,src/discovery.zig,discovery.runDiscover,reference,536,m2-closure-0.1,2026-06-20T14:33:59.794Z
4279,43,src/discovery.zig,discovery.std,transitive,8,m2-closure-0.1,2026-06-20T14:33:59.794Z
4279,43,src/github/provider.zig,provider.GitHubProvider,reference,2702,m2-closure-0.1,2026-06-20T14:33:59.795Z
4279,43,src/github/provider.zig,provider.OrgOrUser,reference,25,m2-closure-0.1,2026-06-20T14:33:59.795Z
4279,43,src/gitlab.zig,gitlab.Allocator,transitive,9,m2-closure-0.1,2026-06-20T14:33:59.796Z
4279,43,src/gitlab.zig,gitlab.Client,transitive,1702,m2-closure-0.1,2026-06-20T14:33:59.792Z
4279,43,src/gitlab.zig,gitlab.encodeProjectPath,reference,49,m2-closure-0.1,2026-06-20T14:33:59.796Z
4279,43,src/gitlab.zig,gitlab.std,transitive,8,m2-closure-0.1,2026-06-20T14:33:59.793Z
4279,43,src/gitlab/extensions.zig,extensions.GitLabExtContext,transitive,25,m2-closure-0.1,2026-06-20T14:33:59.795Z
4279,43,src/gitlab/extensions.zig,extensions.gitlab_branch_protection_vtable,transitive,20,m2-closure-0.1,2026-06-20T14:33:59.795Z
4279,43,src/gitlab/extensions.zig,extensions.gitlab_ci_vtable,transitive,20,m2-closure-0.1,2026-06-20T14:33:59.791Z
4279,43,src/gitlab/extensions.zig,extensions.gitlab_collaborator_vtable,transitive,25,m2-closure-0.1,2026-06-20T14:33:59.794Z
4279,43,src/gitlab/extensions.zig,extensions.gitlab_webhook_vtable,transitive,30,m2-closure-0.1,2026-06-20T14:33:59.795Z
4279,43,src/gitlab/provider.zig,provider.Allocator,transitive,9,m2-closure-0.1,2026-06-20T14:33:59.796Z
4279,43,src/gitlab/provider.zig,provider.CapabilityMatrix,reference,7,m2-closure-0.1,2026-06-20T14:33:59.793Z
4279,43,src/gitlab/provider.zig,provider.GitLabProvider,reference,2749,m2-closure-0.1,2026-06-20T14:33:59.791Z
4279,43,src/gitlab/provider.zig,provider.GitLabProvider.allocator,transitive,2749,m2-closure-0.1,2026-06-20T14:33:59.796Z
4279,43,src/gitlab/provider.zig,provider.GitLabProvider.ext_ctx,transitive,2749,m2-closure-0.1,2026-06-20T14:33:59.792Z
4279,43,src/gitlab/provider.zig,provider.GitLabProvider.gl_client,transitive,2749,m2-closure-0.1,2026-06-20T14:33:59.795Z
4279,43,src/gitlab/provider.zig,provider.GitLabProvider.group_or_user,transitive,2749,m2-closure-0.1,2026-06-20T14:33:59.792Z
4279,43,src/gitlab/provider.zig,provider.GitLabProvider.http_client,transitive,2749,m2-closure-0.1,2026-06-20T14:33:59.794Z
4279,43,src/gitlab/provider.zig,provider.GitLabProvider.pending_branch,transitive,2749,m2-closure-0.1,2026-06-20T14:33:59.794Z
4279,43,src/gitlab/provider.zig,provider.GitLabProvider.pending_create_spec,transitive,2749,m2-closure-0.1,2026-06-20T14:33:59.794Z
4279,43,src/gitlab/provider.zig,provider.GitLabProvider.pending_project_id,transitive,2749,m2-closure-0.1,2026-06-20T14:33:59.794Z
4279,43,src/gitlab/provider.zig,provider.GitLabProvider.token,transitive,2749,m2-closure-0.1,2026-06-20T14:33:59.794Z
4279,43,src/gitlab/provider.zig,provider.GitLabProviderOpts,transitive,36,m2-closure-0.1,2026-06-20T14:33:59.792Z
4279,43,src/gitlab/provider.zig,provider.GroupOrUser,reference,25,m2-closure-0.1,2026-06-20T14:33:59.795Z
4279,43,src/gitlab/provider.zig,provider.OpKind,transitive,7,m2-closure-0.1,2026-06-20T14:33:59.792Z
4279,43,src/gitlab/provider.zig,provider.OpKinds,transitive,7,m2-closure-0.1,2026-06-20T14:33:59.796Z
4279,43,src/gitlab/provider.zig,provider.OpOutcome,reference,7,m2-closure-0.1,2026-06-20T14:33:59.793Z
4279,43,src/gitlab/provider.zig,provider.Provider,reference,7,m2-closure-0.1,2026-06-20T14:33:59.794Z
4279,43,src/gitlab/provider.zig,provider.VTable,reference,7,m2-closure-0.1,2026-06-20T14:33:59.791Z
4279,43,src/gitlab/provider.zig,provider.c,transitive,10,m2-closure-0.1,2026-06-20T14:33:59.793Z
4279,43,src/gitlab/provider.zig,provider.credentials,transitive,8,m2-closure-0.1,2026-06-20T14:33:59.792Z
4279,43,src/gitlab/provider.zig,provider.extensions,transitive,8,m2-closure-0.1,2026-06-20T14:33:59.795Z
4279,43,src/gitlab/provider.zig,provider.gitlab,transitive,8,m2-closure-0.1,2026-06-20T14:33:59.791Z
4279,43,src/gitlab/provider.zig,provider.gitlab_matrix,transitive,130,m2-closure-0.1,2026-06-20T14:33:59.796Z
4279,43,src/gitlab/provider.zig,provider.http_mod,transitive,8,m2-closure-0.1,2026-06-20T14:33:59.794Z
4279,43,src/gitlab/provider.zig,provider.mapClientError,transitive,400,m2-closure-0.1,2026-06-20T14:33:59.792Z
4279,43,src/gitlab/provider.zig,provider.opKind,reference,7,m2-closure-0.1,2026-06-20T14:33:59.791Z
4279,43,src/gitlab/provider.zig,provider.provider,transitive,8,m2-closure-0.1,2026-06-20T14:33:59.792Z
4279,43,src/gitlab/provider.zig,provider.std,transitive,8,m2-closure-0.1,2026-06-20T14:33:59.794Z
4279,43,src/http.zig,http.Client,transitive,940,m2-closure-0.1,2026-06-20T14:33:59.796Z
4279,43,src/log.zig,log.Verbosity,transitive,26,m2-closure-0.1,2026-06-20T14:33:59.791Z
4279,43,src/log.zig,log.current_verbosity,transitive,31,m2-closure-0.1,2026-06-20T14:33:59.793Z
4279,43,src/log.zig,log.emitKvToStderr,transitive,145,m2-closure-0.1,2026-06-20T14:33:59.794Z
4279,43,src/log.zig,log.errKv,reference,28,m2-closure-0.1,2026-06-20T14:33:59.795Z
4279,43,src/log.zig,log.errKv,transitive,28,m2-closure-0.1,2026-06-20T14:33:59.791Z
4279,43,src/log.zig,log.info,transitive,29,m2-closure-0.1,2026-06-20T14:33:59.794Z
4279,43,src/log.zig,log.setVerbosity,reference,24,m2-closure-0.1,2026-06-20T14:33:59.794Z
4279,43,src/main.zig,main.BINARY_NAME,modify,5,m2-closure-0.1,2026-06-20T14:33:59.793Z
4279,43,src/main.zig,main.BINARY_NAME,reference,5,m2-closure-0.1,2026-06-20T14:33:59.795Z
4279,43,src/main.zig,main.BINARY_VERSION,modify,5,m2-closure-0.1,2026-06-20T14:33:59.792Z
4279,43,src/main.zig,main.BINARY_VERSION,reference,5,m2-closure-0.1,2026-06-20T14:33:59.791Z
4279,43,src/main.zig,main.Io,modify,7,m2-closure-0.1,2026-06-20T14:33:59.792Z
4279,43,src/main.zig,main.Io,reference,7,m2-closure-0.1,2026-06-20T14:33:59.796Z
4279,43,src/main.zig,main.apply,modify,8,m2-closure-0.1,2026-06-20T14:33:59.792Z
4279,43,src/main.zig,main.apply,reference,8,m2-closure-0.1,2026-06-20T14:33:59.795Z
4279,43,src/main.zig,main.applyVerbosity,modify,25,m2-closure-0.1,2026-06-20T14:33:59.792Z
4279,43,src/main.zig,main.applyVerbosity,reference,25,m2-closure-0.1,2026-06-20T14:33:59.793Z
4279,43,src/main.zig,main.apply_policy,modify,8,m2-closure-0.1,2026-06-20T14:33:59.793Z
4279,43,src/main.zig,main.apply_policy,reference,8,m2-closure-0.1,2026-06-20T14:33:59.794Z
4279,43,src/main.zig,main.archive,modify,8,m2-closure-0.1,2026-06-20T14:33:59.795Z
4279,43,src/main.zig,main.archive,reference,8,m2-closure-0.1,2026-06-20T14:33:59.796Z
4279,43,src/main.zig,main.buildVersionOutput,modify,152,m2-closure-0.1,2026-06-20T14:33:59.791Z
4279,43,src/main.zig,main.buildVersionOutput,reference,152,m2-closure-0.1,2026-06-20T14:33:59.793Z
4279,43,src/main.zig,main.c,modify,10,m2-closure-0.1,2026-06-20T14:33:59.795Z
4279,43,src/main.zig,main.c,reference,10,m2-closure-0.1,2026-06-20T14:33:59.793Z
4279,43,src/main.zig,main.cache,modify,8,m2-closure-0.1,2026-06-20T14:33:59.792Z
4279,43,src/main.zig,main.cache,reference,8,m2-closure-0.1,2026-06-20T14:33:59.791Z
4279,43,src/main.zig,main.capabilities,modify,8,m2-closure-0.1,2026-06-20T14:33:59.791Z
4279,43,src/main.zig,main.capabilities,reference,8,m2-closure-0.1,2026-06-20T14:33:59.796Z
4279,43,src/main.zig,main.cli,modify,8,m2-closure-0.1,2026-06-20T14:33:59.794Z
4279,43,src/main.zig,main.cli,reference,8,m2-closure-0.1,2026-06-20T14:33:59.794Z
4279,43,src/main.zig,main.discovery,modify,8,m2-closure-0.1,2026-06-20T14:33:59.796Z
4279,43,src/main.zig,main.discovery,reference,8,m2-closure-0.1,2026-06-20T14:33:59.796Z
4279,43,src/main.zig,main.features_h,modify,5,m2-closure-0.1,2026-06-20T14:33:59.795Z
4279,43,src/main.zig,main.features_h,reference,5,m2-closure-0.1,2026-06-20T14:33:59.794Z
4279,43,src/main.zig,main.global_flags,modify,79,m2-closure-0.1,2026-06-20T14:33:59.794Z
4279,43,src/main.zig,main.global_flags,reference,79,m2-closure-0.1,2026-06-20T14:33:59.795Z
4279,43,src/main.zig,main.log,modify,8,m2-closure-0.1,2026-06-20T14:33:59.794Z
4279,43,src/main.zig,main.log,reference,8,m2-closure-0.1,2026-06-20T14:33:59.793Z
4279,43,src/main.zig,main.main,modify,1768,m2-closure-0.1,2026-06-20T14:33:59.793Z
4279,43,src/main.zig,main.manifest_flag,modify,41,m2-closure-0.1,2026-06-20T14:33:59.791Z
4279,43,src/main.zig,main.manifest_flag,reference,41,m2-closure-0.1,2026-06-20T14:33:59.794Z
4279,43,src/main.zig,main.mv,modify,8,m2-closure-0.1,2026-06-20T14:33:59.795Z
4279,43,src/main.zig,main.mv,reference,8,m2-closure-0.1,2026-06-20T14:33:59.793Z
4279,43,src/main.zig,main.output,modify,8,m2-closure-0.1,2026-06-20T14:33:59.794Z
4279,43,src/main.zig,main.output,reference,8,m2-closure-0.1,2026-06-20T14:33:59.792Z
4279,43,src/main.zig,main.pathsEqual,modify,72,m2-closure-0.1,2026-06-20T14:33:59.795Z
4279,43,src/main.zig,main.pathsEqual,reference,72,m2-closure-0.1,2026-06-20T14:33:59.796Z
4279,43,src/main.zig,main.printHelp,modify,138,m2-closure-0.1,2026-06-20T14:33:59.796Z
4279,43,src/main.zig,main.printHelp,reference,138,m2-closure-0.1,2026-06-20T14:33:59.793Z
4279,43,src/main.zig,main.query,modify,8,m2-closure-0.1,2026-06-20T14:33:59.791Z
4279,43,src/main.zig,main.query,reference,8,m2-closure-0.1,2026-06-20T14:33:59.791Z
4279,43,src/main.zig,main.refresh,modify,8,m2-closure-0.1,2026-06-20T14:33:59.791Z
4279,43,src/main.zig,main.refresh,reference,8,m2-closure-0.1,2026-06-20T14:33:59.796Z
4279,43,src/main.zig,main.root,modify,980,m2-closure-0.1,2026-06-20T14:33:59.796Z
4279,43,src/main.zig,main.root,reference,980,m2-closure-0.1,2026-06-20T14:33:59.795Z
4279,43,src/main.zig,main.rotate_webhooks,modify,8,m2-closure-0.1,2026-06-20T14:33:59.791Z
4279,43,src/main.zig,main.rotate_webhooks,reference,8,m2-closure-0.1,2026-06-20T14:33:59.791Z
4279,43,src/main.zig,main.sqlite_c,modify,5,m2-closure-0.1,2026-06-20T14:33:59.793Z
4279,43,src/main.zig,main.sqlite_c,reference,5,m2-closure-0.1,2026-06-20T14:33:59.792Z
4279,43,src/main.zig,main.status,modify,8,m2-closure-0.1,2026-06-20T14:33:59.792Z
4279,43,src/main.zig,main.status,reference,8,m2-closure-0.1,2026-06-20T14:33:59.791Z
4279,43,src/main.zig,main.std,modify,8,m2-closure-0.1,2026-06-20T14:33:59.794Z
4279,43,src/main.zig,main.std,reference,8,m2-closure-0.1,2026-06-20T14:33:59.793Z
4279,43,src/main.zig,main.version,modify,9,m2-closure-0.1,2026-06-20T14:33:59.793Z
4279,43,src/main.zig,main.version,reference,9,m2-closure-0.1,2026-06-20T14:33:59.791Z
4279,43,src/manifest.zig,manifest.FleetManifest,reference,40,m2-closure-0.1,2026-06-20T14:33:59.793Z
4279,43,src/manifest.zig,manifest.FleetMeta,transitive,22,m2-closure-0.1,2026-06-20T14:33:59.792Z
4279,43,src/manifest.zig,manifest.ParseResult,transitive,19,m2-closure-0.1,2026-06-20T14:33:59.793Z
4279,43,src/manifest.zig,manifest.Policies,transitive,20,m2-closure-0.1,2026-06-20T14:33:59.791Z
4279,43,src/manifest.zig,manifest.ProviderConfig,reference,27,m2-closure-0.1,2026-06-20T14:33:59.795Z
4279,43,src/manifest.zig,manifest.Repo,reference,95,m2-closure-0.1,2026-06-20T14:33:59.795Z
4279,43,src/manifest.zig,manifest.Template,transitive,15,m2-closure-0.1,2026-06-20T14:33:59.795Z
4279,43,src/manifest.zig,manifest.parse,reference,106,m2-closure-0.1,2026-06-20T14:33:59.792Z
4279,43,src/manifest.zig,manifest.parseImpl,transitive,2522,m2-closure-0.1,2026-06-20T14:33:59.795Z
4279,43,src/manifest.zig,manifest.std,transitive,8,m2-closure-0.1,2026-06-20T14:33:59.795Z
4279,43,src/mv.zig,mv.Allocator,transitive,9,m2-closure-0.1,2026-06-20T14:33:59.794Z
4279,43,src/mv.zig,mv.Io,transitive,7,m2-closure-0.1,2026-06-20T14:33:59.791Z
4279,43,src/mv.zig,mv.MvArgs,transitive,60,m2-closure-0.1,2026-06-20T14:33:59.794Z
4279,43,src/mv.zig,mv.MvResult,transitive,26,m2-closure-0.1,2026-06-20T14:33:59.793Z
4279,43,src/mv.zig,mv.cache_mod,transitive,8,m2-closure-0.1,2026-06-20T14:33:59.795Z
4279,43,src/mv.zig,mv.runMv,reference,313,m2-closure-0.1,2026-06-20T14:33:59.794Z
4279,43,src/mv.zig,mv.runMvWithCache,transitive,920,m2-closure-0.1,2026-06-20T14:33:59.796Z
4279,43,src/mv.zig,mv.std,transitive,8,m2-closure-0.1,2026-06-20T14:33:59.793Z
4279,43,src/output.zig,output.Io,transitive,7,m2-closure-0.1,2026-06-20T14:33:59.794Z
4279,43,src/output.zig,output.VersionOutput,reference,43,m2-closure-0.1,2026-06-20T14:33:59.791Z
4279,43,src/output.zig,output.printJson,reference,45,m2-closure-0.1,2026-06-20T14:33:59.791Z
4279,43,src/output.zig,output.printJson,transitive,45,m2-closure-0.1,2026-06-20T14:33:59.793Z
4279,43,src/output.zig,output.printVersionHuman,reference,51,m2-closure-0.1,2026-06-20T14:33:59.793Z
4279,43,src/output.zig,output.printVersionJson,reference,27,m2-closure-0.1,2026-06-20T14:33:59.792Z
4279,43,src/output.zig,output.std,transitive,8,m2-closure-0.1,2026-06-20T14:33:59.796Z
4279,43,src/planner.zig,planner.ActionKind,transitive,15,m2-closure-0.1,2026-06-20T14:33:59.791Z
4279,43,src/planner.zig,planner.ExtensionOp,reference,46,m2-closure-0.1,2026-06-20T14:33:59.793Z
4279,43,src/planner.zig,planner.ExtensionOpKind,transitive,33,m2-closure-0.1,2026-06-20T14:33:59.793Z
4279,43,src/planner.zig,planner.ObservedExtensionSettings,transitive,47,m2-closure-0.1,2026-06-20T14:33:59.793Z
4279,43,src/planner.zig,planner.Plan,transitive,46,m2-closure-0.1,2026-06-20T14:33:59.795Z
4279,43,src/planner.zig,planner.PlanAction,reference,74,m2-closure-0.1,2026-06-20T14:33:59.794Z
4279,43,src/planner.zig,planner.cache_mod,transitive,8,m2-closure-0.1,2026-06-20T14:33:59.793Z
4279,43,src/planner.zig,planner.capabilityMatrixFor,transitive,428,m2-closure-0.1,2026-06-20T14:33:59.795Z
4279,43,src/planner.zig,planner.deriveOwner,transitive,163,m2-closure-0.1,2026-06-20T14:33:59.794Z
4279,43,src/planner.zig,planner.manifest,transitive,8,m2-closure-0.1,2026-06-20T14:33:59.795Z
4279,43,src/planner.zig,planner.op_kind_create,transitive,11,m2-closure-0.1,2026-06-20T14:33:59.791Z
4279,43,src/planner.zig,planner.op_kind_delete,transitive,11,m2-closure-0.1,2026-06-20T14:33:59.795Z
4279,43,src/planner.zig,planner.op_kind_no_op,transitive,11,m2-closure-0.1,2026-06-20T14:33:59.794Z
4279,43,src/planner.zig,planner.op_kind_update,transitive,11,m2-closure-0.1,2026-06-20T14:33:59.791Z
4279,43,src/planner.zig,planner.planExtensionField,transitive,465,m2-closure-0.1,2026-06-20T14:33:59.793Z
4279,43,src/planner.zig,planner.planWithExtensions,reference,1094,m2-closure-0.1,2026-06-20T14:33:59.792Z
4279,43,src/planner.zig,planner.provider_mod,transitive,8,m2-closure-0.1,2026-06-20T14:33:59.795Z
4279,43,src/planner.zig,planner.std,transitive,8,m2-closure-0.1,2026-06-20T14:33:59.793Z
4279,43,src/provider.zig,provider.BranchProtectionRule,reference,57,m2-closure-0.1,2026-06-20T14:33:59.793Z
4279,43,src/provider.zig,provider.BranchProtectionVTable,reference,63,m2-closure-0.1,2026-06-20T14:33:59.793Z
4279,43,src/provider.zig,provider.CapabilityKey,reference,50,m2-closure-0.1,2026-06-20T14:33:59.796Z
4279,43,src/provider.zig,provider.CollaboratorRole,reference,23,m2-closure-0.1,2026-06-20T14:33:59.792Z
4279,43,src/provider.zig,provider.GetBranchProtectionParams,reference,24,m2-closure-0.1,2026-06-20T14:33:59.795Z
4279,43,src/provider.zig,provider.KernelOp,reference,20,m2-closure-0.1,2026-06-20T14:33:59.790Z
4279,43,src/provider.zig,provider.OpKinds.archive_repo,transitive,80,m2-closure-0.1,2026-06-20T14:33:59.794Z
4279,43,src/provider.zig,provider.OpKinds.create_repo,transitive,80,m2-closure-0.1,2026-06-20T14:33:59.795Z
4279,43,src/provider.zig,provider.OpKinds.delete_repo,transitive,80,m2-closure-0.1,2026-06-20T14:33:59.793Z
4279,43,src/provider.zig,provider.OpKinds.list_repos,transitive,80,m2-closure-0.1,2026-06-20T14:33:59.792Z
4279,43,src/provider.zig,provider.OpKinds.push_initial_commit,transitive,80,m2-closure-0.1,2026-06-20T14:33:59.791Z
4279,43,src/provider.zig,provider.OpKinds.set_default_branch,transitive,80,m2-closure-0.1,2026-06-20T14:33:59.795Z
4279,43,src/provider.zig,provider.Provider.matrix,reference,244,m2-closure-0.1,2026-06-20T14:33:59.791Z
4279,43,src/provider.zig,provider.Provider.pushInitialCommit,reference,244,m2-closure-0.1,2026-06-20T14:33:59.795Z
4279,43,src/provider.zig,provider.PushInitialCommitParams,reference,41,m2-closure-0.1,2026-06-20T14:33:59.791Z
4279,43,src/provider.zig,provider.SetBranchProtectionParams,reference,23,m2-closure-0.1,2026-06-20T14:33:59.795Z
4279,43,src/provider/fake.zig,fake.kernel_only_matrix,transitive,130,m2-closure-0.1,2026-06-20T14:33:59.793Z
4279,43,src/query.zig,query.Allocator,transitive,9,m2-closure-0.1,2026-06-20T14:33:59.791Z
4279,43,src/query.zig,query.Io,transitive,7,m2-closure-0.1,2026-06-20T14:33:59.796Z
4279,43,src/query.zig,query.QueryArgs,transitive,52,m2-closure-0.1,2026-06-20T14:33:59.792Z
4279,43,src/query.zig,query.QueryResult,transitive,14,m2-closure-0.1,2026-06-20T14:33:59.793Z
4279,43,src/query.zig,query.cache_mod,transitive,8,m2-closure-0.1,2026-06-20T14:33:59.793Z
4279,43,src/query.zig,query.runQuery,reference,226,m2-closure-0.1,2026-06-20T14:33:59.792Z
4279,43,src/query.zig,query.runQueryWithCache,transitive,882,m2-closure-0.1,2026-06-20T14:33:59.796Z
4279,43,src/query.zig,query.std,transitive,8,m2-closure-0.1,2026-06-20T14:33:59.791Z
4279,43,src/refresh.zig,refresh.Allocator,transitive,9,m2-closure-0.1,2026-06-20T14:33:59.791Z
4279,43,src/refresh.zig,refresh.Io,transitive,7,m2-closure-0.1,2026-06-20T14:33:59.795Z
4279,43,src/refresh.zig,refresh.RefreshArgs,transitive,23,m2-closure-0.1,2026-06-20T14:33:59.792Z
4279,43,src/refresh.zig,refresh.RefreshResult,transitive,14,m2-closure-0.1,2026-06-20T14:33:59.795Z
4279,43,src/refresh.zig,refresh.cache_mod,transitive,8,m2-closure-0.1,2026-06-20T14:33:59.793Z
4279,43,src/refresh.zig,refresh.runRefresh,reference,226,m2-closure-0.1,2026-06-20T14:33:59.794Z
4279,43,src/refresh.zig,refresh.runRefreshWithCache,transitive,1001,m2-closure-0.1,2026-06-20T14:33:59.793Z
4279,43,src/refresh.zig,refresh.std,transitive,8,m2-closure-0.1,2026-06-20T14:33:59.792Z
4279,43,src/rotate_webhooks.zig,rotate_webhooks.Allocator,transitive,9,m2-closure-0.1,2026-06-20T14:33:59.792Z
4279,43,src/rotate_webhooks.zig,rotate_webhooks.Io,transitive,7,m2-closure-0.1,2026-06-20T14:33:59.791Z
4279,43,src/rotate_webhooks.zig,rotate_webhooks.RotateResult,transitive,26,m2-closure-0.1,2026-06-20T14:33:59.796Z
4279,43,src/rotate_webhooks.zig,rotate_webhooks.RotateWebhooksArgs,transitive,54,m2-closure-0.1,2026-06-20T14:33:59.793Z
4279,43,src/rotate_webhooks.zig,rotate_webhooks.cache_mod,transitive,8,m2-closure-0.1,2026-06-20T14:33:59.796Z
4279,43,src/rotate_webhooks.zig,rotate_webhooks.runRotateWebhooks,reference,261,m2-closure-0.1,2026-06-20T14:33:59.793Z
4279,43,src/rotate_webhooks.zig,rotate_webhooks.runRotateWebhooksWithCache,transitive,987,m2-closure-0.1,2026-06-20T14:33:59.793Z
4279,43,src/rotate_webhooks.zig,rotate_webhooks.std,transitive,8,m2-closure-0.1,2026-06-20T14:33:59.795Z
4279,43,src/sshbare/provider.zig,provider.SshBareProvider,reference,891,m2-closure-0.1,2026-06-20T14:33:59.791Z
4279,43,src/status.zig,status.Allocator,transitive,9,m2-closure-0.1,2026-06-20T14:33:59.795Z
4279,43,src/status.zig,status.Io,transitive,7,m2-closure-0.1,2026-06-20T14:33:59.792Z
4279,43,src/status.zig,status.StatusArgs,transitive,23,m2-closure-0.1,2026-06-20T14:33:59.792Z
4279,43,src/status.zig,status.StatusResult,transitive,16,m2-closure-0.1,2026-06-20T14:33:59.793Z
4279,43,src/status.zig,status.cache_mod,transitive,8,m2-closure-0.1,2026-06-20T14:33:59.793Z
4279,43,src/status.zig,status.runStatus,reference,226,m2-closure-0.1,2026-06-20T14:33:59.796Z
4279,43,src/status.zig,status.runStatusWithCache,transitive,724,m2-closure-0.1,2026-06-20T14:33:59.796Z
4279,43,src/status.zig,status.std,transitive,8,m2-closure-0.1,2026-06-20T14:33:59.792Z
4279,43,src/template.zig,template.Allocator,transitive,9,m2-closure-0.1,2026-06-20T14:33:59.791Z
4279,43,src/template.zig,template.CredCallbackPayload,transitive,17,m2-closure-0.1,2026-06-20T14:33:59.793Z
4279,43,src/template.zig,template.Io,transitive,7,m2-closure-0.1,2026-06-20T14:33:59.796Z
4279,43,src/template.zig,template.RenderOpts,transitive,74,m2-closure-0.1,2026-06-20T14:33:59.792Z
4279,43,src/template.zig,template.RenderResult,transitive,101,m2-closure-0.1,2026-06-20T14:33:59.792Z
4279,43,src/template.zig,template.RenderStats,transitive,25,m2-closure-0.1,2026-06-20T14:33:59.796Z
4279,43,src/template.zig,template.TemplateError,transitive,16,m2-closure-0.1,2026-06-20T14:33:59.796Z
4279,43,src/template.zig,template.TemplateRenderer,reference,439,m2-closure-0.1,2026-06-20T14:33:59.796Z
4279,43,src/template.zig,template.TemplateRenderer.allocator,transitive,439,m2-closure-0.1,2026-06-20T14:33:59.794Z
4279,43,src/template.zig,template.TemplateRenderer.libgit2_initialized,transitive,439,m2-closure-0.1,2026-06-20T14:33:59.794Z
4279,43,src/template.zig,template.buildTreeFromGitTree,transitive,203,m2-closure-0.1,2026-06-20T14:33:59.793Z
4279,43,src/template.zig,template.c,transitive,10,m2-closure-0.1,2026-06-20T14:33:59.791Z
4279,43,src/template.zig,template.makeTempDir,transitive,70,m2-closure-0.1,2026-06-20T14:33:59.791Z
4279,43,src/template.zig,template.std,transitive,8,m2-closure-0.1,2026-06-20T14:33:59.796Z
4279,43,vendor/etc-cli/src/cli/cmd.zig,cmd.Cmd,transitive,180,m2-closure-0.1,2026-06-20T14:33:59.791Z
4279,43,vendor/etc-cli/src/cli/validate.zig,validate.cmd_mod,transitive,8,m2-closure-0.1,2026-06-20T14:33:59.795Z
4279,43,vendor/etc-cli/src/cli/validate.zig,validate.validate,reference,32,m2-closure-0.1,2026-06-20T14:33:59.793Z
4279,43,vendor/etc-cli/src/cli/validate.zig,validate.validateNode,transitive,1084,m2-closure-0.1,2026-06-20T14:33:59.795Z
